2026-04-15 22:39:30.331 [main] DEBUG com.alibaba.nacos.client.env.SearchableProperties - properties search order:PROPERTIES->JVM->ENV
2026-04-15 22:39:30.337 [background-preinit] DEBUG org.jboss.logging - Logging Provider: org.jboss.logging.Slf4jLoggerProvider found via system property
2026-04-15 22:39:30.344 [background-preinit] DEBUG o.h.v.internal.xml.config.ValidationXmlParser - Trying to load META-INF/validation.xml for XML based Validator configuration.
2026-04-15 22:39:30.346 [background-preinit] DEBUG o.h.v.internal.xml.config.ResourceLoaderHelper - Trying to load META-INF/validation.xml via TCCL
2026-04-15 22:39:30.346 [background-preinit] DEBUG o.h.v.internal.xml.config.ResourceLoaderHelper - Trying to load META-INF/validation.xml via Hibernate Validator's class loader
2026-04-15 22:39:30.346 [background-preinit] DEBUG o.h.v.internal.xml.config.ValidationXmlParser - No META-INF/validation.xml found. Using annotation based configuration only.
2026-04-15 22:39:30.349 [background-preinit] DEBUG o.h.v.i.engine.resolver.TraversableResolvers - Cannot find jakarta.persistence.Persistence on classpath. Assuming non JPA 2 environment. All properties will per default be traversable.
2026-04-15 22:39:30.373 [background-preinit] DEBUG o.h.v.m.ResourceBundleMessageInterpolator - Loaded expression factory via original TCCL
2026-04-15 22:39:30.435 [main] DEBUG com.example.XSJ.XSJ_H2Application - Running with Spring Boot v3.5.6, Spring v6.2.11
2026-04-15 22:39:30.436 [main] DEBUG org.springframework.boot.SpringApplication - Loading source class com.example.XSJ.XSJ_H2Application
2026-04-15 22:39:30.450 [background-preinit] DEBUG o.h.v.i.engine.ValidatorFactoryConfigurationHelper - HV000252: Using org.hibernate.validator.internal.engine.DefaultPropertyNodeNameProvider as property node name provider.
2026-04-15 22:39:30.454 [background-preinit] DEBUG o.h.v.i.engine.ValidatorFactoryConfigurationHelper - HV000234: Using org.hibernate.validator.messageinterpolation.ResourceBundleMessageInterpolator as ValidatorFactory-scoped message interpolator.
2026-04-15 22:39:30.455 [background-preinit] DEBUG o.h.v.i.engine.ValidatorFactoryConfigurationHelper - HV000234: Using org.hibernate.validator.internal.engine.resolver.TraverseAllTraversableResolver as ValidatorFactory-scoped traversable resolver.
2026-04-15 22:39:30.455 [background-preinit] DEBUG o.h.v.i.engine.ValidatorFactoryConfigurationHelper - HV000234: Using org.hibernate.validator.internal.util.ExecutableParameterNameProvider as ValidatorFactory-scoped parameter name provider.
2026-04-15 22:39:30.455 [background-preinit] DEBUG o.h.v.i.engine.ValidatorFactoryConfigurationHelper - HV000234: Using org.hibernate.validator.internal.engine.DefaultClockProvider as ValidatorFactory-scoped clock provider.
2026-04-15 22:39:30.455 [background-preinit] DEBUG o.h.v.i.engine.ValidatorFactoryConfigurationHelper - HV000234: Using org.hibernate.validator.internal.engine.scripting.DefaultScriptEvaluatorFactory as ValidatorFactory-scoped script evaluator factory.
2026-04-15 22:39:30.464 [main] DEBUG o.s.b.w.s.c.AnnotationConfigServletWebServerApplicationContext - Refreshing org.springframework.boot.web.servlet.context.AnnotationConfigServletWebServerApplicationContext@294bdeb4
2026-04-15 22:39:30.480 [main] DEBUG o.s.b.factory.support.DefaultListableBeanFactory - Creating shared instance of singleton bean 'org.springframework.context.annotation.internalConfigurationAnnotationProcessor'
2026-04-15 22:39:30.495 [main] DEBUG o.s.b.factory.support.DefaultListableBeanFactory - Creating shared instance of singleton bean 'org.springframework.boot.autoconfigure.internalCachingMetadataReaderFactory'
2026-04-15 22:39:30.548 [main] DEBUG o.s.c.annotation.ClassPathBeanDefinitionScanner - Ignored because not a concrete top-level class: file [C:\Users\16790\Desktop\bs\XSj_H2\XSJ_h2\target\classes\com\example\XSJ\Config\AiConfig$qw.class]
2026-04-15 22:39:30.548 [main] DEBUG o.s.c.annotation.ClassPathBeanDefinitionScanner - Identified candidate component class: file [C:\Users\16790\Desktop\bs\XSj_H2\XSJ_h2\target\classes\com\example\XSJ\Config\AiConfig.class]
2026-04-15 22:39:30.550 [main] DEBUG o.s.c.annotation.ClassPathBeanDefinitionScanner - Identified candidate component class: file [C:\Users\16790\Desktop\bs\XSj_H2\XSJ_h2\target\classes\com\example\XSJ\Config\EmailCacheConfig.class]
2026-04-15 22:39:30.551 [main] DEBUG o.s.c.annotation.ClassPathBeanDefinitionScanner - Identified candidate component class: file [C:\Users\16790\Desktop\bs\XSj_H2\XSJ_h2\target\classes\com\example\XSJ\Config\EmailConfig.class]
2026-04-15 22:39:30.551 [main] DEBUG o.s.c.annotation.ClassPathBeanDefinitionScanner - Identified candidate component class: file [C:\Users\16790\Desktop\bs\XSj_H2\XSJ_h2\target\classes\com\example\XSJ\Config\RestTemplateConfig.class]
2026-04-15 22:39:30.552 [main] DEBUG o.s.c.annotation.ClassPathBeanDefinitionScanner - Identified candidate component class: file [C:\Users\16790\Desktop\bs\XSj_H2\XSJ_h2\target\classes\com\example\XSJ\Config\WebConfig.class]
2026-04-15 22:39:30.553 [main] DEBUG o.s.c.annotation.ClassPathBeanDefinitionScanner - Identified candidate component class: file [C:\Users\16790\Desktop\bs\XSj_H2\XSJ_h2\target\classes\com\example\XSJ\Config\WebSocketConfig.class]
2026-04-15 22:39:30.560 [main] DEBUG o.s.c.annotation.ClassPathBeanDefinitionScanner - Identified candidate component class: file [C:\Users\16790\Desktop\bs\XSj_H2\XSJ_h2\target\classes\com\example\XSJ\Controller\Ai\AiController.class]
2026-04-15 22:39:30.561 [main] DEBUG o.s.c.annotation.ClassPathBeanDefinitionScanner - Identified candidate component class: file [C:\Users\16790\Desktop\bs\XSj_H2\XSJ_h2\target\classes\com\example\XSJ\Controller\Ai\AIDialogue.class]
2026-04-15 22:39:30.561 [main] DEBUG o.s.c.annotation.ClassPathBeanDefinitionScanner - Identified candidate component class: file [C:\Users\16790\Desktop\bs\XSj_H2\XSJ_h2\target\classes\com\example\XSJ\Controller\ceshi_controller.class]
2026-04-15 22:39:30.561 [main] DEBUG o.s.c.annotation.ClassPathBeanDefinitionScanner - Identified candidate component class: file [C:\Users\16790\Desktop\bs\XSj_H2\XSJ_h2\target\classes\com\example\XSJ\Controller\Manager\Manager\Ai.class]
2026-04-15 22:39:30.562 [main] DEBUG o.s.c.annotation.ClassPathBeanDefinitionScanner - Identified candidate component class: file [C:\Users\16790\Desktop\bs\XSj_H2\XSJ_h2\target\classes\com\example\XSJ\Controller\Manager\Manager\Manager.class]
2026-04-15 22:39:30.563 [main] DEBUG o.s.c.annotation.ClassPathBeanDefinitionScanner - Identified candidate component class: file [C:\Users\16790\Desktop\bs\XSj_H2\XSJ_h2\target\classes\com\example\XSJ\Controller\Manager\Manager\ManagerComment.class]
2026-04-15 22:39:30.563 [main] DEBUG o.s.c.annotation.ClassPathBeanDefinitionScanner - Identified candidate component class: file [C:\Users\16790\Desktop\bs\XSj_H2\XSJ_h2\target\classes\com\example\XSJ\Controller\Manager\Manager\ManagerVideo.class]
2026-04-15 22:39:30.564 [main] DEBUG o.s.c.annotation.ClassPathBeanDefinitionScanner - Identified candidate component class: file [C:\Users\16790\Desktop\bs\XSj_H2\XSJ_h2\target\classes\com\example\XSJ\Controller\Manager\System\Resources.class]
2026-04-15 22:39:30.565 [main] DEBUG o.s.c.annotation.ClassPathBeanDefinitionScanner - Identified candidate component class: file [C:\Users\16790\Desktop\bs\XSj_H2\XSJ_h2\target\classes\com\example\XSJ\Controller\UserChat\UserChat.class]
2026-04-15 22:39:30.569 [main] DEBUG o.s.c.annotation.ClassPathBeanDefinitionScanner - Identified candidate component class: file [C:\Users\16790\Desktop\bs\XSj_H2\XSJ_h2\target\classes\com\example\XSJ\Controller\UserChat\WebSocketServer.class]
2026-04-15 22:39:30.570 [main] DEBUG o.s.c.annotation.ClassPathBeanDefinitionScanner - Identified candidate component class: file [C:\Users\16790\Desktop\bs\XSj_H2\XSJ_h2\target\classes\com\example\XSJ\Controller\UserInterestSchedule.class]
2026-04-15 22:39:30.571 [main] DEBUG o.s.c.annotation.ClassPathBeanDefinitionScanner - Identified candidate component class: file [C:\Users\16790\Desktop\bs\XSj_H2\XSJ_h2\target\classes\com\example\XSJ\Controller\User\Email.class]
2026-04-15 22:39:30.572 [main] DEBUG o.s.c.annotation.ClassPathBeanDefinitionScanner - Identified candidate component class: file [C:\Users\16790\Desktop\bs\XSj_H2\XSJ_h2\target\classes\com\example\XSJ\Controller\User\User.class]
2026-04-15 22:39:30.572 [main] DEBUG o.s.c.annotation.ClassPathBeanDefinitionScanner - Identified candidate component class: file [C:\Users\16790\Desktop\bs\XSj_H2\XSJ_h2\target\classes\com\example\XSJ\Controller\VideoScoreCalculateTask.class]
2026-04-15 22:39:30.573 [main] DEBUG o.s.c.annotation.ClassPathBeanDefinitionScanner - Identified candidate component class: file [C:\Users\16790\Desktop\bs\XSj_H2\XSJ_h2\target\classes\com\example\XSJ\Controller\Video\UserVideo.class]
2026-04-15 22:39:30.574 [main] DEBUG o.s.c.annotation.ClassPathBeanDefinitionScanner - Identified candidate component class: file [C:\Users\16790\Desktop\bs\XSj_H2\XSJ_h2\target\classes\com\example\XSJ\Controller\Video\VideoController.class]
2026-04-15 22:39:30.618 [main] DEBUG o.s.c.annotation.ClassPathBeanDefinitionScanner - Identified candidate component class: file [C:\Users\16790\Desktop\bs\XSj_H2\XSJ_h2\target\classes\com\example\XSJ\service\Ai\AiChatService.class]
2026-04-15 22:39:30.619 [main] DEBUG o.s.c.annotation.ClassPathBeanDefinitionScanner - Identified candidate component class: file [C:\Users\16790\Desktop\bs\XSj_H2\XSJ_h2\target\classes\com\example\XSJ\service\Ai\AiService.class]
2026-04-15 22:39:30.620 [main] DEBUG o.s.c.annotation.ClassPathBeanDefinitionScanner - Identified candidate component class: file [C:\Users\16790\Desktop\bs\XSj_H2\XSJ_h2\target\classes\com\example\XSJ\service\Manager\Manager\ManagerAiService.class]
2026-04-15 22:39:30.620 [main] DEBUG o.s.c.annotation.ClassPathBeanDefinitionScanner - Identified candidate component class: file [C:\Users\16790\Desktop\bs\XSj_H2\XSJ_h2\target\classes\com\example\XSJ\service\Manager\Manager\ManagerMapperService.class]
2026-04-15 22:39:30.621 [main] DEBUG o.s.c.annotation.ClassPathBeanDefinitionScanner - Identified candidate component class: file [C:\Users\16790\Desktop\bs\XSj_H2\XSJ_h2\target\classes\com\example\XSJ\service\Manager\Manager\ManagerService.class]
2026-04-15 22:39:30.621 [main] DEBUG o.s.c.annotation.ClassPathBeanDefinitionScanner - Identified candidate component class: file [C:\Users\16790\Desktop\bs\XSj_H2\XSJ_h2\target\classes\com\example\XSJ\service\Manager\Manager\ManagerVideoService.class]
2026-04-15 22:39:30.621 [main] DEBUG o.s.c.annotation.ClassPathBeanDefinitionScanner - Identified candidate component class: file [C:\Users\16790\Desktop\bs\XSj_H2\XSJ_h2\target\classes\com\example\XSJ\service\Manager\System\HomeResourcesService.class]
2026-04-15 22:39:30.622 [main] DEBUG o.s.c.annotation.ClassPathBeanDefinitionScanner - Identified candidate component class: file [C:\Users\16790\Desktop\bs\XSj_H2\XSJ_h2\target\classes\com\example\XSJ\service\UserChat\UserChatService.class]
2026-04-15 22:39:30.623 [main] DEBUG o.s.c.annotation.ClassPathBeanDefinitionScanner - Identified candidate component class: file [C:\Users\16790\Desktop\bs\XSj_H2\XSJ_h2\target\classes\com\example\XSJ\service\User\EmailUserService.class]
2026-04-15 22:39:30.623 [main] DEBUG o.s.c.annotation.ClassPathBeanDefinitionScanner - Identified candidate component class: file [C:\Users\16790\Desktop\bs\XSj_H2\XSJ_h2\target\classes\com\example\XSJ\service\User\UserHistoryService.class]
2026-04-15 22:39:30.623 [main] DEBUG o.s.c.annotation.ClassPathBeanDefinitionScanner - Identified candidate component class: file [C:\Users\16790\Desktop\bs\XSj_H2\XSJ_h2\target\classes\com\example\XSJ\service\User\UserService.class]
2026-04-15 22:39:30.624 [main] DEBUG o.s.c.annotation.ClassPathBeanDefinitionScanner - Identified candidate component class: file [C:\Users\16790\Desktop\bs\XSj_H2\XSJ_h2\target\classes\com\example\XSJ\service\Video\VideoService.class]
2026-04-15 22:39:30.624 [main] DEBUG o.s.c.annotation.ClassPathBeanDefinitionScanner - Identified candidate component class: file [C:\Users\16790\Desktop\bs\XSj_H2\XSJ_h2\target\classes\com\example\XSJ\utils\AliOssUtil.class]
2026-04-15 22:39:30.624 [main] DEBUG o.s.c.annotation.ClassPathBeanDefinitionScanner - Identified candidate component class: file [C:\Users\16790\Desktop\bs\XSj_H2\XSJ_h2\target\classes\com\example\XSJ\utils\AliVideoUtil.class]
2026-04-15 22:39:30.624 [main] DEBUG o.s.c.annotation.ClassPathBeanDefinitionScanner - Identified candidate component class: file [C:\Users\16790\Desktop\bs\XSj_H2\XSJ_h2\target\classes\com\example\XSJ\utils\EmailVerifyUtils.class]
2026-04-15 22:39:30.626 [main] DEBUG o.s.c.annotation.ClassPathBeanDefinitionScanner - Identified candidate component class: file [C:\Users\16790\Desktop\bs\XSj_H2\XSJ_h2\target\classes\com\example\XSJ\utils\LoginInterceptor.class]
2026-04-15 22:39:30.627 [main] DEBUG o.s.c.annotation.ClassPathBeanDefinitionScanner - Identified candidate component class: file [C:\Users\16790\Desktop\bs\XSj_H2\XSJ_h2\target\classes\com\example\XSJ\utils\SpringContextUtil.class]
2026-04-15 22:39:30.627 [main] DEBUG o.s.c.annotation.ClassPathBeanDefinitionScanner - Identified candidate component class: file [C:\Users\16790\Desktop\bs\XSj_H2\XSJ_h2\target\classes\com\example\XSJ\utils\VideoTranscodeUtil.class]
2026-04-15 22:39:30.627 [main] DEBUG o.s.c.annotation.ClassPathBeanDefinitionScanner - Identified candidate component class: file [C:\Users\16790\Desktop\bs\XSj_H2\XSJ_h2\target\classes\com\example\XSJ\utils\Video\VideoGet.class]
2026-04-15 22:39:31.288 [main] DEBUG o.s.b.factory.support.DefaultListableBeanFactory - Creating shared instance of singleton bean 'org.springframework.boot.autoconfigure.AutoConfigurationPackages'
2026-04-15 22:39:31.295 [main] DEBUG o.s.boot.autoconfigure.AutoConfigurationPackages - @EnableAutoConfiguration was declared on a class in the package 'com.example.XSJ'. Automatic @Repository and @Entity scanning is enabled.
2026-04-15 22:39:31.296 [main] DEBUG o.m.s.boot.autoconfigure.MybatisAutoConfiguration - Searching for mappers annotated with @Mapper
2026-04-15 22:39:31.296 [main] DEBUG o.m.s.boot.autoconfigure.MybatisAutoConfiguration - Using auto-configuration base package 'com.example.XSJ'
2026-04-15 22:39:31.476 [main] DEBUG o.s.d.r.config.RepositoryConfigurationDelegate - Scanning for MongoDB repositories in packages com.example.XSJ.
2026-04-15 22:39:31.537 [main] DEBUG o.s.b.factory.support.DefaultListableBeanFactory - Creating shared instance of singleton bean 'org.mybatis.spring.mapper.MapperScannerConfigurer'
2026-04-15 22:39:31.538 [main] DEBUG o.s.b.factory.support.DefaultListableBeanFactory - Creating shared instance of singleton bean 'propertySourcesPlaceholderConfigurer'
2026-04-15 22:39:31.544 [main] DEBUG org.apache.ibatis.logging.LogFactory - Logging initialized using 'class org.apache.ibatis.logging.slf4j.Slf4jImpl' adapter.
2026-04-15 22:39:31.554 [main] DEBUG org.mybatis.spring.mapper.ClassPathMapperScanner - Identified candidate component class: file [C:\Users\16790\Desktop\bs\XSj_H2\XSJ_h2\target\classes\com\example\XSJ\Mapper\Ai\AiConfigMapper.class]
2026-04-15 22:39:31.554 [main] DEBUG org.mybatis.spring.mapper.ClassPathMapperScanner - Identified candidate component class: file [C:\Users\16790\Desktop\bs\XSj_H2\XSJ_h2\target\classes\com\example\XSJ\Mapper\Ai\AiMapper.class]
2026-04-15 22:39:31.554 [main] DEBUG org.mybatis.spring.mapper.ClassPathMapperScanner - Identified candidate component class: file [C:\Users\16790\Desktop\bs\XSj_H2\XSJ_h2\target\classes\com\example\XSJ\Mapper\System\HomeResourseMapper.class]
2026-04-15 22:39:31.554 [main] DEBUG org.mybatis.spring.mapper.ClassPathMapperScanner - Identified candidate component class: file [C:\Users\16790\Desktop\bs\XSj_H2\XSJ_h2\target\classes\com\example\XSJ\Mapper\System\ManagerAiMapper.class]
2026-04-15 22:39:31.554 [main] DEBUG org.mybatis.spring.mapper.ClassPathMapperScanner - Identified candidate component class: file [C:\Users\16790\Desktop\bs\XSj_H2\XSJ_h2\target\classes\com\example\XSJ\Mapper\System\ManagerCommentMapper.class]
2026-04-15 22:39:31.554 [main] DEBUG org.mybatis.spring.mapper.ClassPathMapperScanner - Identified candidate component class: file [C:\Users\16790\Desktop\bs\XSj_H2\XSJ_h2\target\classes\com\example\XSJ\Mapper\System\ManagerMapper.class]
2026-04-15 22:39:31.554 [main] DEBUG org.mybatis.spring.mapper.ClassPathMapperScanner - Identified candidate component class: file [C:\Users\16790\Desktop\bs\XSj_H2\XSJ_h2\target\classes\com\example\XSJ\Mapper\System\ManagerVideoMapper.class]
2026-04-15 22:39:31.554 [main] DEBUG org.mybatis.spring.mapper.ClassPathMapperScanner - Identified candidate component class: file [C:\Users\16790\Desktop\bs\XSj_H2\XSJ_h2\target\classes\com\example\XSJ\Mapper\UserChat\ChatSessionMapper.class]
2026-04-15 22:39:31.554 [main] DEBUG org.mybatis.spring.mapper.ClassPathMapperScanner - Identified candidate component class: file [C:\Users\16790\Desktop\bs\XSj_H2\XSJ_h2\target\classes\com\example\XSJ\Mapper\UserChat\UserChatMapper.class]
2026-04-15 22:39:31.554 [main] DEBUG org.mybatis.spring.mapper.ClassPathMapperScanner - Identified candidate component class: file [C:\Users\16790\Desktop\bs\XSj_H2\XSJ_h2\target\classes\com\example\XSJ\Mapper\UserMapper\EmailUserMapper.class]
2026-04-15 22:39:31.554 [main] DEBUG org.mybatis.spring.mapper.ClassPathMapperScanner - Identified candidate component class: file [C:\Users\16790\Desktop\bs\XSj_H2\XSJ_h2\target\classes\com\example\XSJ\Mapper\UserMapper\UserHistoryServiceMapper.class]
2026-04-15 22:39:31.554 [main] DEBUG org.mybatis.spring.mapper.ClassPathMapperScanner - Identified candidate component class: file [C:\Users\16790\Desktop\bs\XSj_H2\XSJ_h2\target\classes\com\example\XSJ\Mapper\UserMapper\UserMapper.class]
2026-04-15 22:39:31.554 [main] DEBUG org.mybatis.spring.mapper.ClassPathMapperScanner - Identified candidate component class: file [C:\Users\16790\Desktop\bs\XSj_H2\XSJ_h2\target\classes\com\example\XSJ\Mapper\VideoMapper\VideoMapper.class]
2026-04-15 22:39:31.556 [main] DEBUG org.mybatis.spring.mapper.ClassPathMapperScanner - Creating MapperFactoryBean with name 'aiConfigMapper' and 'com.example.XSJ.Mapper.Ai.AiConfigMapper' mapperInterface
2026-04-15 22:39:31.557 [main] DEBUG org.mybatis.spring.mapper.ClassPathMapperScanner - Creating MapperFactoryBean with name 'aiMapper' and 'com.example.XSJ.Mapper.Ai.AiMapper' mapperInterface
2026-04-15 22:39:31.558 [main] DEBUG org.mybatis.spring.mapper.ClassPathMapperScanner - Creating MapperFactoryBean with name 'homeResourseMapper' and 'com.example.XSJ.Mapper.System.HomeResourseMapper' mapperInterface
2026-04-15 22:39:31.558 [main] DEBUG org.mybatis.spring.mapper.ClassPathMapperScanner - Creating MapperFactoryBean with name 'managerAiMapper' and 'com.example.XSJ.Mapper.System.ManagerAiMapper' mapperInterface
2026-04-15 22:39:31.559 [main] DEBUG org.mybatis.spring.mapper.ClassPathMapperScanner - Creating MapperFactoryBean with name 'managerCommentMapper' and 'com.example.XSJ.Mapper.System.ManagerCommentMapper' mapperInterface
2026-04-15 22:39:31.559 [main] DEBUG org.mybatis.spring.mapper.ClassPathMapperScanner - Creating MapperFactoryBean with name 'managerMapper' and 'com.example.XSJ.Mapper.System.ManagerMapper' mapperInterface
2026-04-15 22:39:31.560 [main] DEBUG org.mybatis.spring.mapper.ClassPathMapperScanner - Creating MapperFactoryBean with name 'managerVideoMapper' and 'com.example.XSJ.Mapper.System.ManagerVideoMapper' mapperInterface
2026-04-15 22:39:31.560 [main] DEBUG org.mybatis.spring.mapper.ClassPathMapperScanner - Creating MapperFactoryBean with name 'chatSessionMapper' and 'com.example.XSJ.Mapper.UserChat.ChatSessionMapper' mapperInterface
2026-04-15 22:39:31.561 [main] DEBUG org.mybatis.spring.mapper.ClassPathMapperScanner - Creating MapperFactoryBean with name 'userChatMapper' and 'com.example.XSJ.Mapper.UserChat.UserChatMapper' mapperInterface
2026-04-15 22:39:31.561 [main] DEBUG org.mybatis.spring.mapper.ClassPathMapperScanner - Creating MapperFactoryBean with name 'emailUserMapper' and 'com.example.XSJ.Mapper.UserMapper.EmailUserMapper' mapperInterface
2026-04-15 22:39:31.561 [main] DEBUG org.mybatis.spring.mapper.ClassPathMapperScanner - Creating MapperFactoryBean with name 'userHistoryServiceMapper' and 'com.example.XSJ.Mapper.UserMapper.UserHistoryServiceMapper' mapperInterface
2026-04-15 22:39:31.562 [main] DEBUG org.mybatis.spring.mapper.ClassPathMapperScanner - Creating MapperFactoryBean with name 'userMapper' and 'com.example.XSJ.Mapper.UserMapper.UserMapper' mapperInterface
2026-04-15 22:39:31.562 [main] DEBUG org.mybatis.spring.mapper.ClassPathMapperScanner - Creating MapperFactoryBean with name 'videoMapper' and 'com.example.XSJ.Mapper.VideoMapper.VideoMapper' mapperInterface
2026-04-15 22:39:31.654 [main] DEBUG o.s.b.factory.support.DefaultListableBeanFactory - Creating shared instance of singleton bean 'org.springframework.boot.sql.init.dependency.DatabaseInitializationDependencyConfigurer$DependsOnDatabaseInitializationPostProcessor'
2026-04-15 22:39:31.704 [main] DEBUG o.s.b.factory.support.DefaultListableBeanFactory - Creating shared instance of singleton bean 'org.springframework.context.event.internalEventListenerProcessor'
2026-04-15 22:39:31.706 [main] DEBUG o.s.b.factory.support.DefaultListableBeanFactory - Creating shared instance of singleton bean 'bootstrapExecutorAliasPostProcessor'
2026-04-15 22:39:31.707 [main] DEBUG o.s.b.factory.support.DefaultListableBeanFactory - Creating shared instance of singleton bean 'preserveErrorControllerTargetClassPostProcessor'
2026-04-15 22:39:31.707 [main] DEBUG o.s.b.factory.support.DefaultListableBeanFactory - Creating shared instance of singleton bean 'cn.hutool.extra.spring.SpringUtil'
2026-04-15 22:39:31.708 [main] DEBUG o.s.b.factory.support.DefaultListableBeanFactory - Creating shared instance of singleton bean 'forceAutoProxyCreatorToUseClassProxying'
2026-04-15 22:39:31.708 [main] DEBUG o.s.b.factory.support.DefaultListableBeanFactory - Creating shared instance of singleton bean 'org.springframework.context.event.internalEventListenerFactory'
2026-04-15 22:39:31.708 [main] DEBUG o.s.b.factory.support.DefaultListableBeanFactory - Creating shared instance of singleton bean 'org.springframework.transaction.config.internalTransactionalEventListenerFactory'
2026-04-15 22:39:31.711 [main] DEBUG o.s.b.factory.support.DefaultListableBeanFactory - Creating shared instance of singleton bean 'org.springframework.context.annotation.internalAutowiredAnnotationProcessor'
2026-04-15 22:39:31.712 [main] DEBUG o.s.b.factory.support.DefaultListableBeanFactory - Creating shared instance of singleton bean 'org.springframework.context.annotation.internalCommonAnnotationProcessor'
2026-04-15 22:39:31.716 [main] DEBUG o.s.b.factory.support.DefaultListableBeanFactory - Creating shared instance of singleton bean 'org.springframework.boot.context.properties.ConfigurationPropertiesBindingPostProcessor'
2026-04-15 22:39:31.716 [main] DEBUG o.s.b.factory.support.DefaultListableBeanFactory - Creating shared instance of singleton bean 'org.springframework.boot.context.internalConfigurationPropertiesBinder'
2026-04-15 22:39:31.718 [main] DEBUG o.s.b.factory.support.DefaultListableBeanFactory - Creating shared instance of singleton bean 'nacosAnnotationProcessor'
2026-04-15 22:39:31.718 [main] DEBUG o.s.b.factory.support.DefaultListableBeanFactory - Creating shared instance of singleton bean 'com.alibaba.cloud.nacos.NacosConfigAutoConfiguration'
2026-04-15 22:39:31.723 [main] DEBUG o.s.b.factory.support.DefaultListableBeanFactory - Creating shared instance of singleton bean 'nacosConfigManager'
2026-04-15 22:39:31.725 [main] DEBUG o.s.b.factory.support.DefaultListableBeanFactory - Creating shared instance of singleton bean 'nacosConfigProperties'
2026-04-15 22:39:31.726 [main] DEBUG o.s.b.factory.support.DefaultListableBeanFactory - Autowiring by type from bean name 'nacosConfigProperties' via factory method to bean named 'org.springframework.boot.web.servlet.context.AnnotationConfigServletWebServerApplicationContext@294bdeb4'
2026-04-15 22:39:31.728 [main] DEBUG o.s.b.factory.support.DefaultListableBeanFactory - Autowiring by type from bean name 'nacosConfigManager' via factory method to bean named 'nacosConfigProperties'
2026-04-15 22:39:31.812 [main] DEBUG o.s.b.factory.support.DefaultListableBeanFactory - Creating shared instance of singleton bean 'jdbcConnectionDetailsHikariBeanPostProcessor'
2026-04-15 22:39:31.814 [main] DEBUG o.s.b.factory.support.DefaultListableBeanFactory - Creating shared instance of singleton bean 'org.springframework.aop.config.internalAutoProxyCreator'
2026-04-15 22:39:31.823 [main] DEBUG o.s.b.factory.support.DefaultListableBeanFactory - Creating shared instance of singleton bean 'org.springframework.context.annotation.internalScheduledAnnotationProcessor'
2026-04-15 22:39:31.823 [main] DEBUG o.s.b.factory.support.DefaultListableBeanFactory - Creating shared instance of singleton bean 'org.springframework.scheduling.annotation.SchedulingConfiguration'
2026-04-15 22:39:31.829 [main] DEBUG o.s.b.factory.support.DefaultListableBeanFactory - Creating shared instance of singleton bean 'methodValidationPostProcessor'
2026-04-15 22:39:31.830 [main] DEBUG o.s.b.factory.support.DefaultListableBeanFactory - Autowiring by type from bean name 'methodValidationPostProcessor' via factory method to bean named 'environment'
2026-04-15 22:39:31.831 [main] DEBUG o.s.b.factory.support.DefaultListableBeanFactory - Creating shared instance of singleton bean 'org.springframework.boot.context.properties.EnableConfigurationPropertiesRegistrar.methodValidationExcludeFilter'
2026-04-15 22:39:31.844 [main] DEBUG o.s.b.factory.support.DefaultListableBeanFactory - Creating shared instance of singleton bean 'persistenceExceptionTranslationPostProcessor'
2026-04-15 22:39:31.845 [main] DEBUG o.s.b.factory.support.DefaultListableBeanFactory - Autowiring by type from bean name 'persistenceExceptionTranslationPostProcessor' via factory method to bean named 'environment'
2026-04-15 22:39:31.847 [main] DEBUG o.s.b.factory.support.DefaultListableBeanFactory - Creating shared instance of singleton bean 'webServerFactoryCustomizerBeanPostProcessor'
2026-04-15 22:39:31.847 [main] DEBUG o.s.b.factory.support.DefaultListableBeanFactory - Creating shared instance of singleton bean 'errorPageRegistrarBeanPostProcessor'
2026-04-15 22:39:31.847 [main] DEBUG o.s.b.factory.support.DefaultListableBeanFactory - Creating shared instance of singleton bean 'meterRegistryPostProcessor'
2026-04-15 22:39:31.848 [main] DEBUG o.s.b.factory.support.DefaultListableBeanFactory - Autowiring by type from bean name 'meterRegistryPostProcessor' via factory method to bean named 'org.springframework.boot.web.servlet.context.AnnotationConfigServletWebServerApplicationContext@294bdeb4'
2026-04-15 22:39:31.850 [main] DEBUG o.s.b.factory.support.DefaultListableBeanFactory - Creating shared instance of singleton bean 'org.springframework.cache.config.internalCacheAdvisor'
2026-04-15 22:39:31.850 [main] DEBUG o.s.b.factory.support.DefaultListableBeanFactory - Creating shared instance of singleton bean 'org.springframework.cache.annotation.ProxyCachingConfiguration'
2026-04-15 22:39:31.854 [main] DEBUG o.s.b.factory.support.DefaultListableBeanFactory - Creating shared instance of singleton bean 'org.springframework.transaction.config.internalTransactionAdvisor'
2026-04-15 22:39:31.855 [main] DEBUG o.s.b.factory.support.DefaultListableBeanFactory - Creating shared instance of singleton bean 'org.springframework.transaction.annotation.ProxyTransactionManagementConfiguration'
2026-04-15 22:39:31.859 [main] DEBUG o.s.b.factory.support.DefaultListableBeanFactory - Creating shared instance of singleton bean 'transactionAttributeSource'
2026-04-15 22:39:31.863 [main] DEBUG o.s.b.factory.support.DefaultListableBeanFactory - Creating shared instance of singleton bean 'transactionInterceptor'
2026-04-15 22:39:31.863 [main] DEBUG o.s.b.factory.support.DefaultListableBeanFactory - Autowiring by type from bean name 'transactionInterceptor' via factory method to bean named 'transactionAttributeSource'
2026-04-15 22:39:31.975 [main] DEBUG o.s.b.factory.support.DefaultListableBeanFactory - Autowiring by type from bean name 'org.springframework.transaction.config.internalTransactionAdvisor' via factory method to bean named 'transactionAttributeSource'
2026-04-15 22:39:31.975 [main] DEBUG o.s.b.factory.support.DefaultListableBeanFactory - Autowiring by type from bean name 'org.springframework.transaction.config.internalTransactionAdvisor' via factory method to bean named 'transactionInterceptor'
2026-04-15 22:39:31.978 [main] DEBUG o.s.b.factory.support.DefaultListableBeanFactory - Creating shared instance of singleton bean 'cacheOperationSource'
2026-04-15 22:39:31.984 [main] DEBUG o.s.b.factory.support.DefaultListableBeanFactory - Creating shared instance of singleton bean 'cacheInterceptor'
2026-04-15 22:39:31.984 [main] DEBUG o.s.b.factory.support.DefaultListableBeanFactory - Autowiring by type from bean name 'cacheInterceptor' via factory method to bean named 'cacheOperationSource'
2026-04-15 22:39:31.990 [main] DEBUG o.s.b.factory.support.DefaultListableBeanFactory - Autowiring by type from bean name 'org.springframework.cache.config.internalCacheAdvisor' via factory method to bean named 'cacheOperationSource'
2026-04-15 22:39:31.990 [main] DEBUG o.s.b.factory.support.DefaultListableBeanFactory - Autowiring by type from bean name 'org.springframework.cache.config.internalCacheAdvisor' via factory method to bean named 'cacheInterceptor'
2026-04-15 22:39:31.992 [main] DEBUG o.s.b.factory.support.DefaultListableBeanFactory - Creating shared instance of singleton bean 'observationRegistryPostProcessor'
2026-04-15 22:39:31.994 [main] DEBUG o.s.b.factory.support.DefaultListableBeanFactory - Creating shared instance of singleton bean 'healthEndpointGroupsBeanPostProcessor'
2026-04-15 22:39:31.995 [main] DEBUG o.s.b.factory.support.DefaultListableBeanFactory - Creating shared instance of singleton bean 'metricsRepositoryMethodInvocationListenerBeanPostProcessor'
2026-04-15 22:39:31.997 [main] DEBUG o.s.b.factory.support.DefaultListableBeanFactory - Creating shared instance of singleton bean 'projectingArgumentResolverBeanPostProcessor'
2026-04-15 22:39:32.022 [main] DEBUG o.s.ui.context.support.UiApplicationContextUtils - Unable to locate ThemeSource with name 'themeSource': using default [org.springframework.ui.context.support.ResourceBundleThemeSource@4005e485]
2026-04-15 22:39:32.022 [main] DEBUG o.s.b.factory.support.DefaultListableBeanFactory - Creating shared instance of singleton bean 'tomcatServletWebServerFactory'
2026-04-15 22:39:32.022 [main] DEBUG o.s.b.factory.support.DefaultListableBeanFactory - Creating shared instance of singleton bean 'org.springframework.boot.autoconfigure.web.servlet.ServletWebServerFactoryConfiguration$EmbeddedTomcat'
2026-04-15 22:39:32.045 [main] DEBUG o.s.b.factory.support.DefaultListableBeanFactory - Creating shared instance of singleton bean 'websocketServletWebServerCustomizer'
2026-04-15 22:39:32.045 [main] DEBUG o.s.b.factory.support.DefaultListableBeanFactory - Creating shared instance of singleton bean 'org.springframework.boot.autoconfigure.websocket.servlet.WebSocketServletAutoConfiguration$TomcatWebSocketConfiguration'
2026-04-15 22:39:32.046 [main] DEBUG o.s.b.factory.support.DefaultListableBeanFactory - Creating shared instance of singleton bean 'servletWebServerFactoryCustomizer'
2026-04-15 22:39:32.046 [main] DEBUG o.s.b.factory.support.DefaultListableBeanFactory - Creating shared instance of singleton bean 'org.springframework.boot.autoconfigure.web.servlet.ServletWebServerFactoryAutoConfiguration'
2026-04-15 22:39:32.047 [main] DEBUG o.s.b.factory.support.DefaultListableBeanFactory - Creating shared instance of singleton bean 'server-org.springframework.boot.autoconfigure.web.ServerProperties'
2026-04-15 22:39:32.054 [main] DEBUG o.s.b.factory.support.DefaultListableBeanFactory - Creating shared instance of singleton bean 'org.springframework.boot.context.properties.BoundConfigurationProperties'
2026-04-15 22:39:32.062 [main] DEBUG o.s.b.factory.support.DefaultListableBeanFactory - Autowiring by type from bean name 'servletWebServerFactoryCustomizer' via factory method to bean named 'server-org.springframework.boot.autoconfigure.web.ServerProperties'
2026-04-15 22:39:32.064 [main] DEBUG o.s.b.factory.support.DefaultListableBeanFactory - Creating shared instance of singleton bean 'sslBundleRegistry'
2026-04-15 22:39:32.064 [main] DEBUG o.s.b.factory.support.DefaultListableBeanFactory - Creating shared instance of singleton bean 'org.springframework.boot.autoconfigure.ssl.SslAutoConfiguration'
2026-04-15 22:39:32.065 [main] DEBUG o.s.b.factory.support.DefaultListableBeanFactory - Creating shared instance of singleton bean 'spring.ssl-org.springframework.boot.autoconfigure.ssl.SslProperties'
2026-04-15 22:39:32.066 [main] DEBUG o.s.b.factory.support.DefaultListableBeanFactory - Autowiring by type from bean name 'org.springframework.boot.autoconfigure.ssl.SslAutoConfiguration' via constructor to bean named 'org.springframework.boot.web.servlet.context.AnnotationConfigServletWebServerApplicationContext@294bdeb4'
2026-04-15 22:39:32.066 [main] DEBUG o.s.b.factory.support.DefaultListableBeanFactory - Autowiring by type from bean name 'org.springframework.boot.autoconfigure.ssl.SslAutoConfiguration' via constructor to bean named 'spring.ssl-org.springframework.boot.autoconfigure.ssl.SslProperties'
2026-04-15 22:39:32.068 [main] DEBUG o.s.b.factory.support.DefaultListableBeanFactory - Creating shared instance of singleton bean 'sslPropertiesSslBundleRegistrar'
2026-04-15 22:39:32.068 [main] DEBUG o.s.b.factory.support.DefaultListableBeanFactory - Creating shared instance of singleton bean 'fileWatcher'
2026-04-15 22:39:32.069 [main] DEBUG o.s.b.factory.support.DefaultListableBeanFactory - Autowiring by type from bean name 'sslPropertiesSslBundleRegistrar' via factory method to bean named 'fileWatcher'
2026-04-15 22:39:32.075 [main] DEBUG o.s.b.factory.support.DefaultListableBeanFactory - Creating shared instance of singleton bean 'tomcatServletWebServerFactoryCustomizer'
2026-04-15 22:39:32.076 [main] DEBUG o.s.b.factory.support.DefaultListableBeanFactory - Autowiring by type from bean name 'tomcatServletWebServerFactoryCustomizer' via factory method to bean named 'server-org.springframework.boot.autoconfigure.web.ServerProperties'
2026-04-15 22:39:32.076 [main] DEBUG o.s.b.factory.support.DefaultListableBeanFactory - Creating shared instance of singleton bean 'nettyWebServerFactoryCustomizer'
2026-04-15 22:39:32.077 [main] DEBUG o.s.b.factory.support.DefaultListableBeanFactory - Creating shared instance of singleton bean 'org.springframework.boot.autoconfigure.web.embedded.EmbeddedWebServerFactoryCustomizerAutoConfiguration$NettyWebServerFactoryCustomizerConfiguration'
2026-04-15 22:39:32.077 [main] DEBUG o.s.b.factory.support.DefaultListableBeanFactory - Autowiring by type from bean name 'nettyWebServerFactoryCustomizer' via factory method to bean named 'environment'
2026-04-15 22:39:32.077 [main] DEBUG o.s.b.factory.support.DefaultListableBeanFactory - Autowiring by type from bean name 'nettyWebServerFactoryCustomizer' via factory method to bean named 'server-org.springframework.boot.autoconfigure.web.ServerProperties'
2026-04-15 22:39:32.080 [main] DEBUG o.s.b.factory.support.DefaultListableBeanFactory - Creating shared instance of singleton bean 'tomcatWebServerFactoryCustomizer'
2026-04-15 22:39:32.081 [main] DEBUG o.s.b.factory.support.DefaultListableBeanFactory - Creating shared instance of singleton bean 'org.springframework.boot.autoconfigure.web.embedded.EmbeddedWebServerFactoryCustomizerAutoConfiguration$TomcatWebServerFactoryCustomizerConfiguration'
2026-04-15 22:39:32.081 [main] DEBUG o.s.b.factory.support.DefaultListableBeanFactory - Autowiring by type from bean name 'tomcatWebServerFactoryCustomizer' via factory method to bean named 'environment'
2026-04-15 22:39:32.081 [main] DEBUG o.s.b.factory.support.DefaultListableBeanFactory - Autowiring by type from bean name 'tomcatWebServerFactoryCustomizer' via factory method to bean named 'server-org.springframework.boot.autoconfigure.web.ServerProperties'
2026-04-15 22:39:32.083 [main] DEBUG o.s.b.factory.support.DefaultListableBeanFactory - Creating shared instance of singleton bean 'localeCharsetMappingsCustomizer'
2026-04-15 22:39:32.083 [main] DEBUG o.s.b.factory.support.DefaultListableBeanFactory - Creating shared instance of singleton bean 'org.springframework.boot.autoconfigure.web.servlet.HttpEncodingAutoConfiguration'
2026-04-15 22:39:32.084 [main] DEBUG o.s.b.factory.support.DefaultListableBeanFactory - Autowiring by type from bean name 'org.springframework.boot.autoconfigure.web.servlet.HttpEncodingAutoConfiguration' via constructor to bean named 'server-org.springframework.boot.autoconfigure.web.ServerProperties'
2026-04-15 22:39:32.110 [main] DEBUG o.s.b.factory.support.DefaultListableBeanFactory - Creating shared instance of singleton bean 'errorPageCustomizer'
2026-04-15 22:39:32.111 [main] DEBUG o.s.b.factory.support.DefaultListableBeanFactory - Creating shared instance of singleton bean 'org.springframework.boot.autoconfigure.web.servlet.error.ErrorMvcAutoConfiguration'
2026-04-15 22:39:32.111 [main] DEBUG o.s.b.factory.support.DefaultListableBeanFactory - Autowiring by type from bean name 'org.springframework.boot.autoconfigure.web.servlet.error.ErrorMvcAutoConfiguration' via constructor to bean named 'server-org.springframework.boot.autoconfigure.web.ServerProperties'
2026-04-15 22:39:32.112 [main] DEBUG o.s.b.factory.support.DefaultListableBeanFactory - Creating shared instance of singleton bean 'dispatcherServletRegistration'
2026-04-15 22:39:32.112 [main] DEBUG o.s.b.factory.support.DefaultListableBeanFactory - Creating shared instance of singleton bean 'org.springframework.boot.autoconfigure.web.servlet.DispatcherServletAutoConfiguration$DispatcherServletRegistrationConfiguration'
2026-04-15 22:39:32.113 [main] DEBUG o.s.b.factory.support.DefaultListableBeanFactory - Creating shared instance of singleton bean 'dispatcherServlet'
2026-04-15 22:39:32.113 [main] DEBUG o.s.b.factory.support.DefaultListableBeanFactory - Creating shared instance of singleton bean 'org.springframework.boot.autoconfigure.web.servlet.DispatcherServletAutoConfiguration$DispatcherServletConfiguration'
2026-04-15 22:39:32.114 [main] DEBUG o.s.b.factory.support.DefaultListableBeanFactory - Creating shared instance of singleton bean 'spring.mvc-org.springframework.boot.autoconfigure.web.servlet.WebMvcProperties'
2026-04-15 22:39:32.116 [main] DEBUG o.s.b.factory.support.DefaultListableBeanFactory - Autowiring by type from bean name 'dispatcherServlet' via factory method to bean named 'spring.mvc-org.springframework.boot.autoconfigure.web.servlet.WebMvcProperties'
2026-04-15 22:39:32.128 [main] DEBUG o.s.b.factory.support.DefaultListableBeanFactory - Autowiring by type from bean name 'dispatcherServletRegistration' via factory method to bean named 'dispatcherServlet'
2026-04-15 22:39:32.128 [main] DEBUG o.s.b.factory.support.DefaultListableBeanFactory - Autowiring by type from bean name 'dispatcherServletRegistration' via factory method to bean named 'spring.mvc-org.springframework.boot.autoconfigure.web.servlet.WebMvcProperties'
2026-04-15 22:39:32.129 [main] DEBUG o.s.b.factory.support.DefaultListableBeanFactory - Creating shared instance of singleton bean 'multipartConfigElement'
2026-04-15 22:39:32.130 [main] DEBUG o.s.b.factory.support.DefaultListableBeanFactory - Creating shared instance of singleton bean 'org.springframework.boot.autoconfigure.web.servlet.MultipartAutoConfiguration'
2026-04-15 22:39:32.130 [main] DEBUG o.s.b.factory.support.DefaultListableBeanFactory - Creating shared instance of singleton bean 'spring.servlet.multipart-org.springframework.boot.autoconfigure.web.servlet.MultipartProperties'
2026-04-15 22:39:32.132 [main] DEBUG o.s.b.factory.support.DefaultListableBeanFactory - Autowiring by type from bean name 'org.springframework.boot.autoconfigure.web.servlet.MultipartAutoConfiguration' via constructor to bean named 'spring.servlet.multipart-org.springframework.boot.autoconfigure.web.servlet.MultipartProperties'
2026-04-15 22:39:32.135 [main] DEBUG o.s.b.factory.support.DefaultListableBeanFactory - Autowiring by type from bean name 'errorPageCustomizer' via factory method to bean named 'dispatcherServletRegistration'
2026-04-15 22:39:32.239 [main] DEBUG o.s.b.w.e.tomcat.TomcatServletWebServerFactory - Code archive: C:\Users\16790\.m2\repository\org\springframework\boot\spring-boot\3.5.6\spring-boot-3.5.6.jar
2026-04-15 22:39:32.240 [main] DEBUG o.s.b.w.e.tomcat.TomcatServletWebServerFactory - Code archive: C:\Users\16790\.m2\repository\org\springframework\boot\spring-boot\3.5.6\spring-boot-3.5.6.jar
2026-04-15 22:39:32.240 [main] DEBUG o.s.b.w.e.tomcat.TomcatServletWebServerFactory - None of the document roots [src/main/webapp, public, static] point to a directory and will be ignored.
2026-04-15 22:39:32.362 [main] DEBUG o.s.b.w.s.c.ServletWebServerApplicationContext - Published root WebApplicationContext as ServletContext attribute with name [org.springframework.web.context.WebApplicationContext.ROOT]
2026-04-15 22:39:32.364 [main] DEBUG o.s.b.factory.support.DefaultListableBeanFactory - Creating shared instance of singleton bean 'webMvcObservationFilter'
2026-04-15 22:39:32.365 [main] DEBUG o.s.b.factory.support.DefaultListableBeanFactory - Creating shared instance of singleton bean 'org.springframework.boot.actuate.autoconfigure.observation.web.servlet.WebMvcObservationAutoConfiguration'
2026-04-15 22:39:32.366 [main] DEBUG o.s.b.factory.support.DefaultListableBeanFactory - Creating shared instance of singleton bean 'observationRegistry'
2026-04-15 22:39:32.366 [main] DEBUG o.s.b.factory.support.DefaultListableBeanFactory - Creating shared instance of singleton bean 'org.springframework.boot.actuate.autoconfigure.observation.ObservationAutoConfiguration'
2026-04-15 22:39:32.370 [main] DEBUG o.s.b.factory.support.DefaultListableBeanFactory - Creating shared instance of singleton bean 'propertiesObservationFilter'
2026-04-15 22:39:32.370 [main] DEBUG o.s.b.factory.support.DefaultListableBeanFactory - Creating shared instance of singleton bean 'management.observations-org.springframework.boot.actuate.autoconfigure.observation.ObservationProperties'
2026-04-15 22:39:32.373 [main] DEBUG o.s.b.factory.support.DefaultListableBeanFactory - Autowiring by type from bean name 'propertiesObservationFilter' via factory method to bean named 'management.observations-org.springframework.boot.actuate.autoconfigure.observation.ObservationProperties'
2026-04-15 22:39:32.377 [main] DEBUG o.s.b.factory.support.DefaultListableBeanFactory - Creating shared instance of singleton bean 'metricsObservationHandlerGrouping'
2026-04-15 22:39:32.377 [main] DEBUG o.s.b.factory.support.DefaultListableBeanFactory - Creating shared instance of singleton bean 'org.springframework.boot.actuate.autoconfigure.observation.ObservationAutoConfiguration$OnlyMetricsConfiguration'
2026-04-15 22:39:32.378 [main] DEBUG o.s.b.factory.support.DefaultListableBeanFactory - Creating shared instance of singleton bean 'defaultMeterObservationHandler'
2026-04-15 22:39:32.378 [main] DEBUG o.s.b.factory.support.DefaultListableBeanFactory - Creating shared instance of singleton bean 'org.springframework.boot.actuate.autoconfigure.observation.ObservationAutoConfiguration$MeterObservationHandlerConfiguration$OnlyMetricsMeterObservationHandlerConfiguration'
2026-04-15 22:39:32.379 [main] DEBUG o.s.b.factory.support.DefaultListableBeanFactory - Creating shared instance of singleton bean 'simpleMeterRegistry'
2026-04-15 22:39:32.379 [main] DEBUG o.s.b.factory.support.DefaultListableBeanFactory - Creating shared instance of singleton bean 'org.springframework.boot.actuate.autoconfigure.metrics.export.simple.SimpleMetricsExportAutoConfiguration'
2026-04-15 22:39:32.379 [main] DEBUG o.s.b.factory.support.DefaultListableBeanFactory - Creating shared instance of singleton bean 'simpleConfig'
2026-04-15 22:39:32.379 [main] DEBUG o.s.b.factory.support.DefaultListableBeanFactory - Creating shared instance of singleton bean 'management.simple.metrics.export-org.springframework.boot.actuate.autoconfigure.metrics.export.simple.SimpleProperties'
2026-04-15 22:39:32.380 [main] DEBUG o.s.b.factory.support.DefaultListableBeanFactory - Autowiring by type from bean name 'simpleConfig' via factory method to bean named 'management.simple.metrics.export-org.springframework.boot.actuate.autoconfigure.metrics.export.simple.SimpleProperties'
2026-04-15 22:39:32.384 [main] DEBUG o.s.b.factory.support.DefaultListableBeanFactory - Creating shared instance of singleton bean 'micrometerClock'
2026-04-15 22:39:32.384 [main] DEBUG o.s.b.factory.support.DefaultListableBeanFactory - Creating shared instance of singleton bean 'org.springframework.boot.actuate.autoconfigure.metrics.MetricsAutoConfiguration'
2026-04-15 22:39:32.385 [main] DEBUG o.s.b.factory.support.DefaultListableBeanFactory - Autowiring by type from bean name 'simpleMeterRegistry' via factory method to bean named 'simpleConfig'
2026-04-15 22:39:32.385 [main] DEBUG o.s.b.factory.support.DefaultListableBeanFactory - Autowiring by type from bean name 'simpleMeterRegistry' via factory method to bean named 'micrometerClock'
2026-04-15 22:39:32.391 [main] DEBUG i.m.c.util.internal.logging.InternalLoggerFactory - Using SLF4J as the default logging framework
2026-04-15 22:39:32.405 [main] DEBUG o.s.b.factory.support.DefaultListableBeanFactory - Creating shared instance of singleton bean 'propertiesMeterFilter'
2026-04-15 22:39:32.405 [main] DEBUG o.s.b.factory.support.DefaultListableBeanFactory - Creating shared instance of singleton bean 'management.metrics-org.springframework.boot.actuate.autoconfigure.metrics.MetricsProperties'
2026-04-15 22:39:32.408 [main] DEBUG o.s.b.factory.support.DefaultListableBeanFactory - Autowiring by type from bean name 'propertiesMeterFilter' via factory method to bean named 'management.metrics-org.springframework.boot.actuate.autoconfigure.metrics.MetricsProperties'
2026-04-15 22:39:32.409 [main] DEBUG o.s.b.factory.support.DefaultListableBeanFactory - Creating shared instance of singleton bean 'metricsHttpClientUriTagFilter'
2026-04-15 22:39:32.409 [main] DEBUG o.s.b.factory.support.DefaultListableBeanFactory - Creating shared instance of singleton bean 'org.springframework.boot.actuate.autoconfigure.observation.web.client.HttpClientObservationsAutoConfiguration$MeterFilterConfiguration'
2026-04-15 22:39:32.410 [main] DEBUG o.s.b.factory.support.DefaultListableBeanFactory - Autowiring by type from bean name 'metricsHttpClientUriTagFilter' via factory method to bean named 'management.observations-org.springframework.boot.actuate.autoconfigure.observation.ObservationProperties'
2026-04-15 22:39:32.410 [main] DEBUG o.s.b.factory.support.DefaultListableBeanFactory - Autowiring by type from bean name 'metricsHttpClientUriTagFilter' via factory method to bean named 'management.metrics-org.springframework.boot.actuate.autoconfigure.metrics.MetricsProperties'
2026-04-15 22:39:32.412 [main] DEBUG o.s.b.factory.support.DefaultListableBeanFactory - Creating shared instance of singleton bean 'metricsHttpServerUriTagFilter'
2026-04-15 22:39:32.412 [main] DEBUG o.s.b.factory.support.DefaultListableBeanFactory - Creating shared instance of singleton bean 'org.springframework.boot.actuate.autoconfigure.observation.web.servlet.WebMvcObservationAutoConfiguration$MeterFilterConfiguration'
2026-04-15 22:39:32.413 [main] DEBUG o.s.b.factory.support.DefaultListableBeanFactory - Autowiring by type from bean name 'metricsHttpServerUriTagFilter' via factory method to bean named 'management.observations-org.springframework.boot.actuate.autoconfigure.observation.ObservationProperties'
2026-04-15 22:39:32.413 [main] DEBUG o.s.b.factory.support.DefaultListableBeanFactory - Autowiring by type from bean name 'metricsHttpServerUriTagFilter' via factory method to bean named 'management.metrics-org.springframework.boot.actuate.autoconfigure.metrics.MetricsProperties'
2026-04-15 22:39:32.418 [main] DEBUG o.s.b.factory.support.DefaultListableBeanFactory - Autowiring by type from bean name 'defaultMeterObservationHandler' via factory method to bean named 'simpleMeterRegistry'
2026-04-15 22:39:32.418 [main] DEBUG o.s.b.factory.support.DefaultListableBeanFactory - Autowiring by type from bean name 'defaultMeterObservationHandler' via factory method to bean named 'management.observations-org.springframework.boot.actuate.autoconfigure.observation.ObservationProperties'
2026-04-15 22:39:32.422 [main] DEBUG o.s.b.factory.support.DefaultListableBeanFactory - Creating shared instance of singleton bean 'chatModelMeterObservationHandler'
2026-04-15 22:39:32.422 [main] DEBUG o.s.b.factory.support.DefaultListableBeanFactory - Creating shared instance of singleton bean 'org.springframework.ai.autoconfigure.chat.observation.ChatObservationAutoConfiguration'
2026-04-15 22:39:32.424 [main] DEBUG o.s.b.factory.support.DefaultListableBeanFactory - Creating shared instance of singleton bean 'embeddingModelMeterObservationHandler'
2026-04-15 22:39:32.424 [main] DEBUG o.s.b.factory.support.DefaultListableBeanFactory - Creating shared instance of singleton bean 'org.springframework.ai.autoconfigure.embedding.observation.EmbeddingObservationAutoConfiguration'
2026-04-15 22:39:32.428 [main] DEBUG o.s.b.factory.support.DefaultListableBeanFactory - Autowiring by type from bean name 'webMvcObservationFilter' via factory method to bean named 'observationRegistry'
2026-04-15 22:39:32.428 [main] DEBUG o.s.b.factory.support.DefaultListableBeanFactory - Autowiring by type from bean name 'webMvcObservationFilter' via factory method to bean named 'management.observations-org.springframework.boot.actuate.autoconfigure.observation.ObservationProperties'
2026-04-15 22:39:32.435 [main] DEBUG o.s.b.factory.support.DefaultListableBeanFactory - Creating shared instance of singleton bean 'servletEndpointRegistrar'
2026-04-15 22:39:32.435 [main] DEBUG o.s.b.factory.support.DefaultListableBeanFactory - Creating shared instance of singleton bean 'org.springframework.boot.actuate.autoconfigure.endpoint.web.ServletEndpointManagementContextConfiguration$WebMvcServletEndpointManagementContextConfiguration'
2026-04-15 22:39:32.436 [main] DEBUG o.s.b.factory.support.DefaultListableBeanFactory - Creating shared instance of singleton bean 'management.endpoints.web-org.springframework.boot.actuate.autoconfigure.endpoint.web.WebEndpointProperties'
2026-04-15 22:39:32.437 [main] DEBUG o.s.b.factory.support.DefaultListableBeanFactory - Creating shared instance of singleton bean 'servletEndpointDiscoverer'
2026-04-15 22:39:32.437 [main] DEBUG o.s.b.factory.support.DefaultListableBeanFactory - Creating shared instance of singleton bean 'org.springframework.boot.actuate.autoconfigure.endpoint.web.WebEndpointAutoConfiguration$WebEndpointServletConfiguration'
2026-04-15 22:39:32.438 [main] DEBUG o.s.b.factory.support.DefaultListableBeanFactory - Autowiring by type from bean name 'servletEndpointDiscoverer' via factory method to bean named 'org.springframework.boot.web.servlet.context.AnnotationConfigServletWebServerApplicationContext@294bdeb4'
2026-04-15 22:39:32.439 [main] DEBUG o.s.b.factory.support.DefaultListableBeanFactory - Creating shared instance of singleton bean 'webEndpointPathMapper'
2026-04-15 22:39:32.439 [main] DEBUG o.s.b.factory.support.DefaultListableBeanFactory - Creating shared instance of singleton bean 'org.springframework.boot.actuate.autoconfigure.endpoint.web.WebEndpointAutoConfiguration'
2026-04-15 22:39:32.440 [main] DEBUG o.s.b.factory.support.DefaultListableBeanFactory - Autowiring by type from bean name 'org.springframework.boot.actuate.autoconfigure.endpoint.web.WebEndpointAutoConfiguration' via constructor to bean named 'org.springframework.boot.web.servlet.context.AnnotationConfigServletWebServerApplicationContext@294bdeb4'
2026-04-15 22:39:32.440 [main] DEBUG o.s.b.factory.support.DefaultListableBeanFactory - Autowiring by type from bean name 'org.springframework.boot.actuate.autoconfigure.endpoint.web.WebEndpointAutoConfiguration' via constructor to bean named 'management.endpoints.web-org.springframework.boot.actuate.autoconfigure.endpoint.web.WebEndpointProperties'
2026-04-15 22:39:32.442 [main] DEBUG o.s.b.factory.support.DefaultListableBeanFactory - Creating shared instance of singleton bean 'servletExposeExcludePropertyEndpointFilter'
2026-04-15 22:39:32.442 [main] DEBUG o.s.b.factory.support.DefaultListableBeanFactory - Creating shared instance of singleton bean 'org.springframework.boot.actuate.autoconfigure.endpoint.web.ServletEndpointManagementContextConfiguration'
2026-04-15 22:39:32.442 [main] DEBUG o.s.b.factory.support.DefaultListableBeanFactory - Autowiring by type from bean name 'servletExposeExcludePropertyEndpointFilter' via factory method to bean named 'management.endpoints.web-org.springframework.boot.actuate.autoconfigure.endpoint.web.WebEndpointProperties'
2026-04-15 22:39:32.447 [main] DEBUG o.s.b.factory.support.DefaultListableBeanFactory - Creating shared instance of singleton bean 'propertiesEndpointAccessResolver'
2026-04-15 22:39:32.447 [main] DEBUG o.s.b.factory.support.DefaultListableBeanFactory - Creating shared instance of singleton bean 'org.springframework.boot.actuate.autoconfigure.endpoint.EndpointAutoConfiguration'
2026-04-15 22:39:32.448 [main] DEBUG o.s.b.factory.support.DefaultListableBeanFactory - Autowiring by type from bean name 'propertiesEndpointAccessResolver' via factory method to bean named 'environment'
2026-04-15 22:39:32.448 [main] DEBUG o.s.b.factory.support.DefaultListableBeanFactory - Autowiring by type from bean name 'servletEndpointRegistrar' via factory method to bean named 'management.endpoints.web-org.springframework.boot.actuate.autoconfigure.endpoint.web.WebEndpointProperties'
2026-04-15 22:39:32.448 [main] DEBUG o.s.b.factory.support.DefaultListableBeanFactory - Autowiring by type from bean name 'servletEndpointRegistrar' via factory method to bean named 'servletEndpointDiscoverer'
2026-04-15 22:39:32.448 [main] DEBUG o.s.b.factory.support.DefaultListableBeanFactory - Autowiring by type from bean name 'servletEndpointRegistrar' via factory method to bean named 'dispatcherServletRegistration'
2026-04-15 22:39:32.448 [main] DEBUG o.s.b.factory.support.DefaultListableBeanFactory - Autowiring by type from bean name 'servletEndpointRegistrar' via factory method to bean named 'propertiesEndpointAccessResolver'
2026-04-15 22:39:32.459 [main] DEBUG o.s.b.factory.support.DefaultListableBeanFactory - Creating shared instance of singleton bean 'requestContextFilter'
2026-04-15 22:39:32.461 [main] DEBUG o.s.b.factory.support.DefaultListableBeanFactory - Creating shared instance of singleton bean 'formContentFilter'
2026-04-15 22:39:32.461 [main] DEBUG o.s.b.factory.support.DefaultListableBeanFactory - Creating shared instance of singleton bean 'org.springframework.boot.autoconfigure.web.servlet.WebMvcAutoConfiguration'
2026-04-15 22:39:32.464 [main] DEBUG o.s.b.factory.support.DefaultListableBeanFactory - Creating shared instance of singleton bean 'characterEncodingFilter'
2026-04-15 22:39:32.470 [main] DEBUG o.s.b.web.servlet.ServletContextInitializerBeans - Mapping filters: webMvcObservationFilter urls=[/*] order=-2147483647, characterEncodingFilter urls=[/*] order=-2147483648, formContentFilter urls=[/*] order=-9900, requestContextFilter urls=[/*] order=-105
2026-04-15 22:39:32.470 [main] DEBUG o.s.b.web.servlet.ServletContextInitializerBeans - Mapping servlets: dispatcherServlet urls=[/]
2026-04-15 22:39:32.505 [main] DEBUG o.s.b.w.servlet.filter.OrderedRequestContextFilter - Filter 'requestContextFilter' configured for use
2026-04-15 22:39:32.509 [main] DEBUG o.s.web.filter.ServerHttpObservationFilter - Filter 'webMvcObservationFilter' configured for use
2026-04-15 22:39:32.509 [main] DEBUG o.s.b.w.s.filter.OrderedCharacterEncodingFilter - Filter 'characterEncodingFilter' configured for use
2026-04-15 22:39:32.509 [main] DEBUG o.s.b.web.servlet.filter.OrderedFormContentFilter - Filter 'formContentFilter' configured for use
2026-04-15 22:39:32.519 [main] DEBUG o.s.b.factory.support.DefaultListableBeanFactory - Creating shared instance of singleton bean 'applicationTaskExecutor'
2026-04-15 22:39:32.519 [main] DEBUG o.s.b.factory.support.DefaultListableBeanFactory - Creating shared instance of singleton bean 'org.springframework.boot.autoconfigure.task.TaskExecutorConfigurations$TaskExecutorConfiguration'
2026-04-15 22:39:32.520 [main] DEBUG o.s.b.factory.support.DefaultListableBeanFactory - Creating shared instance of singleton bean 'threadPoolTaskExecutorBuilder'
2026-04-15 22:39:32.520 [main] DEBUG o.s.b.factory.support.DefaultListableBeanFactory - Creating shared instance of singleton bean 'org.springframework.boot.autoconfigure.task.TaskExecutorConfigurations$ThreadPoolTaskExecutorBuilderConfiguration'
2026-04-15 22:39:32.521 [main] DEBUG o.s.b.factory.support.DefaultListableBeanFactory - Creating shared instance of singleton bean 'spring.task.execution-org.springframework.boot.autoconfigure.task.TaskExecutionProperties'
2026-04-15 22:39:32.522 [main] DEBUG o.s.b.factory.support.DefaultListableBeanFactory - Autowiring by type from bean name 'threadPoolTaskExecutorBuilder' via factory method to bean named 'spring.task.execution-org.springframework.boot.autoconfigure.task.TaskExecutionProperties'
2026-04-15 22:39:32.524 [main] DEBUG o.s.b.factory.support.DefaultListableBeanFactory - Autowiring by type from bean name 'applicationTaskExecutor' via factory method to bean named 'threadPoolTaskExecutorBuilder'
2026-04-15 22:39:32.530 [main] DEBUG o.s.scheduling.concurrent.ThreadPoolTaskExecutor - Initializing ExecutorService 'applicationTaskExecutor'
2026-04-15 22:39:32.536 [main] DEBUG o.s.b.factory.support.DefaultListableBeanFactory - Creating shared instance of singleton bean 'XSJ_H2Application'
2026-04-15 22:39:32.536 [main] DEBUG o.s.b.factory.support.DefaultListableBeanFactory - Creating shared instance of singleton bean 'aiConfig'
2026-04-15 22:39:32.537 [main] DEBUG o.s.b.factory.support.DefaultListableBeanFactory - Creating shared instance of singleton bean 'emailCacheConfig'
2026-04-15 22:39:32.537 [main] DEBUG o.s.b.factory.support.DefaultListableBeanFactory - Creating shared instance of singleton bean 'emailConfig'
2026-04-15 22:39:32.539 [main] DEBUG o.s.core.env.PropertySourcesPropertyResolver - Found key 'email.sender.username' in PropertySource 'environmentProperties' with value of type String
2026-04-15 22:39:32.541 [main] DEBUG o.s.core.env.PropertySourcesPropertyResolver - Found key 'email.sender.auth-code' in PropertySource 'environmentProperties' with value of type String
2026-04-15 22:39:32.541 [main] DEBUG o.s.core.env.PropertySourcesPropertyResolver - Found key 'email.smtp.host' in PropertySource 'environmentProperties' with value of type String
2026-04-15 22:39:32.541 [main] DEBUG o.s.core.env.PropertySourcesPropertyResolver - Found key 'email.smtp.port' in PropertySource 'environmentProperties' with value of type String
2026-04-15 22:39:32.541 [main] DEBUG o.s.core.env.PropertySourcesPropertyResolver - Found key 'email.smtp.ssl' in PropertySource 'environmentProperties' with value of type String
2026-04-15 22:39:32.542 [main] DEBUG o.s.b.factory.support.DefaultListableBeanFactory - Creating shared instance of singleton bean 'restTemplateConfig'
2026-04-15 22:39:32.542 [main] DEBUG o.s.b.factory.support.DefaultListableBeanFactory - Creating shared instance of singleton bean 'webConfig'
2026-04-15 22:39:32.543 [main] DEBUG o.s.b.factory.support.DefaultListableBeanFactory - Creating shared instance of singleton bean 'loginInterceptor'
2026-04-15 22:39:32.544 [main] DEBUG o.s.b.factory.support.DefaultListableBeanFactory - Creating shared instance of singleton bean 'webSocketConfig'
2026-04-15 22:39:32.544 [main] DEBUG o.s.b.factory.support.DefaultListableBeanFactory - Creating shared instance of singleton bean 'aiController'
2026-04-15 22:39:32.548 [main] DEBUG o.s.b.factory.support.DefaultListableBeanFactory - Creating shared instance of singleton bean 'aiChatService'
2026-04-15 22:39:32.585 [main] DEBUG i.n.util.internal.logging.InternalLoggerFactory - Using SLF4J as the default logging framework
2026-04-15 22:39:32.587 [main] DEBUG io.netty.util.internal.PlatformDependent0 - Java version: 17
2026-04-15 22:39:32.587 [main] DEBUG io.netty.util.internal.PlatformDependent0 - -Dio.netty.noUnsafe: false
2026-04-15 22:39:32.587 [main] DEBUG io.netty.util.internal.PlatformDependent0 - Thread.isVirtual() is not available: 
2026-04-15 22:39:32.587 [main] DEBUG io.netty.util.internal.PlatformDependent0 - java.lang.BaseVirtualThread is not available: 
2026-04-15 22:39:32.589 [main] DEBUG io.netty.util.internal.PlatformDependent0 - sun.misc.Unsafe.theUnsafe: available
2026-04-15 22:39:32.589 [main] DEBUG io.netty.util.internal.PlatformDependent0 - sun.misc.Unsafe base methods: all available
2026-04-15 22:39:32.590 [main] DEBUG io.netty.util.internal.PlatformDependent0 - sun.misc.Unsafe.storeFence: available
2026-04-15 22:39:32.590 [main] DEBUG io.netty.util.internal.PlatformDependent0 - java.nio.Buffer.address: available
2026-04-15 22:39:32.591 [main] DEBUG io.netty.util.internal.PlatformDependent0 - direct buffer constructor: unavailable: Reflective setAccessible(true) disabled
2026-04-15 22:39:32.591 [main] DEBUG io.netty.util.internal.PlatformDependent0 - java.nio.Bits.unaligned: available, true
2026-04-15 22:39:32.592 [main] DEBUG io.netty.util.internal.PlatformDependent0 - jdk.internal.misc.Unsafe.allocateUninitializedArray(int): unavailable: class io.netty.util.internal.PlatformDependent0$7 cannot access class jdk.internal.misc.Unsafe (in module java.base) because module java.base does not export jdk.internal.misc to unnamed module @7d9d1a19
2026-04-15 22:39:32.594 [main] DEBUG io.netty.util.internal.PlatformDependent0 - java.nio.DirectByteBuffer.<init>(long, {int,long}): unavailable
2026-04-15 22:39:32.594 [main] DEBUG io.netty.util.internal.PlatformDependent - sun.misc.Unsafe: available
2026-04-15 22:39:32.594 [main] DEBUG io.netty.util.internal.PlatformDependent - -Dio.netty.tmpdir: C:\Users\16790\AppData\Local\Temp (java.io.tmpdir)
2026-04-15 22:39:32.594 [main] DEBUG io.netty.util.internal.PlatformDependent - -Dio.netty.bitMode: 64 (sun.arch.data.model)
2026-04-15 22:39:32.594 [main] DEBUG io.netty.util.internal.PlatformDependent - Platform: Windows
2026-04-15 22:39:32.595 [main] DEBUG io.netty.util.internal.PlatformDependent - -Dio.netty.maxDirectMemory: -1 bytes
2026-04-15 22:39:32.595 [main] DEBUG io.netty.util.internal.PlatformDependent - -Dio.netty.uninitializedArrayAllocationThreshold: -1
2026-04-15 22:39:32.596 [main] DEBUG io.netty.util.internal.CleanerJava9 - java.nio.ByteBuffer.cleaner(): available
2026-04-15 22:39:32.596 [main] DEBUG io.netty.util.internal.PlatformDependent - -Dio.netty.noPreferDirect: false
2026-04-15 22:39:32.631 [main] DEBUG io.netty.util.internal.InternalThreadLocalMap - -Dio.netty.threadLocalMap.stringBuilder.initialSize: 1024
2026-04-15 22:39:32.631 [main] DEBUG io.netty.util.internal.InternalThreadLocalMap - -Dio.netty.threadLocalMap.stringBuilder.maxSize: 4096
2026-04-15 22:39:32.658 [main] DEBUG io.netty.util.ResourceLeakDetector - -Dio.netty.leakDetection.level: simple
2026-04-15 22:39:32.658 [main] DEBUG io.netty.util.ResourceLeakDetector - -Dio.netty.leakDetection.targetRecords: 4
2026-04-15 22:39:32.683 [main] DEBUG io.netty.handler.codec.compression.Brotli - brotli4j not in the classpath; Brotli support will be unavailable.
2026-04-15 22:39:32.768 [main] DEBUG o.s.b.factory.support.DefaultListableBeanFactory - Creating shared instance of singleton bean 'aiConfigMapper'
2026-04-15 22:39:32.770 [main] DEBUG o.s.b.factory.support.DefaultListableBeanFactory - Creating shared instance of singleton bean 'dataSourceScriptDatabaseInitializer'
2026-04-15 22:39:32.770 [main] DEBUG o.s.b.factory.support.DefaultListableBeanFactory - Creating shared instance of singleton bean 'org.springframework.boot.autoconfigure.sql.init.DataSourceInitializationConfiguration'
2026-04-15 22:39:32.770 [main] DEBUG o.s.b.factory.support.DefaultListableBeanFactory - Creating shared instance of singleton bean 'dataSource'
2026-04-15 22:39:32.770 [main] DEBUG o.s.b.factory.support.DefaultListableBeanFactory - Creating shared instance of singleton bean 'org.springframework.boot.autoconfigure.jdbc.DataSourceConfiguration$Hikari'
2026-04-15 22:39:32.772 [main] DEBUG o.s.b.factory.support.DefaultListableBeanFactory - Creating shared instance of singleton bean 'spring.datasource-org.springframework.boot.autoconfigure.jdbc.DataSourceProperties'
2026-04-15 22:39:32.777 [main] DEBUG o.s.b.factory.support.DefaultListableBeanFactory - Creating shared instance of singleton bean 'jdbcConnectionDetails'
2026-04-15 22:39:32.777 [main] DEBUG o.s.b.factory.support.DefaultListableBeanFactory - Creating shared instance of singleton bean 'org.springframework.boot.autoconfigure.jdbc.DataSourceAutoConfiguration$PooledDataSourceConfiguration'
2026-04-15 22:39:32.778 [main] DEBUG o.s.b.factory.support.DefaultListableBeanFactory - Autowiring by type from bean name 'jdbcConnectionDetails' via factory method to bean named 'spring.datasource-org.springframework.boot.autoconfigure.jdbc.DataSourceProperties'
2026-04-15 22:39:32.778 [main] DEBUG o.s.b.factory.support.DefaultListableBeanFactory - Autowiring by type from bean name 'dataSource' via factory method to bean named 'spring.datasource-org.springframework.boot.autoconfigure.jdbc.DataSourceProperties'
2026-04-15 22:39:32.778 [main] DEBUG o.s.b.factory.support.DefaultListableBeanFactory - Autowiring by type from bean name 'dataSource' via factory method to bean named 'jdbcConnectionDetails'
2026-04-15 22:39:32.778 [main] DEBUG o.s.b.factory.support.DefaultListableBeanFactory - Autowiring by type from bean name 'dataSource' via factory method to bean named 'environment'
2026-04-15 22:39:32.782 [main] DEBUG com.zaxxer.hikari.HikariConfig - Class com.mysql.cj.jdbc.Driver found in Thread context class loader jdk.internal.loader.ClassLoaders$AppClassLoader@5e481248
2026-04-15 22:39:32.797 [main] DEBUG o.s.b.factory.support.DefaultListableBeanFactory - Creating shared instance of singleton bean 'spring.sql.init-org.springframework.boot.autoconfigure.sql.init.SqlInitializationProperties'
2026-04-15 22:39:32.798 [main] DEBUG o.s.b.factory.support.DefaultListableBeanFactory - Autowiring by type from bean name 'dataSourceScriptDatabaseInitializer' via factory method to bean named 'dataSource'
2026-04-15 22:39:32.798 [main] DEBUG o.s.b.factory.support.DefaultListableBeanFactory - Autowiring by type from bean name 'dataSourceScriptDatabaseInitializer' via factory method to bean named 'spring.sql.init-org.springframework.boot.autoconfigure.sql.init.SqlInitializationProperties'
2026-04-15 22:39:32.802 [main] DEBUG o.s.b.factory.support.DefaultListableBeanFactory - Creating shared instance of singleton bean 'sqlSessionTemplate'
2026-04-15 22:39:32.803 [main] DEBUG o.s.b.factory.support.DefaultListableBeanFactory - Creating shared instance of singleton bean 'org.mybatis.spring.boot.autoconfigure.MybatisAutoConfiguration'
2026-04-15 22:39:32.804 [main] DEBUG o.s.b.factory.support.DefaultListableBeanFactory - Creating shared instance of singleton bean 'mybatis-org.mybatis.spring.boot.autoconfigure.MybatisProperties'
2026-04-15 22:39:32.809 [main] DEBUG o.s.b.factory.support.DefaultListableBeanFactory - Autowiring by type from bean name 'org.mybatis.spring.boot.autoconfigure.MybatisAutoConfiguration' via constructor to bean named 'mybatis-org.mybatis.spring.boot.autoconfigure.MybatisProperties'
2026-04-15 22:39:32.810 [main] DEBUG o.s.b.factory.support.DefaultListableBeanFactory - Autowiring by type from bean name 'org.mybatis.spring.boot.autoconfigure.MybatisAutoConfiguration' via constructor to bean named 'org.springframework.boot.web.servlet.context.AnnotationConfigServletWebServerApplicationContext@294bdeb4'
2026-04-15 22:39:32.812 [main] DEBUG o.s.b.factory.support.DefaultListableBeanFactory - Creating shared instance of singleton bean 'sqlSessionFactory'
2026-04-15 22:39:32.812 [main] DEBUG o.s.b.factory.support.DefaultListableBeanFactory - Autowiring by type from bean name 'sqlSessionFactory' via factory method to bean named 'dataSource'
2026-04-15 22:39:32.977 [main] DEBUG org.mybatis.spring.SqlSessionFactoryBean - Parsed mapper file: 'file [C:\Users\16790\Desktop\bs\XSj_H2\XSJ_h2\target\classes\com\example\XSJ\Mapper\UserMapper\UserMapper.xml]'
2026-04-15 22:39:32.978 [main] DEBUG o.s.b.factory.support.DefaultListableBeanFactory - Autowiring by type from bean name 'sqlSessionTemplate' via factory method to bean named 'sqlSessionFactory'
2026-04-15 22:39:32.991 [main] DEBUG o.s.b.factory.support.DefaultListableBeanFactory - Creating shared instance of singleton bean 'mongoTemplate'
2026-04-15 22:39:32.991 [main] DEBUG o.s.b.factory.support.DefaultListableBeanFactory - Creating shared instance of singleton bean 'org.springframework.boot.autoconfigure.data.mongo.MongoDatabaseFactoryDependentConfiguration'
2026-04-15 22:39:32.992 [main] DEBUG o.s.b.factory.support.DefaultListableBeanFactory - Creating shared instance of singleton bean 'mongoDatabaseFactory'
2026-04-15 22:39:32.992 [main] DEBUG o.s.b.factory.support.DefaultListableBeanFactory - Creating shared instance of singleton bean 'org.springframework.boot.autoconfigure.data.mongo.MongoDatabaseFactoryConfiguration'
2026-04-15 22:39:32.992 [main] DEBUG o.s.b.factory.support.DefaultListableBeanFactory - Creating shared instance of singleton bean 'mongo'
2026-04-15 22:39:32.992 [main] DEBUG o.s.b.factory.support.DefaultListableBeanFactory - Creating shared instance of singleton bean 'org.springframework.boot.autoconfigure.mongo.MongoAutoConfiguration'
2026-04-15 22:39:32.993 [main] DEBUG o.s.b.factory.support.DefaultListableBeanFactory - Creating shared instance of singleton bean 'mongoClientSettings'
2026-04-15 22:39:32.993 [main] DEBUG o.s.b.factory.support.DefaultListableBeanFactory - Creating shared instance of singleton bean 'org.springframework.boot.autoconfigure.mongo.MongoAutoConfiguration$MongoClientSettingsConfiguration'
2026-04-15 22:39:33.052 [main] DEBUG o.s.b.factory.support.DefaultListableBeanFactory - Autowiring by type from bean name 'mongo' via factory method to bean named 'mongoClientSettings'
2026-04-15 22:39:33.053 [main] DEBUG o.s.b.factory.support.DefaultListableBeanFactory - Creating shared instance of singleton bean 'mongoMetricsConnectionPoolListenerClientSettingsBuilderCustomizer'
2026-04-15 22:39:33.053 [main] DEBUG o.s.b.factory.support.DefaultListableBeanFactory - Creating shared instance of singleton bean 'org.springframework.boot.actuate.autoconfigure.metrics.mongo.MongoMetricsAutoConfiguration$MongoConnectionPoolMetricsConfiguration'
2026-04-15 22:39:33.053 [main] DEBUG o.s.b.factory.support.DefaultListableBeanFactory - Creating shared instance of singleton bean 'mongoMetricsConnectionPoolListener'
2026-04-15 22:39:33.054 [main] DEBUG o.s.b.factory.support.DefaultListableBeanFactory - Creating shared instance of singleton bean 'mongoConnectionPoolTagsProvider'
2026-04-15 22:39:33.055 [main] DEBUG o.s.b.factory.support.DefaultListableBeanFactory - Autowiring by type from bean name 'mongoMetricsConnectionPoolListener' via factory method to bean named 'simpleMeterRegistry'
2026-04-15 22:39:33.055 [main] DEBUG o.s.b.factory.support.DefaultListableBeanFactory - Autowiring by type from bean name 'mongoMetricsConnectionPoolListener' via factory method to bean named 'mongoConnectionPoolTagsProvider'
2026-04-15 22:39:33.059 [main] DEBUG o.s.b.factory.support.DefaultListableBeanFactory - Autowiring by type from bean name 'mongoMetricsConnectionPoolListenerClientSettingsBuilderCustomizer' via factory method to bean named 'mongoMetricsConnectionPoolListener'
2026-04-15 22:39:33.060 [main] DEBUG o.s.b.factory.support.DefaultListableBeanFactory - Creating shared instance of singleton bean 'mongoMetricsCommandListenerClientSettingsBuilderCustomizer'
2026-04-15 22:39:33.060 [main] DEBUG o.s.b.factory.support.DefaultListableBeanFactory - Creating shared instance of singleton bean 'org.springframework.boot.actuate.autoconfigure.metrics.mongo.MongoMetricsAutoConfiguration$MongoCommandMetricsConfiguration'
2026-04-15 22:39:33.060 [main] DEBUG o.s.b.factory.support.DefaultListableBeanFactory - Creating shared instance of singleton bean 'mongoMetricsCommandListener'
2026-04-15 22:39:33.060 [main] DEBUG o.s.b.factory.support.DefaultListableBeanFactory - Creating shared instance of singleton bean 'mongoCommandTagsProvider'
2026-04-15 22:39:33.062 [main] DEBUG o.s.b.factory.support.DefaultListableBeanFactory - Autowiring by type from bean name 'mongoMetricsCommandListener' via factory method to bean named 'simpleMeterRegistry'
2026-04-15 22:39:33.062 [main] DEBUG o.s.b.factory.support.DefaultListableBeanFactory - Autowiring by type from bean name 'mongoMetricsCommandListener' via factory method to bean named 'mongoCommandTagsProvider'
2026-04-15 22:39:33.063 [main] DEBUG o.s.b.factory.support.DefaultListableBeanFactory - Autowiring by type from bean name 'mongoMetricsCommandListenerClientSettingsBuilderCustomizer' via factory method to bean named 'mongoMetricsCommandListener'
2026-04-15 22:39:33.063 [main] DEBUG o.s.b.factory.support.DefaultListableBeanFactory - Creating shared instance of singleton bean 'standardMongoSettingsCustomizer'
2026-04-15 22:39:33.064 [main] DEBUG o.s.b.factory.support.DefaultListableBeanFactory - Creating shared instance of singleton bean 'spring.data.mongodb-org.springframework.boot.autoconfigure.mongo.MongoProperties'
2026-04-15 22:39:33.066 [main] DEBUG o.s.b.factory.support.DefaultListableBeanFactory - Creating shared instance of singleton bean 'mongoConnectionDetails'
2026-04-15 22:39:33.066 [main] DEBUG o.s.b.factory.support.DefaultListableBeanFactory - Autowiring by type from bean name 'mongoConnectionDetails' via factory method to bean named 'spring.data.mongodb-org.springframework.boot.autoconfigure.mongo.MongoProperties'
2026-04-15 22:39:33.068 [main] DEBUG o.s.b.factory.support.DefaultListableBeanFactory - Autowiring by type from bean name 'standardMongoSettingsCustomizer' via factory method to bean named 'spring.data.mongodb-org.springframework.boot.autoconfigure.mongo.MongoProperties'
2026-04-15 22:39:33.068 [main] DEBUG o.s.b.factory.support.DefaultListableBeanFactory - Autowiring by type from bean name 'standardMongoSettingsCustomizer' via factory method to bean named 'mongoConnectionDetails'
2026-04-15 22:39:33.133 [main] DEBUG org.mongodb.driver.connection - Connection pool created for localhost:27017 using options maxIdleTimeMS=0, minPoolSize=0, maxPoolSize=100, maxConnecting=2, waitQueueTimeoutMS=120000
2026-04-15 22:39:33.152 [main] DEBUG org.mongodb.driver.cluster - Updating cluster description to  {type=UNKNOWN, servers=[{address=localhost:27017, type=UNKNOWN, state=CONNECTING}]
2026-04-15 22:39:33.189 [main] DEBUG o.s.b.factory.support.DefaultListableBeanFactory - Autowiring by type from bean name 'mongoDatabaseFactory' via factory method to bean named 'mongo'
2026-04-15 22:39:33.189 [main] DEBUG o.s.b.factory.support.DefaultListableBeanFactory - Autowiring by type from bean name 'mongoDatabaseFactory' via factory method to bean named 'spring.data.mongodb-org.springframework.boot.autoconfigure.mongo.MongoProperties'
2026-04-15 22:39:33.189 [main] DEBUG o.s.b.factory.support.DefaultListableBeanFactory - Autowiring by type from bean name 'mongoDatabaseFactory' via factory method to bean named 'mongoConnectionDetails'
2026-04-15 22:39:33.195 [main] DEBUG o.s.b.factory.support.DefaultListableBeanFactory - Creating shared instance of singleton bean 'mappingMongoConverter'
2026-04-15 22:39:33.196 [main] DEBUG o.s.b.factory.support.DefaultListableBeanFactory - Creating shared instance of singleton bean 'org.springframework.boot.autoconfigure.data.mongo.MongoDataConfiguration'
2026-04-15 22:39:33.196 [main] DEBUG o.s.b.factory.support.DefaultListableBeanFactory - Creating shared instance of singleton bean 'mongoMappingContext'
2026-04-15 22:39:33.197 [main] DEBUG o.s.b.factory.support.DefaultListableBeanFactory - Creating shared instance of singleton bean 'mongoCustomConversions'
2026-04-15 22:39:33.210 [cluster-ClusterId{value='69dfa325a88562ec101c348a', description='null'}-localhost:27017] DEBUG org.mongodb.driver.connection - Connection pool ready for localhost:27017
2026-04-15 22:39:33.214 [cluster-ClusterId{value='69dfa325a88562ec101c348a', description='null'}-localhost:27017] DEBUG org.mongodb.driver.cluster - Updating cluster description to  {type=STANDALONE, servers=[{address=localhost:27017, type=STANDALONE, roundTripTime=34.7 ms, state=CONNECTED}]
2026-04-15 22:39:33.214 [cluster-ClusterId{value='69dfa325a88562ec101c348a', description='null'}-localhost:27017] DEBUG org.mongodb.driver.cluster - Checking status of localhost:27017
2026-04-15 22:39:33.286 [main] DEBUG o.springframework.data.convert.CustomConversions - Adding user defined converter from class java.math.BigDecimal to class java.lang.String as writing converter
2026-04-15 22:39:33.286 [main] DEBUG o.springframework.data.convert.CustomConversions - Adding user defined converter from class java.lang.String to class java.math.BigDecimal as reading converter
2026-04-15 22:39:33.286 [main] DEBUG o.springframework.data.convert.CustomConversions - Adding user defined converter from class java.math.BigInteger to class java.lang.String as writing converter
2026-04-15 22:39:33.287 [main] DEBUG o.springframework.data.convert.CustomConversions - Adding user defined converter from class java.lang.String to class java.math.BigInteger as reading converter
2026-04-15 22:39:33.287 [main] DEBUG o.springframework.data.convert.CustomConversions - Adding converter from class java.util.Locale to class java.lang.String as writing converter
2026-04-15 22:39:33.287 [main] DEBUG o.springframework.data.convert.CustomConversions - Adding converter from class java.lang.Character to class java.lang.String as writing converter
2026-04-15 22:39:33.287 [main] DEBUG o.springframework.data.convert.CustomConversions - Adding converter from class java.math.BigDecimal to class org.bson.types.Decimal128 as writing converter
2026-04-15 22:39:33.287 [main] DEBUG o.springframework.data.convert.CustomConversions - Adding converter from class org.bson.types.Decimal128 to class java.math.BigDecimal as reading converter
2026-04-15 22:39:33.287 [main] DEBUG o.springframework.data.convert.CustomConversions - Adding converter from class java.math.BigInteger to class org.bson.types.Decimal128 as writing converter
2026-04-15 22:39:33.287 [main] DEBUG o.springframework.data.convert.CustomConversions - Adding converter from class java.net.URL to class java.lang.String as writing converter
2026-04-15 22:39:33.287 [main] DEBUG o.springframework.data.convert.CustomConversions - Adding converter from class java.lang.String to class java.net.URL as reading converter
2026-04-15 22:39:33.287 [main] DEBUG o.springframework.data.convert.CustomConversions - Adding converter from class org.bson.Document to class java.lang.String as reading converter
2026-04-15 22:39:33.287 [main] DEBUG o.springframework.data.convert.CustomConversions - Adding converter from class org.springframework.data.mongodb.core.query.Term to class java.lang.String as writing converter
2026-04-15 22:39:33.287 [main] DEBUG o.springframework.data.convert.CustomConversions - Adding converter from class org.springframework.data.mongodb.core.script.NamedMongoScript to class org.bson.Document as writing converter
2026-04-15 22:39:33.287 [main] DEBUG o.springframework.data.convert.CustomConversions - Adding converter from class org.bson.Document to class org.springframework.data.mongodb.core.script.NamedMongoScript as reading converter
2026-04-15 22:39:33.287 [main] DEBUG o.springframework.data.convert.CustomConversions - Adding converter from class java.util.Currency to class java.lang.String as writing converter
2026-04-15 22:39:33.287 [main] DEBUG o.springframework.data.convert.CustomConversions - Adding converter from class java.lang.String to class java.util.Currency as reading converter
2026-04-15 22:39:33.287 [main] DEBUG o.springframework.data.convert.CustomConversions - Adding converter from class java.util.concurrent.atomic.AtomicInteger to class java.lang.Integer as writing converter
2026-04-15 22:39:33.287 [main] DEBUG o.springframework.data.convert.CustomConversions - Adding converter from class java.util.concurrent.atomic.AtomicLong to class java.lang.Long as writing converter
2026-04-15 22:39:33.287 [main] DEBUG o.springframework.data.convert.CustomConversions - Adding converter from class java.lang.Long to class java.util.concurrent.atomic.AtomicLong as reading converter
2026-04-15 22:39:33.287 [main] DEBUG o.springframework.data.convert.CustomConversions - Adding converter from class java.lang.Integer to class java.util.concurrent.atomic.AtomicInteger as reading converter
2026-04-15 22:39:33.287 [main] DEBUG o.springframework.data.convert.CustomConversions - Adding converter from class org.bson.types.Binary to class [B as reading converter
2026-04-15 22:39:33.287 [main] DEBUG o.springframework.data.convert.CustomConversions - Adding converter from class org.bson.BsonTimestamp to class java.time.Instant as reading converter
2026-04-15 22:39:33.287 [main] DEBUG o.springframework.data.convert.CustomConversions - Adding converter from class java.lang.Number to class java.lang.Number as writing converter
2026-04-15 22:39:33.287 [main] DEBUG o.springframework.data.convert.CustomConversions - Adding converter from interface org.springframework.data.domain.Vector to class java.lang.Object as writing converter
2026-04-15 22:39:33.287 [main] DEBUG o.springframework.data.convert.CustomConversions - Adding converter from interface java.util.List to interface org.springframework.data.domain.Vector as reading converter
2026-04-15 22:39:33.287 [main] DEBUG o.springframework.data.convert.CustomConversions - Adding converter from class org.bson.BinaryVector to interface org.springframework.data.domain.Vector as reading converter
2026-04-15 22:39:33.287 [main] DEBUG o.springframework.data.convert.CustomConversions - Adding converter from class org.bson.BsonUndefined to class java.lang.Object as reading converter
2026-04-15 22:39:33.287 [main] DEBUG o.springframework.data.convert.CustomConversions - Adding converter from class java.lang.String to class java.net.URI as reading converter
2026-04-15 22:39:33.287 [main] DEBUG o.springframework.data.convert.CustomConversions - Adding converter from class java.net.URI to class java.lang.String as writing converter
2026-04-15 22:39:33.287 [main] DEBUG o.springframework.data.convert.CustomConversions - Adding converter from class org.springframework.data.geo.Box to class org.bson.Document as writing converter
2026-04-15 22:39:33.287 [main] DEBUG o.springframework.data.convert.CustomConversions - Adding converter from class org.springframework.data.geo.Polygon to class org.bson.Document as writing converter
2026-04-15 22:39:33.287 [main] DEBUG o.springframework.data.convert.CustomConversions - Adding converter from class org.springframework.data.geo.Circle to class org.bson.Document as writing converter
2026-04-15 22:39:33.287 [main] DEBUG o.springframework.data.convert.CustomConversions - Adding converter from class org.springframework.data.mongodb.core.geo.Sphere to class org.bson.Document as writing converter
2026-04-15 22:39:33.287 [main] DEBUG o.springframework.data.convert.CustomConversions - Adding converter from class org.bson.Document to class org.springframework.data.geo.Box as reading converter
2026-04-15 22:39:33.287 [main] DEBUG o.springframework.data.convert.CustomConversions - Adding converter from class org.bson.Document to class org.springframework.data.geo.Polygon as reading converter
2026-04-15 22:39:33.288 [main] DEBUG o.springframework.data.convert.CustomConversions - Adding converter from class org.bson.Document to class org.springframework.data.geo.Circle as reading converter
2026-04-15 22:39:33.288 [main] DEBUG o.springframework.data.convert.CustomConversions - Adding converter from class org.bson.Document to class org.springframework.data.mongodb.core.geo.Sphere as reading converter
2026-04-15 22:39:33.288 [main] DEBUG o.springframework.data.convert.CustomConversions - Adding converter from class org.bson.Document to class org.springframework.data.geo.Point as reading converter
2026-04-15 22:39:33.288 [main] DEBUG o.springframework.data.convert.CustomConversions - Adding converter from class org.springframework.data.geo.Point to class org.bson.Document as writing converter
2026-04-15 22:39:33.288 [main] DEBUG o.springframework.data.convert.CustomConversions - Adding converter from class org.springframework.data.mongodb.core.query.GeoCommand to class org.bson.Document as writing converter
2026-04-15 22:39:33.288 [main] DEBUG o.springframework.data.convert.CustomConversions - Adding converter from interface org.springframework.data.mongodb.core.geo.GeoJson to class org.bson.Document as writing converter
2026-04-15 22:39:33.288 [main] DEBUG o.springframework.data.convert.CustomConversions - Adding converter from class org.springframework.data.mongodb.core.geo.GeoJsonPoint to class org.bson.Document as writing converter
2026-04-15 22:39:33.288 [main] DEBUG o.springframework.data.convert.CustomConversions - Adding converter from class org.springframework.data.mongodb.core.geo.GeoJsonPolygon to class org.bson.Document as writing converter
2026-04-15 22:39:33.288 [main] DEBUG o.springframework.data.convert.CustomConversions - Adding converter from class org.bson.Document to class org.springframework.data.mongodb.core.geo.GeoJsonPoint as reading converter
2026-04-15 22:39:33.288 [main] DEBUG o.springframework.data.convert.CustomConversions - Adding converter from class org.bson.Document to class org.springframework.data.mongodb.core.geo.GeoJsonPolygon as reading converter
2026-04-15 22:39:33.288 [main] DEBUG o.springframework.data.convert.CustomConversions - Adding converter from class org.bson.Document to class org.springframework.data.mongodb.core.geo.GeoJsonLineString as reading converter
2026-04-15 22:39:33.288 [main] DEBUG o.springframework.data.convert.CustomConversions - Adding converter from class org.bson.Document to class org.springframework.data.mongodb.core.geo.GeoJsonMultiLineString as reading converter
2026-04-15 22:39:33.288 [main] DEBUG o.springframework.data.convert.CustomConversions - Adding converter from class org.bson.Document to class org.springframework.data.mongodb.core.geo.GeoJsonMultiPoint as reading converter
2026-04-15 22:39:33.288 [main] DEBUG o.springframework.data.convert.CustomConversions - Adding converter from class org.bson.Document to class org.springframework.data.mongodb.core.geo.GeoJsonMultiPolygon as reading converter
2026-04-15 22:39:33.288 [main] DEBUG o.springframework.data.convert.CustomConversions - Adding converter from class org.bson.Document to class org.springframework.data.mongodb.core.geo.GeoJsonGeometryCollection as reading converter
2026-04-15 22:39:33.288 [main] DEBUG o.springframework.data.convert.CustomConversions - Adding converter from class org.bson.Document to interface org.springframework.data.mongodb.core.geo.GeoJson as reading converter
2026-04-15 22:39:33.288 [main] DEBUG o.springframework.data.convert.CustomConversions - Adding converter from class java.util.Date to class java.time.LocalDateTime as reading converter
2026-04-15 22:39:33.288 [main] DEBUG o.springframework.data.convert.CustomConversions - Adding converter from class java.time.LocalDateTime to class java.util.Date as writing converter
2026-04-15 22:39:33.288 [main] DEBUG o.springframework.data.convert.CustomConversions - Adding converter from class java.util.Date to class java.time.LocalDate as reading converter
2026-04-15 22:39:33.288 [main] DEBUG o.springframework.data.convert.CustomConversions - Adding converter from class java.time.LocalDate to class java.util.Date as writing converter
2026-04-15 22:39:33.288 [main] DEBUG o.springframework.data.convert.CustomConversions - Adding converter from class java.util.Date to class java.time.LocalTime as reading converter
2026-04-15 22:39:33.288 [main] DEBUG o.springframework.data.convert.CustomConversions - Adding converter from class java.time.LocalTime to class java.util.Date as writing converter
2026-04-15 22:39:33.288 [main] DEBUG o.springframework.data.convert.CustomConversions - Adding converter from class java.util.Date to class java.time.Instant as reading converter
2026-04-15 22:39:33.288 [main] DEBUG o.springframework.data.convert.CustomConversions - Adding converter from class java.time.Instant to class java.util.Date as writing converter
2026-04-15 22:39:33.289 [main] DEBUG o.springframework.data.convert.CustomConversions - Skipping converter from class java.time.LocalDateTime to class java.time.Instant as reading converter class java.time.LocalDateTime is not a store supported simple type
2026-04-15 22:39:33.289 [main] DEBUG o.springframework.data.convert.CustomConversions - Skipping converter from class java.time.Instant to class java.time.LocalDateTime as reading converter class java.time.Instant is not a store supported simple type
2026-04-15 22:39:33.289 [main] DEBUG o.springframework.data.convert.CustomConversions - Adding converter from class java.time.ZoneId to class java.lang.String as writing converter
2026-04-15 22:39:33.289 [main] DEBUG o.springframework.data.convert.CustomConversions - Adding converter from class java.lang.String to class java.time.ZoneId as reading converter
2026-04-15 22:39:33.289 [main] DEBUG o.springframework.data.convert.CustomConversions - Adding converter from class java.time.Duration to class java.lang.String as writing converter
2026-04-15 22:39:33.289 [main] DEBUG o.springframework.data.convert.CustomConversions - Adding converter from class java.lang.String to class java.time.Duration as reading converter
2026-04-15 22:39:33.289 [main] DEBUG o.springframework.data.convert.CustomConversions - Adding converter from class java.time.Period to class java.lang.String as writing converter
2026-04-15 22:39:33.289 [main] DEBUG o.springframework.data.convert.CustomConversions - Adding converter from class java.lang.String to class java.time.Period as reading converter
2026-04-15 22:39:33.289 [main] DEBUG o.springframework.data.convert.CustomConversions - Adding converter from class java.lang.String to class java.time.LocalDate as reading converter
2026-04-15 22:39:33.289 [main] DEBUG o.springframework.data.convert.CustomConversions - Adding converter from class java.lang.String to class java.time.LocalDateTime as reading converter
2026-04-15 22:39:33.289 [main] DEBUG o.springframework.data.convert.CustomConversions - Adding converter from class java.lang.String to class java.time.Instant as reading converter
2026-04-15 22:39:33.292 [main] DEBUG o.s.b.factory.support.DefaultListableBeanFactory - Creating shared instance of singleton bean 'mongoManagedTypes'
2026-04-15 22:39:33.293 [main] DEBUG o.s.b.factory.support.DefaultListableBeanFactory - Autowiring by type from bean name 'mongoManagedTypes' via factory method to bean named 'org.springframework.boot.web.servlet.context.AnnotationConfigServletWebServerApplicationContext@294bdeb4'
2026-04-15 22:39:33.306 [main] DEBUG o.s.c.a.ClassPathScanningCandidateComponentProvider - Identified candidate component class: file [C:\Users\16790\Desktop\bs\XSj_H2\XSJ_h2\target\classes\com\example\XSJ\Pojo\Ai\AiChatRecord.class]
2026-04-15 22:39:33.306 [main] DEBUG o.s.c.a.ClassPathScanningCandidateComponentProvider - Identified candidate component class: file [C:\Users\16790\Desktop\bs\XSj_H2\XSJ_h2\target\classes\com\example\XSJ\Pojo\UserChat\ChatMessage.class]
2026-04-15 22:39:33.308 [main] DEBUG o.s.b.factory.support.DefaultListableBeanFactory - Autowiring by type from bean name 'mongoMappingContext' via factory method to bean named 'spring.data.mongodb-org.springframework.boot.autoconfigure.mongo.MongoProperties'
2026-04-15 22:39:33.308 [main] DEBUG o.s.b.factory.support.DefaultListableBeanFactory - Autowiring by type from bean name 'mongoMappingContext' via factory method to bean named 'mongoCustomConversions'
2026-04-15 22:39:33.308 [main] DEBUG o.s.b.factory.support.DefaultListableBeanFactory - Autowiring by type from bean name 'mongoMappingContext' via factory method to bean named 'mongoManagedTypes'
2026-04-15 22:39:33.378 [main] DEBUG o.s.b.factory.support.DefaultListableBeanFactory - Creating shared instance of singleton bean 'startupTimeMetrics'
2026-04-15 22:39:33.378 [main] DEBUG o.s.b.factory.support.DefaultListableBeanFactory - Creating shared instance of singleton bean 'org.springframework.boot.actuate.autoconfigure.metrics.startup.StartupTimeMetricsListenerAutoConfiguration'
2026-04-15 22:39:33.378 [main] DEBUG o.s.b.factory.support.DefaultListableBeanFactory - Autowiring by type from bean name 'startupTimeMetrics' via factory method to bean named 'simpleMeterRegistry'
2026-04-15 22:39:33.379 [main] DEBUG o.s.b.factory.support.DefaultListableBeanFactory - Creating shared instance of singleton bean 'springApplicationAdminRegistrar'
2026-04-15 22:39:33.379 [main] DEBUG o.s.b.factory.support.DefaultListableBeanFactory - Creating shared instance of singleton bean 'org.springframework.boot.autoconfigure.admin.SpringApplicationAdminJmxAutoConfiguration'
2026-04-15 22:39:33.379 [main] DEBUG o.s.b.factory.support.DefaultListableBeanFactory - Autowiring by type from bean name 'springApplicationAdminRegistrar' via factory method to bean named 'environment'
2026-04-15 22:39:33.380 [main] DEBUG o.s.b.factory.support.DefaultListableBeanFactory - Creating shared instance of singleton bean 'mbeanExporter'
2026-04-15 22:39:33.380 [main] DEBUG o.s.b.factory.support.DefaultListableBeanFactory - Creating shared instance of singleton bean 'org.springframework.boot.autoconfigure.jmx.JmxAutoConfiguration'
2026-04-15 22:39:33.380 [main] DEBUG o.s.b.factory.support.DefaultListableBeanFactory - Creating shared instance of singleton bean 'spring.jmx-org.springframework.boot.autoconfigure.jmx.JmxProperties'
2026-04-15 22:39:33.381 [main] DEBUG o.s.b.factory.support.DefaultListableBeanFactory - Autowiring by type from bean name 'org.springframework.boot.autoconfigure.jmx.JmxAutoConfiguration' via constructor to bean named 'spring.jmx-org.springframework.boot.autoconfigure.jmx.JmxProperties'
2026-04-15 22:39:33.381 [main] DEBUG o.s.b.factory.support.DefaultListableBeanFactory - Creating shared instance of singleton bean 'objectNamingStrategy'
2026-04-15 22:39:33.383 [main] DEBUG o.s.b.factory.support.DefaultListableBeanFactory - Autowiring by type from bean name 'mbeanExporter' via factory method to bean named 'objectNamingStrategy'
2026-04-15 22:39:33.383 [main] DEBUG o.s.b.factory.support.DefaultListableBeanFactory - Autowiring by type from bean name 'mbeanExporter' via factory method to bean named 'org.springframework.beans.factory.support.DefaultListableBeanFactory@652ab8d9'
2026-04-15 22:39:33.387 [main] DEBUG o.s.b.factory.support.DefaultListableBeanFactory - Creating shared instance of singleton bean 'mbeanServer'
2026-04-15 22:39:33.388 [main] DEBUG org.springframework.jmx.support.JmxUtils - Found MBeanServer: com.sun.jmx.mbeanserver.JmxMBeanServer@3ecd23d9
2026-04-15 22:39:33.393 [main] DEBUG o.s.b.a.SpringApplicationAdminMXBeanRegistrar$SpringApplicationAdmin - Application Admin MBean registered with name 'org.springframework.boot:type=Admin,name=SpringApplication'
2026-04-15 22:39:33.397 [main] DEBUG o.s.b.factory.support.DefaultListableBeanFactory - Autowiring by type from bean name 'mappingMongoConverter' via factory method to bean named 'mongoMappingContext'
2026-04-15 22:39:33.397 [main] DEBUG o.s.b.factory.support.DefaultListableBeanFactory - Autowiring by type from bean name 'mappingMongoConverter' via factory method to bean named 'mongoCustomConversions'
2026-04-15 22:39:33.407 [main] DEBUG o.springframework.data.convert.CustomConversions - Adding user defined converter from class java.math.BigDecimal to class java.lang.String as writing converter
2026-04-15 22:39:33.407 [main] DEBUG o.springframework.data.convert.CustomConversions - Adding user defined converter from class java.lang.String to class java.math.BigDecimal as reading converter
2026-04-15 22:39:33.407 [main] DEBUG o.springframework.data.convert.CustomConversions - Adding user defined converter from class java.math.BigInteger to class java.lang.String as writing converter
2026-04-15 22:39:33.407 [main] DEBUG o.springframework.data.convert.CustomConversions - Adding user defined converter from class java.lang.String to class java.math.BigInteger as reading converter
2026-04-15 22:39:33.407 [main] DEBUG o.springframework.data.convert.CustomConversions - Adding converter from class java.util.Locale to class java.lang.String as writing converter
2026-04-15 22:39:33.407 [main] DEBUG o.springframework.data.convert.CustomConversions - Adding converter from class java.lang.Character to class java.lang.String as writing converter
2026-04-15 22:39:33.407 [main] DEBUG o.springframework.data.convert.CustomConversions - Adding converter from class java.math.BigDecimal to class org.bson.types.Decimal128 as writing converter
2026-04-15 22:39:33.407 [main] DEBUG o.springframework.data.convert.CustomConversions - Adding converter from class org.bson.types.Decimal128 to class java.math.BigDecimal as reading converter
2026-04-15 22:39:33.407 [main] DEBUG o.springframework.data.convert.CustomConversions - Adding converter from class java.math.BigInteger to class org.bson.types.Decimal128 as writing converter
2026-04-15 22:39:33.407 [main] DEBUG o.springframework.data.convert.CustomConversions - Adding converter from class java.net.URL to class java.lang.String as writing converter
2026-04-15 22:39:33.407 [main] DEBUG o.springframework.data.convert.CustomConversions - Adding converter from class java.lang.String to class java.net.URL as reading converter
2026-04-15 22:39:33.407 [main] DEBUG o.springframework.data.convert.CustomConversions - Adding converter from class org.bson.Document to class java.lang.String as reading converter
2026-04-15 22:39:33.407 [main] DEBUG o.springframework.data.convert.CustomConversions - Adding converter from class org.springframework.data.mongodb.core.query.Term to class java.lang.String as writing converter
2026-04-15 22:39:33.407 [main] DEBUG o.springframework.data.convert.CustomConversions - Adding converter from class org.springframework.data.mongodb.core.script.NamedMongoScript to class org.bson.Document as writing converter
2026-04-15 22:39:33.407 [main] DEBUG o.springframework.data.convert.CustomConversions - Adding converter from class org.bson.Document to class org.springframework.data.mongodb.core.script.NamedMongoScript as reading converter
2026-04-15 22:39:33.407 [main] DEBUG o.springframework.data.convert.CustomConversions - Adding converter from class java.util.Currency to class java.lang.String as writing converter
2026-04-15 22:39:33.407 [main] DEBUG o.springframework.data.convert.CustomConversions - Adding converter from class java.lang.String to class java.util.Currency as reading converter
2026-04-15 22:39:33.407 [main] DEBUG o.springframework.data.convert.CustomConversions - Adding converter from class java.util.concurrent.atomic.AtomicInteger to class java.lang.Integer as writing converter
2026-04-15 22:39:33.407 [main] DEBUG o.springframework.data.convert.CustomConversions - Adding converter from class java.util.concurrent.atomic.AtomicLong to class java.lang.Long as writing converter
2026-04-15 22:39:33.407 [main] DEBUG o.springframework.data.convert.CustomConversions - Adding converter from class java.lang.Long to class java.util.concurrent.atomic.AtomicLong as reading converter
2026-04-15 22:39:33.407 [main] DEBUG o.springframework.data.convert.CustomConversions - Adding converter from class java.lang.Integer to class java.util.concurrent.atomic.AtomicInteger as reading converter
2026-04-15 22:39:33.407 [main] DEBUG o.springframework.data.convert.CustomConversions - Adding converter from class org.bson.types.Binary to class [B as reading converter
2026-04-15 22:39:33.407 [main] DEBUG o.springframework.data.convert.CustomConversions - Adding converter from class org.bson.BsonTimestamp to class java.time.Instant as reading converter
2026-04-15 22:39:33.407 [main] DEBUG o.springframework.data.convert.CustomConversions - Adding converter from class java.lang.Number to class java.lang.Number as writing converter
2026-04-15 22:39:33.407 [main] DEBUG o.springframework.data.convert.CustomConversions - Adding converter from interface org.springframework.data.domain.Vector to class java.lang.Object as writing converter
2026-04-15 22:39:33.407 [main] DEBUG o.springframework.data.convert.CustomConversions - Adding converter from interface java.util.List to interface org.springframework.data.domain.Vector as reading converter
2026-04-15 22:39:33.407 [main] DEBUG o.springframework.data.convert.CustomConversions - Adding converter from class org.bson.BinaryVector to interface org.springframework.data.domain.Vector as reading converter
2026-04-15 22:39:33.407 [main] DEBUG o.springframework.data.convert.CustomConversions - Adding converter from class org.bson.BsonUndefined to class java.lang.Object as reading converter
2026-04-15 22:39:33.407 [main] DEBUG o.springframework.data.convert.CustomConversions - Adding converter from class java.lang.String to class java.net.URI as reading converter
2026-04-15 22:39:33.407 [main] DEBUG o.springframework.data.convert.CustomConversions - Adding converter from class java.net.URI to class java.lang.String as writing converter
2026-04-15 22:39:33.407 [main] DEBUG o.springframework.data.convert.CustomConversions - Adding converter from class org.springframework.data.geo.Box to class org.bson.Document as writing converter
2026-04-15 22:39:33.407 [main] DEBUG o.springframework.data.convert.CustomConversions - Adding converter from class org.springframework.data.geo.Polygon to class org.bson.Document as writing converter
2026-04-15 22:39:33.408 [main] DEBUG o.springframework.data.convert.CustomConversions - Adding converter from class org.springframework.data.geo.Circle to class org.bson.Document as writing converter
2026-04-15 22:39:33.408 [main] DEBUG o.springframework.data.convert.CustomConversions - Adding converter from class org.springframework.data.mongodb.core.geo.Sphere to class org.bson.Document as writing converter
2026-04-15 22:39:33.408 [main] DEBUG o.springframework.data.convert.CustomConversions - Adding converter from class org.bson.Document to class org.springframework.data.geo.Box as reading converter
2026-04-15 22:39:33.408 [main] DEBUG o.springframework.data.convert.CustomConversions - Adding converter from class org.bson.Document to class org.springframework.data.geo.Polygon as reading converter
2026-04-15 22:39:33.408 [main] DEBUG o.springframework.data.convert.CustomConversions - Adding converter from class org.bson.Document to class org.springframework.data.geo.Circle as reading converter
2026-04-15 22:39:33.408 [main] DEBUG o.springframework.data.convert.CustomConversions - Adding converter from class org.bson.Document to class org.springframework.data.mongodb.core.geo.Sphere as reading converter
2026-04-15 22:39:33.408 [main] DEBUG o.springframework.data.convert.CustomConversions - Adding converter from class org.bson.Document to class org.springframework.data.geo.Point as reading converter
2026-04-15 22:39:33.408 [main] DEBUG o.springframework.data.convert.CustomConversions - Adding converter from class org.springframework.data.geo.Point to class org.bson.Document as writing converter
2026-04-15 22:39:33.408 [main] DEBUG o.springframework.data.convert.CustomConversions - Adding converter from class org.springframework.data.mongodb.core.query.GeoCommand to class org.bson.Document as writing converter
2026-04-15 22:39:33.408 [main] DEBUG o.springframework.data.convert.CustomConversions - Adding converter from interface org.springframework.data.mongodb.core.geo.GeoJson to class org.bson.Document as writing converter
2026-04-15 22:39:33.408 [main] DEBUG o.springframework.data.convert.CustomConversions - Adding converter from class org.springframework.data.mongodb.core.geo.GeoJsonPoint to class org.bson.Document as writing converter
2026-04-15 22:39:33.408 [main] DEBUG o.springframework.data.convert.CustomConversions - Adding converter from class org.springframework.data.mongodb.core.geo.GeoJsonPolygon to class org.bson.Document as writing converter
2026-04-15 22:39:33.408 [main] DEBUG o.springframework.data.convert.CustomConversions - Adding converter from class org.bson.Document to class org.springframework.data.mongodb.core.geo.GeoJsonPoint as reading converter
2026-04-15 22:39:33.408 [main] DEBUG o.springframework.data.convert.CustomConversions - Adding converter from class org.bson.Document to class org.springframework.data.mongodb.core.geo.GeoJsonPolygon as reading converter
2026-04-15 22:39:33.408 [main] DEBUG o.springframework.data.convert.CustomConversions - Adding converter from class org.bson.Document to class org.springframework.data.mongodb.core.geo.GeoJsonLineString as reading converter
2026-04-15 22:39:33.408 [main] DEBUG o.springframework.data.convert.CustomConversions - Adding converter from class org.bson.Document to class org.springframework.data.mongodb.core.geo.GeoJsonMultiLineString as reading converter
2026-04-15 22:39:33.408 [main] DEBUG o.springframework.data.convert.CustomConversions - Adding converter from class org.bson.Document to class org.springframework.data.mongodb.core.geo.GeoJsonMultiPoint as reading converter
2026-04-15 22:39:33.408 [main] DEBUG o.springframework.data.convert.CustomConversions - Adding converter from class org.bson.Document to class org.springframework.data.mongodb.core.geo.GeoJsonMultiPolygon as reading converter
2026-04-15 22:39:33.408 [main] DEBUG o.springframework.data.convert.CustomConversions - Adding converter from class org.bson.Document to class org.springframework.data.mongodb.core.geo.GeoJsonGeometryCollection as reading converter
2026-04-15 22:39:33.408 [main] DEBUG o.springframework.data.convert.CustomConversions - Adding converter from class org.bson.Document to interface org.springframework.data.mongodb.core.geo.GeoJson as reading converter
2026-04-15 22:39:33.408 [main] DEBUG o.springframework.data.convert.CustomConversions - Adding converter from class java.util.Date to class java.time.LocalDateTime as reading converter
2026-04-15 22:39:33.408 [main] DEBUG o.springframework.data.convert.CustomConversions - Adding converter from class java.time.LocalDateTime to class java.util.Date as writing converter
2026-04-15 22:39:33.408 [main] DEBUG o.springframework.data.convert.CustomConversions - Adding converter from class java.util.Date to class java.time.LocalDate as reading converter
2026-04-15 22:39:33.408 [main] DEBUG o.springframework.data.convert.CustomConversions - Adding converter from class java.time.LocalDate to class java.util.Date as writing converter
2026-04-15 22:39:33.408 [main] DEBUG o.springframework.data.convert.CustomConversions - Adding converter from class java.util.Date to class java.time.LocalTime as reading converter
2026-04-15 22:39:33.408 [main] DEBUG o.springframework.data.convert.CustomConversions - Adding converter from class java.time.LocalTime to class java.util.Date as writing converter
2026-04-15 22:39:33.408 [main] DEBUG o.springframework.data.convert.CustomConversions - Adding converter from class java.util.Date to class java.time.Instant as reading converter
2026-04-15 22:39:33.408 [main] DEBUG o.springframework.data.convert.CustomConversions - Adding converter from class java.time.Instant to class java.util.Date as writing converter
2026-04-15 22:39:33.408 [main] DEBUG o.springframework.data.convert.CustomConversions - Skipping converter from class java.time.LocalDateTime to class java.time.Instant as reading converter class java.time.LocalDateTime is not a store supported simple type
2026-04-15 22:39:33.408 [main] DEBUG o.springframework.data.convert.CustomConversions - Skipping converter from class java.time.Instant to class java.time.LocalDateTime as reading converter class java.time.Instant is not a store supported simple type
2026-04-15 22:39:33.408 [main] DEBUG o.springframework.data.convert.CustomConversions - Adding converter from class java.time.ZoneId to class java.lang.String as writing converter
2026-04-15 22:39:33.408 [main] DEBUG o.springframework.data.convert.CustomConversions - Adding converter from class java.lang.String to class java.time.ZoneId as reading converter
2026-04-15 22:39:33.408 [main] DEBUG o.springframework.data.convert.CustomConversions - Adding converter from class java.time.Duration to class java.lang.String as writing converter
2026-04-15 22:39:33.408 [main] DEBUG o.springframework.data.convert.CustomConversions - Adding converter from class java.lang.String to class java.time.Duration as reading converter
2026-04-15 22:39:33.408 [main] DEBUG o.springframework.data.convert.CustomConversions - Adding converter from class java.time.Period to class java.lang.String as writing converter
2026-04-15 22:39:33.408 [main] DEBUG o.springframework.data.convert.CustomConversions - Adding converter from class java.lang.String to class java.time.Period as reading converter
2026-04-15 22:39:33.408 [main] DEBUG o.springframework.data.convert.CustomConversions - Adding converter from class java.lang.String to class java.time.LocalDate as reading converter
2026-04-15 22:39:33.408 [main] DEBUG o.springframework.data.convert.CustomConversions - Adding converter from class java.lang.String to class java.time.LocalDateTime as reading converter
2026-04-15 22:39:33.408 [main] DEBUG o.springframework.data.convert.CustomConversions - Adding converter from class java.lang.String to class java.time.Instant as reading converter
2026-04-15 22:39:33.434 [main] DEBUG o.s.b.factory.support.DefaultListableBeanFactory - Autowiring by type from bean name 'mongoTemplate' via factory method to bean named 'mongoDatabaseFactory'
2026-04-15 22:39:33.434 [main] DEBUG o.s.b.factory.support.DefaultListableBeanFactory - Autowiring by type from bean name 'mongoTemplate' via factory method to bean named 'mappingMongoConverter'
2026-04-15 22:39:33.489 [main] DEBUG o.s.b.factory.support.DefaultListableBeanFactory - Creating shared instance of singleton bean 'jacksonObjectMapper'
2026-04-15 22:39:33.489 [main] DEBUG o.s.b.factory.support.DefaultListableBeanFactory - Creating shared instance of singleton bean 'org.springframework.boot.autoconfigure.jackson.JacksonAutoConfiguration$JacksonObjectMapperConfiguration'
2026-04-15 22:39:33.490 [main] DEBUG o.s.b.factory.support.DefaultListableBeanFactory - Creating shared instance of singleton bean 'org.springframework.boot.autoconfigure.jackson.JacksonAutoConfiguration$JacksonObjectMapperBuilderConfiguration'
2026-04-15 22:39:33.491 [main] DEBUG o.s.b.factory.support.DefaultListableBeanFactory - Creating shared instance of singleton bean 'standardJacksonObjectMapperBuilderCustomizer'
2026-04-15 22:39:33.491 [main] DEBUG o.s.b.factory.support.DefaultListableBeanFactory - Creating shared instance of singleton bean 'org.springframework.boot.autoconfigure.jackson.JacksonAutoConfiguration$Jackson2ObjectMapperBuilderCustomizerConfiguration'
2026-04-15 22:39:33.492 [main] DEBUG o.s.b.factory.support.DefaultListableBeanFactory - Creating shared instance of singleton bean 'spring.jackson-org.springframework.boot.autoconfigure.jackson.JacksonProperties'
2026-04-15 22:39:33.494 [main] DEBUG o.s.b.factory.support.DefaultListableBeanFactory - Autowiring by type from bean name 'standardJacksonObjectMapperBuilderCustomizer' via factory method to bean named 'spring.jackson-org.springframework.boot.autoconfigure.jackson.JacksonProperties'
2026-04-15 22:39:33.494 [main] DEBUG o.s.b.factory.support.DefaultListableBeanFactory - Creating shared instance of singleton bean 'parameterNamesModule'
2026-04-15 22:39:33.494 [main] DEBUG o.s.b.factory.support.DefaultListableBeanFactory - Creating shared instance of singleton bean 'org.springframework.boot.autoconfigure.jackson.JacksonAutoConfiguration$ParameterNamesModuleConfiguration'
2026-04-15 22:39:33.498 [main] DEBUG o.s.b.factory.support.DefaultListableBeanFactory - Creating shared instance of singleton bean 'jsonMixinModule'
2026-04-15 22:39:33.498 [main] DEBUG o.s.b.factory.support.DefaultListableBeanFactory - Creating shared instance of singleton bean 'org.springframework.boot.autoconfigure.jackson.JacksonAutoConfiguration$JacksonMixinConfiguration'
2026-04-15 22:39:33.499 [main] DEBUG o.s.b.factory.support.DefaultListableBeanFactory - Creating shared instance of singleton bean 'jsonMixinModuleEntries'
2026-04-15 22:39:33.499 [main] DEBUG o.s.b.factory.support.DefaultListableBeanFactory - Autowiring by type from bean name 'jsonMixinModuleEntries' via factory method to bean named 'org.springframework.boot.web.servlet.context.AnnotationConfigServletWebServerApplicationContext@294bdeb4'
2026-04-15 22:39:33.515 [main] DEBUG o.s.b.factory.support.DefaultListableBeanFactory - Autowiring by type from bean name 'jsonMixinModule' via factory method to bean named 'org.springframework.boot.web.servlet.context.AnnotationConfigServletWebServerApplicationContext@294bdeb4'
2026-04-15 22:39:33.515 [main] DEBUG o.s.b.factory.support.DefaultListableBeanFactory - Autowiring by type from bean name 'jsonMixinModule' via factory method to bean named 'jsonMixinModuleEntries'
2026-04-15 22:39:33.517 [main] DEBUG o.s.b.factory.support.DefaultListableBeanFactory - Creating shared instance of singleton bean 'jsonComponentModule'
2026-04-15 22:39:33.517 [main] DEBUG o.s.b.factory.support.DefaultListableBeanFactory - Creating shared instance of singleton bean 'org.springframework.boot.autoconfigure.jackson.JacksonAutoConfiguration'
2026-04-15 22:39:33.523 [main] DEBUG o.s.b.factory.support.DefaultListableBeanFactory - Creating shared instance of singleton bean 'geoJsonModule'
2026-04-15 22:39:33.523 [main] DEBUG o.s.b.factory.support.DefaultListableBeanFactory - Creating shared instance of singleton bean 'org.springframework.data.mongodb.config.GeoJsonConfiguration'
2026-04-15 22:39:33.528 [main] DEBUG o.s.b.factory.support.DefaultListableBeanFactory - Creating shared instance of singleton bean 'jacksonGeoModule'
2026-04-15 22:39:33.528 [main] DEBUG o.s.b.factory.support.DefaultListableBeanFactory - Creating shared instance of singleton bean 'org.springframework.data.web.config.SpringDataJacksonConfiguration'
2026-04-15 22:39:33.529 [main] DEBUG o.s.b.factory.support.DefaultListableBeanFactory - Creating shared instance of singleton bean 'springDataWebSettings'
2026-04-15 22:39:33.529 [main] DEBUG o.s.b.factory.support.DefaultListableBeanFactory - Creating shared instance of singleton bean 'org.springframework.boot.autoconfigure.data.web.SpringDataWebAutoConfiguration'
2026-04-15 22:39:33.530 [main] DEBUG o.s.b.factory.support.DefaultListableBeanFactory - Creating shared instance of singleton bean 'spring.data.web-org.springframework.boot.autoconfigure.data.web.SpringDataWebProperties'
2026-04-15 22:39:33.530 [main] DEBUG o.s.b.factory.support.DefaultListableBeanFactory - Autowiring by type from bean name 'org.springframework.boot.autoconfigure.data.web.SpringDataWebAutoConfiguration' via constructor to bean named 'spring.data.web-org.springframework.boot.autoconfigure.data.web.SpringDataWebProperties'
2026-04-15 22:39:33.533 [main] DEBUG o.s.b.factory.support.DefaultListableBeanFactory - Creating shared instance of singleton bean 'pageModule'
2026-04-15 22:39:33.536 [main] DEBUG o.s.b.factory.support.DefaultListableBeanFactory - Autowiring by type from bean name 'jacksonObjectMapperBuilder' via factory method to bean named 'org.springframework.boot.web.servlet.context.AnnotationConfigServletWebServerApplicationContext@294bdeb4'
2026-04-15 22:39:33.536 [main] DEBUG o.s.b.factory.support.DefaultListableBeanFactory - Autowiring by type from bean name 'jacksonObjectMapperBuilder' via factory method to bean named 'standardJacksonObjectMapperBuilderCustomizer'
2026-04-15 22:39:33.539 [main] DEBUG o.s.b.factory.support.DefaultListableBeanFactory - Autowiring by type from bean name 'jacksonObjectMapper' via factory method to bean named 'jacksonObjectMapperBuilder'
2026-04-15 22:39:33.550 [main] DEBUG o.s.b.factory.support.DefaultListableBeanFactory - Creating shared instance of singleton bean 'aiService'
2026-04-15 22:39:33.551 [main] DEBUG o.s.b.factory.support.DefaultListableBeanFactory - Creating shared instance of singleton bean 'aiMapper'
2026-04-15 22:39:33.554 [main] DEBUG o.s.b.factory.support.DefaultListableBeanFactory - Creating shared instance of singleton bean 'qwen1'
2026-04-15 22:39:33.554 [main] DEBUG o.s.b.factory.support.DefaultListableBeanFactory - Creating shared instance of singleton bean 'com.example.XSJ.Config.AiConfig$qw'
2026-04-15 22:39:33.555 [main] DEBUG o.s.b.factory.support.DefaultListableBeanFactory - Autowiring by type from bean name 'com.example.XSJ.Config.AiConfig$qw' via constructor to bean named 'aiConfig'
2026-04-15 22:39:33.556 [main] DEBUG o.s.b.factory.support.DefaultListableBeanFactory - Creating shared instance of singleton bean 'dashscopeChatModel'
2026-04-15 22:39:33.556 [main] DEBUG o.s.b.factory.support.DefaultListableBeanFactory - Creating shared instance of singleton bean 'com.alibaba.cloud.ai.autoconfigure.dashscope.DashScopeAutoConfiguration'
2026-04-15 22:39:33.558 [main] DEBUG o.s.b.factory.support.DefaultListableBeanFactory - Creating shared instance of singleton bean 'spring.ai.dashscope-com.alibaba.cloud.ai.autoconfigure.dashscope.DashScopeConnectionProperties'
2026-04-15 22:39:33.564 [main] DEBUG o.s.b.factory.support.DefaultListableBeanFactory - Creating shared instance of singleton bean 'spring.ai.dashscope.chat-com.alibaba.cloud.ai.autoconfigure.dashscope.DashScopeChatProperties'
2026-04-15 22:39:33.574 [main] DEBUG o.s.b.factory.support.DefaultListableBeanFactory - Creating shared instance of singleton bean 'org.springframework.boot.autoconfigure.web.client.RestClientAutoConfiguration'
2026-04-15 22:39:33.575 [main] DEBUG o.s.b.factory.support.DefaultListableBeanFactory - Creating shared instance of singleton bean 'restClientBuilderConfigurer'
2026-04-15 22:39:33.576 [main] DEBUG o.s.b.factory.support.DefaultListableBeanFactory - Creating shared instance of singleton bean 'clientHttpRequestFactoryBuilder'
2026-04-15 22:39:33.576 [main] DEBUG o.s.b.factory.support.DefaultListableBeanFactory - Creating shared instance of singleton bean 'org.springframework.boot.autoconfigure.http.client.HttpClientAutoConfiguration'
2026-04-15 22:39:33.577 [main] DEBUG o.s.b.factory.support.DefaultListableBeanFactory - Creating shared instance of singleton bean 'spring.http.client-org.springframework.boot.autoconfigure.http.client.HttpClientProperties'
2026-04-15 22:39:33.578 [main] DEBUG o.s.b.factory.support.DefaultListableBeanFactory - Autowiring by type from bean name 'org.springframework.boot.autoconfigure.http.client.HttpClientAutoConfiguration' via constructor to bean named 'spring.http.client-org.springframework.boot.autoconfigure.http.client.HttpClientProperties'
2026-04-15 22:39:33.585 [main] DEBUG o.s.b.factory.support.DefaultListableBeanFactory - Creating shared instance of singleton bean 'clientHttpRequestFactorySettings'
2026-04-15 22:39:33.586 [main] DEBUG o.s.b.factory.support.DefaultListableBeanFactory - Creating shared instance of singleton bean 'httpMessageConvertersRestClientCustomizer'
2026-04-15 22:39:33.586 [main] DEBUG o.s.b.factory.support.DefaultListableBeanFactory - Creating shared instance of singleton bean 'messageConverters'
2026-04-15 22:39:33.586 [main] DEBUG o.s.b.factory.support.DefaultListableBeanFactory - Creating shared instance of singleton bean 'org.springframework.boot.autoconfigure.http.HttpMessageConvertersAutoConfiguration'
2026-04-15 22:39:33.588 [main] DEBUG o.s.b.factory.support.DefaultListableBeanFactory - Creating shared instance of singleton bean 'stringHttpMessageConverter'
2026-04-15 22:39:33.588 [main] DEBUG o.s.b.factory.support.DefaultListableBeanFactory - Creating shared instance of singleton bean 'org.springframework.boot.autoconfigure.http.HttpMessageConvertersAutoConfiguration$StringHttpMessageConverterConfiguration'
2026-04-15 22:39:33.588 [main] DEBUG o.s.b.factory.support.DefaultListableBeanFactory - Autowiring by type from bean name 'stringHttpMessageConverter' via factory method to bean named 'environment'
2026-04-15 22:39:33.593 [main] DEBUG o.s.b.factory.support.DefaultListableBeanFactory - Creating shared instance of singleton bean 'mappingJackson2HttpMessageConverter'
2026-04-15 22:39:33.593 [main] DEBUG o.s.b.factory.support.DefaultListableBeanFactory - Creating shared instance of singleton bean 'org.springframework.boot.autoconfigure.http.JacksonHttpMessageConvertersConfiguration$MappingJackson2HttpMessageConverterConfiguration'
2026-04-15 22:39:33.594 [main] DEBUG o.s.b.factory.support.DefaultListableBeanFactory - Autowiring by type from bean name 'mappingJackson2HttpMessageConverter' via factory method to bean named 'jacksonObjectMapper'
2026-04-15 22:39:33.600 [main] DEBUG o.s.b.factory.support.DefaultListableBeanFactory - Creating shared instance of singleton bean 'restClientCustomizer'
2026-04-15 22:39:33.600 [main] DEBUG o.s.b.factory.support.DefaultListableBeanFactory - Autowiring by type from bean name 'restClientCustomizer' via factory method to bean named 'spring.ai.dashscope-com.alibaba.cloud.ai.autoconfigure.dashscope.DashScopeConnectionProperties'
2026-04-15 22:39:33.601 [main] DEBUG o.s.b.factory.support.DefaultListableBeanFactory - Creating shared instance of singleton bean 'observationRestClientCustomizer'
2026-04-15 22:39:33.601 [main] DEBUG o.s.b.factory.support.DefaultListableBeanFactory - Creating shared instance of singleton bean 'org.springframework.boot.actuate.autoconfigure.observation.web.client.RestClientObservationConfiguration'
2026-04-15 22:39:33.601 [main] DEBUG o.s.b.factory.support.DefaultListableBeanFactory - Autowiring by type from bean name 'observationRestClientCustomizer' via factory method to bean named 'observationRegistry'
2026-04-15 22:39:33.601 [main] DEBUG o.s.b.factory.support.DefaultListableBeanFactory - Autowiring by type from bean name 'observationRestClientCustomizer' via factory method to bean named 'management.observations-org.springframework.boot.actuate.autoconfigure.observation.ObservationProperties'
2026-04-15 22:39:33.606 [main] DEBUG o.s.b.factory.support.DefaultListableBeanFactory - Autowiring by type from bean name 'restClientBuilder' via factory method to bean named 'restClientBuilderConfigurer'
2026-04-15 22:39:33.618 [main] DEBUG o.s.b.factory.support.DefaultListableBeanFactory - Creating shared instance of singleton bean 'org.springframework.boot.autoconfigure.web.reactive.function.client.WebClientAutoConfiguration'
2026-04-15 22:39:33.620 [main] DEBUG o.s.b.factory.support.DefaultListableBeanFactory - Creating shared instance of singleton bean 'exchangeStrategiesCustomizer'
2026-04-15 22:39:33.620 [main] DEBUG o.s.b.factory.support.DefaultListableBeanFactory - Creating shared instance of singleton bean 'org.springframework.boot.autoconfigure.web.reactive.function.client.WebClientAutoConfiguration$WebClientCodecsConfiguration'
2026-04-15 22:39:33.620 [main] DEBUG o.s.b.factory.support.DefaultListableBeanFactory - Creating shared instance of singleton bean 'defaultCodecCustomizer'
2026-04-15 22:39:33.620 [main] DEBUG o.s.b.factory.support.DefaultListableBeanFactory - Creating shared instance of singleton bean 'org.springframework.boot.autoconfigure.http.codec.CodecsAutoConfiguration$DefaultCodecsConfiguration'
2026-04-15 22:39:33.621 [main] DEBUG o.s.b.factory.support.DefaultListableBeanFactory - Creating shared instance of singleton bean 'spring.codec-org.springframework.boot.autoconfigure.codec.CodecProperties'
2026-04-15 22:39:33.622 [main] DEBUG o.s.b.factory.support.DefaultListableBeanFactory - Creating shared instance of singleton bean 'spring.http.codecs-org.springframework.boot.autoconfigure.http.codec.HttpCodecsProperties'
2026-04-15 22:39:33.623 [main] DEBUG o.s.b.factory.support.DefaultListableBeanFactory - Autowiring by type from bean name 'defaultCodecCustomizer' via factory method to bean named 'spring.codec-org.springframework.boot.autoconfigure.codec.CodecProperties'
2026-04-15 22:39:33.623 [main] DEBUG o.s.b.factory.support.DefaultListableBeanFactory - Autowiring by type from bean name 'defaultCodecCustomizer' via factory method to bean named 'spring.http.codecs-org.springframework.boot.autoconfigure.http.codec.HttpCodecsProperties'
2026-04-15 22:39:33.623 [main] DEBUG o.s.b.factory.support.DefaultListableBeanFactory - Autowiring by type from bean name 'defaultCodecCustomizer' via factory method to bean named 'environment'
2026-04-15 22:39:33.624 [main] DEBUG o.s.b.factory.support.DefaultListableBeanFactory - Creating shared instance of singleton bean 'jacksonCodecCustomizer'
2026-04-15 22:39:33.624 [main] DEBUG o.s.b.factory.support.DefaultListableBeanFactory - Creating shared instance of singleton bean 'org.springframework.boot.autoconfigure.http.codec.CodecsAutoConfiguration$JacksonCodecConfiguration'
2026-04-15 22:39:33.624 [main] DEBUG o.s.b.factory.support.DefaultListableBeanFactory - Autowiring by type from bean name 'jacksonCodecCustomizer' via factory method to bean named 'jacksonObjectMapper'
2026-04-15 22:39:33.625 [main] DEBUG o.s.b.factory.support.DefaultListableBeanFactory - Creating shared instance of singleton bean 'webClientHttpConnectorCustomizer'
2026-04-15 22:39:33.625 [main] DEBUG o.s.b.factory.support.DefaultListableBeanFactory - Creating shared instance of singleton bean 'clientHttpConnector'
2026-04-15 22:39:33.625 [main] DEBUG o.s.b.factory.support.DefaultListableBeanFactory - Creating shared instance of singleton bean 'org.springframework.boot.autoconfigure.http.client.reactive.ClientHttpConnectorAutoConfiguration'
2026-04-15 22:39:33.625 [main] DEBUG o.s.b.factory.support.DefaultListableBeanFactory - Creating shared instance of singleton bean 'spring.http.reactiveclient-org.springframework.boot.autoconfigure.http.client.reactive.HttpReactiveClientProperties'
2026-04-15 22:39:33.626 [main] DEBUG o.s.b.factory.support.DefaultListableBeanFactory - Autowiring by type from bean name 'org.springframework.boot.autoconfigure.http.client.reactive.ClientHttpConnectorAutoConfiguration' via constructor to bean named 'spring.http.reactiveclient-org.springframework.boot.autoconfigure.http.client.reactive.HttpReactiveClientProperties'
2026-04-15 22:39:33.627 [main] DEBUG o.s.b.factory.support.DefaultListableBeanFactory - Creating shared instance of singleton bean 'clientHttpConnectorBuilder'
2026-04-15 22:39:33.628 [main] DEBUG o.s.b.factory.support.DefaultListableBeanFactory - Creating shared instance of singleton bean 'reactorResourceFactoryClientHttpConnectorBuilderCustomizer'
2026-04-15 22:39:33.628 [main] DEBUG o.s.b.factory.support.DefaultListableBeanFactory - Creating shared instance of singleton bean 'org.springframework.boot.autoconfigure.http.client.reactive.ClientHttpConnectorAutoConfiguration$ReactorNetty'
2026-04-15 22:39:33.628 [main] DEBUG o.s.b.factory.support.DefaultListableBeanFactory - Creating shared instance of singleton bean 'reactorResourceFactory'
2026-04-15 22:39:33.628 [main] DEBUG o.s.b.factory.support.DefaultListableBeanFactory - Creating shared instance of singleton bean 'org.springframework.boot.autoconfigure.reactor.netty.ReactorNettyConfigurations$ReactorResourceFactoryConfiguration'
2026-04-15 22:39:33.629 [main] DEBUG o.s.b.factory.support.DefaultListableBeanFactory - Creating shared instance of singleton bean 'spring.reactor.netty-org.springframework.boot.autoconfigure.reactor.netty.ReactorNettyProperties'
2026-04-15 22:39:33.629 [main] DEBUG o.s.b.factory.support.DefaultListableBeanFactory - Autowiring by type from bean name 'reactorResourceFactory' via factory method to bean named 'spring.reactor.netty-org.springframework.boot.autoconfigure.reactor.netty.ReactorNettyProperties'
2026-04-15 22:39:33.630 [main] DEBUG o.s.b.factory.support.DefaultListableBeanFactory - Autowiring by type from bean name 'reactorResourceFactoryClientHttpConnectorBuilderCustomizer' via factory method to bean named 'reactorResourceFactory'
2026-04-15 22:39:33.631 [main] DEBUG o.s.b.factory.support.DefaultListableBeanFactory - Creating shared instance of singleton bean 'reactorNettyHttpClientMapperClientHttpConnectorBuilderCustomizer'
2026-04-15 22:39:33.631 [main] DEBUG o.s.b.factory.support.DefaultListableBeanFactory - Creating shared instance of singleton bean 'org.springframework.boot.autoconfigure.web.reactive.function.client.ClientHttpConnectorAutoConfiguration$ReactorNetty'
2026-04-15 22:39:33.636 [main] DEBUG o.s.b.factory.support.DefaultListableBeanFactory - Creating shared instance of singleton bean 'clientHttpConnectorSettings'
2026-04-15 22:39:33.638 [main] DEBUG o.s.b.factory.support.DefaultListableBeanFactory - Autowiring by type from bean name 'clientHttpConnector' via factory method to bean named 'clientHttpConnectorBuilder'
2026-04-15 22:39:33.638 [main] DEBUG o.s.b.factory.support.DefaultListableBeanFactory - Autowiring by type from bean name 'clientHttpConnector' via factory method to bean named 'clientHttpConnectorSettings'
2026-04-15 22:39:33.644 [main] DEBUG reactor.netty.tcp.TcpResources - [http] resources will use the default LoopResources: DefaultLoopResources {prefix=reactor-http, daemon=true, selectCount=32, workerCount=32}
2026-04-15 22:39:33.644 [main] DEBUG reactor.netty.tcp.TcpResources - [http] resources will use the default ConnectionProvider: reactor.netty.resources.DefaultPooledConnectionProvider@52ab003b
2026-04-15 22:39:33.647 [main] DEBUG reactor.netty.resources.DefaultLoopIOUring - Default io_uring support : false
2026-04-15 22:39:33.663 [main] DEBUG reactor.netty.resources.DefaultLoopEpoll - Default Epoll support : false
2026-04-15 22:39:33.665 [main] DEBUG reactor.netty.resources.DefaultLoopKQueue - Default KQueue support : false
2026-04-15 22:39:33.669 [main] DEBUG io.netty.channel.MultithreadEventLoopGroup - -Dio.netty.eventLoopThreads: 64
2026-04-15 22:39:33.679 [main] DEBUG io.netty.util.concurrent.GlobalEventExecutor - -Dio.netty.globalEventExecutor.quietPeriodSeconds: 1
2026-04-15 22:39:33.689 [main] DEBUG io.netty.channel.nio.NioEventLoop - -Dio.netty.noKeySetOptimization: false
2026-04-15 22:39:33.689 [main] DEBUG io.netty.channel.nio.NioEventLoop - -Dio.netty.selectorAutoRebuildThreshold: 512
2026-04-15 22:39:33.697 [main] DEBUG io.netty.util.internal.PlatformDependent - org.jctools-core.MpscChunkedArrayQueue: available
2026-04-15 22:39:33.763 [main] DEBUG io.netty.util.NetUtil - -Djava.net.preferIPv4Stack: false
2026-04-15 22:39:33.764 [main] DEBUG io.netty.util.NetUtil - -Djava.net.preferIPv6Addresses: false
2026-04-15 22:39:33.775 [main] DEBUG io.netty.util.NetUtilInitializations - Loopback interface: lo (Software Loopback Interface 1, 127.0.0.1)
2026-04-15 22:39:33.776 [main] DEBUG io.netty.util.NetUtil - Failed to get SOMAXCONN from sysctl and file \proc\sys\net\core\somaxconn. Default: 200
2026-04-15 22:39:33.776 [main] DEBUG io.netty.resolver.dns.DnsNameResolver - Default ResolvedAddressTypes: IPV4_ONLY
2026-04-15 22:39:33.776 [main] DEBUG io.netty.resolver.dns.DnsNameResolver - Localhost address: localhost/127.0.0.1
2026-04-15 22:39:33.776 [main] DEBUG io.netty.resolver.dns.DnsNameResolver - Windows hostname: MSI
2026-04-15 22:39:33.776 [main] DEBUG io.netty.resolver.dns.DnsNameResolver - Default search domains: []
2026-04-15 22:39:33.778 [main] DEBUG io.netty.resolver.dns.DnsNameResolver - Default UnixResolverOptions{ndots=1, timeout=5, attempts=16}
2026-04-15 22:39:33.783 [main] DEBUG io.netty.resolver.DefaultHostsFileEntriesResolver - -Dio.netty.hostsFileRefreshInterval: 0
2026-04-15 22:39:33.802 [main] DEBUG i.n.r.dns.DefaultDnsServerAddressStreamProvider - Default DNS servers: [/202.101.224.69:53, /114.114.114.114:53] (sun.net.dns.ResolverConfiguration)
2026-04-15 22:39:33.810 [main] DEBUG o.s.b.factory.support.DefaultListableBeanFactory - Autowiring by type from bean name 'webClientHttpConnectorCustomizer' via factory method to bean named 'clientHttpConnector'
2026-04-15 22:39:33.811 [main] DEBUG o.s.b.factory.support.DefaultListableBeanFactory - Creating shared instance of singleton bean 'observationWebClientCustomizer'
2026-04-15 22:39:33.811 [main] DEBUG o.s.b.factory.support.DefaultListableBeanFactory - Creating shared instance of singleton bean 'org.springframework.boot.actuate.autoconfigure.observation.web.client.WebClientObservationConfiguration'
2026-04-15 22:39:33.812 [main] DEBUG o.s.b.factory.support.DefaultListableBeanFactory - Autowiring by type from bean name 'observationWebClientCustomizer' via factory method to bean named 'observationRegistry'
2026-04-15 22:39:33.812 [main] DEBUG o.s.b.factory.support.DefaultListableBeanFactory - Autowiring by type from bean name 'observationWebClientCustomizer' via factory method to bean named 'management.observations-org.springframework.boot.actuate.autoconfigure.observation.ObservationProperties'
2026-04-15 22:39:33.812 [main] DEBUG o.s.b.factory.support.DefaultListableBeanFactory - Autowiring by type from bean name 'observationWebClientCustomizer' via factory method to bean named 'management.metrics-org.springframework.boot.actuate.autoconfigure.metrics.MetricsProperties'
2026-04-15 22:39:33.815 [main] DEBUG o.s.b.factory.support.DefaultListableBeanFactory - Creating shared instance of singleton bean 'springAiFunctionManager'
2026-04-15 22:39:33.815 [main] DEBUG o.s.b.factory.support.DefaultListableBeanFactory - Autowiring by type from bean name 'springAiFunctionManager' via factory method to bean named 'org.springframework.boot.web.servlet.context.AnnotationConfigServletWebServerApplicationContext@294bdeb4'
2026-04-15 22:39:33.817 [main] DEBUG o.s.b.factory.support.DefaultListableBeanFactory - Creating shared instance of singleton bean 'retryTemplate'
2026-04-15 22:39:33.817 [main] DEBUG o.s.b.factory.support.DefaultListableBeanFactory - Creating shared instance of singleton bean 'org.springframework.ai.autoconfigure.retry.SpringAiRetryAutoConfiguration'
2026-04-15 22:39:33.817 [main] DEBUG o.s.b.factory.support.DefaultListableBeanFactory - Creating shared instance of singleton bean 'spring.ai.retry-org.springframework.ai.autoconfigure.retry.SpringAiRetryProperties'
2026-04-15 22:39:33.818 [main] DEBUG o.s.b.factory.support.DefaultListableBeanFactory - Autowiring by type from bean name 'retryTemplate' via factory method to bean named 'spring.ai.retry-org.springframework.ai.autoconfigure.retry.SpringAiRetryProperties'
2026-04-15 22:39:33.827 [main] DEBUG o.s.b.factory.support.DefaultListableBeanFactory - Creating shared instance of singleton bean 'responseErrorHandler'
2026-04-15 22:39:33.827 [main] DEBUG o.s.b.factory.support.DefaultListableBeanFactory - Autowiring by type from bean name 'responseErrorHandler' via factory method to bean named 'spring.ai.retry-org.springframework.ai.autoconfigure.retry.SpringAiRetryProperties'
2026-04-15 22:39:33.828 [main] DEBUG o.s.b.factory.support.DefaultListableBeanFactory - Autowiring by type from bean name 'dashscopeChatModel' via factory method to bean named 'spring.ai.dashscope-com.alibaba.cloud.ai.autoconfigure.dashscope.DashScopeConnectionProperties'
2026-04-15 22:39:33.829 [main] DEBUG o.s.b.factory.support.DefaultListableBeanFactory - Autowiring by type from bean name 'dashscopeChatModel' via factory method to bean named 'spring.ai.dashscope.chat-com.alibaba.cloud.ai.autoconfigure.dashscope.DashScopeChatProperties'
2026-04-15 22:39:33.829 [main] DEBUG o.s.b.factory.support.DefaultListableBeanFactory - Autowiring by type from bean name 'dashscopeChatModel' via factory method to bean named 'restClientBuilder'
2026-04-15 22:39:33.829 [main] DEBUG o.s.b.factory.support.DefaultListableBeanFactory - Autowiring by type from bean name 'dashscopeChatModel' via factory method to bean named 'webClientBuilder'
2026-04-15 22:39:33.829 [main] DEBUG o.s.b.factory.support.DefaultListableBeanFactory - Autowiring by type from bean name 'dashscopeChatModel' via factory method to bean named 'springAiFunctionManager'
2026-04-15 22:39:33.829 [main] DEBUG o.s.b.factory.support.DefaultListableBeanFactory - Autowiring by type from bean name 'dashscopeChatModel' via factory method to bean named 'retryTemplate'
2026-04-15 22:39:33.829 [main] DEBUG o.s.b.factory.support.DefaultListableBeanFactory - Autowiring by type from bean name 'dashscopeChatModel' via factory method to bean named 'responseErrorHandler'
2026-04-15 22:39:33.885 [main] DEBUG o.s.b.factory.support.DefaultListableBeanFactory - Autowiring by type from bean name 'qwen1' via factory method to bean named 'dashscopeChatModel'
2026-04-15 22:39:33.895 [main] DEBUG o.s.b.factory.support.DefaultListableBeanFactory - Creating shared instance of singleton bean 'AIDialogue'
2026-04-15 22:39:33.896 [main] DEBUG o.s.b.factory.support.DefaultListableBeanFactory - Creating shared instance of singleton bean 'ceshi_controller'
2026-04-15 22:39:33.896 [main] DEBUG o.s.b.factory.support.DefaultListableBeanFactory - Creating shared instance of singleton bean 'ai'
2026-04-15 22:39:33.898 [main] DEBUG o.s.b.factory.support.DefaultListableBeanFactory - Creating shared instance of singleton bean 'managerAiService'
2026-04-15 22:39:33.907 [main] DEBUG o.s.b.factory.support.DefaultListableBeanFactory - Creating shared instance of singleton bean 'managerAiMapper'
2026-04-15 22:39:33.917 [main] DEBUG o.s.b.factory.support.DefaultListableBeanFactory - Creating shared instance of singleton bean 'manager'
2026-04-15 22:39:33.920 [main] DEBUG o.s.b.factory.support.DefaultListableBeanFactory - Creating shared instance of singleton bean 'managerService'
2026-04-15 22:39:33.923 [main] DEBUG o.s.b.factory.support.DefaultListableBeanFactory - Creating shared instance of singleton bean 'managerMapper'
2026-04-15 22:39:33.960 [main] DEBUG o.s.b.factory.support.DefaultListableBeanFactory - Creating shared instance of singleton bean 'userMapper'
2026-04-15 22:39:33.964 [main] DEBUG o.s.b.factory.support.DefaultListableBeanFactory - Creating shared instance of singleton bean 'aliVideoUtil'
2026-04-15 22:39:33.965 [main] DEBUG o.s.b.factory.support.DefaultListableBeanFactory - Creating shared instance of singleton bean 'aliOssUtil'
2026-04-15 22:39:33.966 [main] DEBUG o.s.core.env.PropertySourcesPropertyResolver - Found key 'aliyun.oss.endpoint' in PropertySource 'environmentProperties' with value of type String
2026-04-15 22:39:33.966 [main] DEBUG o.s.core.env.PropertySourcesPropertyResolver - Found key 'aliyun.oss.access-key-id' in PropertySource 'environmentProperties' with value of type String
2026-04-15 22:39:33.966 [main] DEBUG o.s.core.env.PropertySourcesPropertyResolver - Found key 'aliyun.oss.access-key-secret' in PropertySource 'environmentProperties' with value of type String
2026-04-15 22:39:33.967 [main] DEBUG o.s.core.env.PropertySourcesPropertyResolver - Found key 'aliyun.oss.bucket-name' in PropertySource 'environmentProperties' with value of type String
2026-04-15 22:39:33.967 [main] DEBUG o.s.core.env.PropertySourcesPropertyResolver - Found key 'aliyun.oss.base-dir' in PropertySource 'environmentProperties' with value of type String
2026-04-15 22:39:33.967 [main] DEBUG o.s.core.env.PropertySourcesPropertyResolver - Found key 'aliyun.oss.base-vio' in PropertySource 'environmentProperties' with value of type String
2026-04-15 22:39:33.968 [main] DEBUG o.s.b.factory.support.DefaultListableBeanFactory - Creating shared instance of singleton bean 'videoMapper'
2026-04-15 22:39:34.010 [main] DEBUG o.s.b.factory.support.DefaultListableBeanFactory - Creating shared instance of singleton bean 'managerComment'
2026-04-15 22:39:34.012 [main] DEBUG o.s.b.factory.support.DefaultListableBeanFactory - Creating shared instance of singleton bean 'managerMapperService'
2026-04-15 22:39:34.012 [main] DEBUG o.s.b.factory.support.DefaultListableBeanFactory - Creating shared instance of singleton bean 'managerCommentMapper'
2026-04-15 22:39:34.018 [main] DEBUG o.s.b.factory.support.DefaultListableBeanFactory - Creating shared instance of singleton bean 'managerVideo'
2026-04-15 22:39:34.020 [main] DEBUG o.s.b.factory.support.DefaultListableBeanFactory - Creating shared instance of singleton bean 'managerVideoService'
2026-04-15 22:39:34.021 [main] DEBUG o.s.b.factory.support.DefaultListableBeanFactory - Creating shared instance of singleton bean 'managerVideoMapper'
2026-04-15 22:39:34.048 [main] DEBUG o.s.b.factory.support.DefaultListableBeanFactory - Creating shared instance of singleton bean 'resources'
2026-04-15 22:39:34.050 [main] DEBUG o.s.b.factory.support.DefaultListableBeanFactory - Creating shared instance of singleton bean 'homeResourcesService'
2026-04-15 22:39:34.051 [main] DEBUG o.s.b.factory.support.DefaultListableBeanFactory - Creating shared instance of singleton bean 'homeResourseMapper'
2026-04-15 22:39:34.057 [main] DEBUG o.s.b.factory.support.DefaultListableBeanFactory - Creating shared instance of singleton bean 'videoService'
2026-04-15 22:39:34.115 [main] DEBUG o.s.b.factory.support.DefaultListableBeanFactory - Creating shared instance of singleton bean 'userChat'
2026-04-15 22:39:34.116 [main] DEBUG o.s.b.factory.support.DefaultListableBeanFactory - Creating shared instance of singleton bean 'userChatService'
2026-04-15 22:39:34.117 [main] DEBUG o.s.b.factory.support.DefaultListableBeanFactory - Autowiring by type from bean name 'userChatService' via constructor to bean named 'mongoTemplate'
2026-04-15 22:39:34.118 [main] DEBUG o.s.b.factory.support.DefaultListableBeanFactory - Creating shared instance of singleton bean 'userChatMapper'
2026-04-15 22:39:34.136 [main] DEBUG o.s.b.factory.support.DefaultListableBeanFactory - Creating shared instance of singleton bean 'webSocketServer'
2026-04-15 22:39:34.139 [main] DEBUG o.s.b.factory.support.DefaultListableBeanFactory - Creating shared instance of singleton bean 'userInterestSchedule'
2026-04-15 22:39:34.142 [main] DEBUG o.s.b.factory.support.DefaultListableBeanFactory - Creating shared instance of singleton bean 'userHistoryService'
2026-04-15 22:39:34.143 [main] DEBUG o.s.b.factory.support.DefaultListableBeanFactory - Creating shared instance of singleton bean 'userHistoryServiceMapper'
2026-04-15 22:39:34.147 [main] DEBUG o.s.b.factory.support.DefaultListableBeanFactory - Creating shared instance of singleton bean 'userService'
2026-04-15 22:39:34.163 [main] DEBUG o.s.b.factory.support.DefaultListableBeanFactory - Creating shared instance of singleton bean 'email'
2026-04-15 22:39:34.164 [main] DEBUG o.s.b.factory.support.DefaultListableBeanFactory - Creating shared instance of singleton bean 'emailVerifyUtils'
2026-04-15 22:39:34.164 [main] DEBUG o.s.b.factory.support.DefaultListableBeanFactory - Creating shared instance of singleton bean 'javaMailSender'
2026-04-15 22:39:34.185 [main] DEBUG o.s.b.factory.support.DefaultListableBeanFactory - Creating shared instance of singleton bean 'cacheManager'
2026-04-15 22:39:34.192 [main] DEBUG o.s.b.factory.support.DefaultListableBeanFactory - Creating shared instance of singleton bean 'emailUserService'
2026-04-15 22:39:34.192 [main] DEBUG o.s.b.factory.support.DefaultListableBeanFactory - Creating shared instance of singleton bean 'emailUserMapper'
2026-04-15 22:39:34.201 [main] DEBUG o.s.b.factory.support.DefaultListableBeanFactory - Creating shared instance of singleton bean 'user'
2026-04-15 22:39:34.203 [main] DEBUG o.s.b.factory.support.DefaultListableBeanFactory - Creating shared instance of singleton bean 'videoScoreCalculateTask'
2026-04-15 22:39:34.204 [main] DEBUG o.s.b.factory.support.DefaultListableBeanFactory - Creating shared instance of singleton bean 'userVideo'
2026-04-15 22:39:34.205 [main] DEBUG o.s.b.factory.support.DefaultListableBeanFactory - Creating shared instance of singleton bean 'videoGet'
2026-04-15 22:39:34.206 [main] DEBUG o.s.b.factory.support.DefaultListableBeanFactory - Creating shared instance of singleton bean 'restTemplate'
2026-04-15 22:39:34.222 [main] DEBUG o.s.b.factory.support.DefaultListableBeanFactory - Creating shared instance of singleton bean 'videoController'
2026-04-15 22:39:34.224 [main] DEBUG o.s.b.factory.support.DefaultListableBeanFactory - Creating shared instance of singleton bean 'springContextUtil'
2026-04-15 22:39:34.224 [main] DEBUG o.s.b.factory.support.DefaultListableBeanFactory - Creating shared instance of singleton bean 'videoTranscodeUtil'
2026-04-15 22:39:34.226 [main] DEBUG o.s.b.factory.support.DefaultListableBeanFactory - Creating shared instance of singleton bean 'serverEndpointExporter'
2026-04-15 22:39:34.227 [main] DEBUG o.s.b.factory.support.DefaultListableBeanFactory - Creating shared instance of singleton bean 'webSocketContainer'
2026-04-15 22:39:34.233 [main] DEBUG o.s.b.factory.support.DefaultListableBeanFactory - Creating shared instance of singleton bean 'org.springframework.boot.autoconfigure.context.PropertyPlaceholderAutoConfiguration'
2026-04-15 22:39:34.233 [main] DEBUG o.s.b.factory.support.DefaultListableBeanFactory - Creating shared instance of singleton bean 'org.springframework.boot.autoconfigure.websocket.servlet.WebSocketServletAutoConfiguration'
2026-04-15 22:39:34.234 [main] DEBUG o.s.b.factory.support.DefaultListableBeanFactory - Creating shared instance of singleton bean 'org.springframework.boot.autoconfigure.web.servlet.DispatcherServletAutoConfiguration'
2026-04-15 22:39:34.234 [main] DEBUG o.s.b.factory.support.DefaultListableBeanFactory - Creating shared instance of singleton bean 'org.springframework.boot.autoconfigure.http.codec.CodecsAutoConfiguration'
2026-04-15 22:39:34.234 [main] DEBUG o.s.b.factory.support.DefaultListableBeanFactory - Creating shared instance of singleton bean 'org.springframework.boot.autoconfigure.validation.ValidationAutoConfiguration'
2026-04-15 22:39:34.234 [main] DEBUG o.s.b.factory.support.DefaultListableBeanFactory - Creating shared instance of singleton bean 'defaultValidator'
2026-04-15 22:39:34.234 [main] DEBUG o.s.b.factory.support.DefaultListableBeanFactory - Autowiring by type from bean name 'defaultValidator' via factory method to bean named 'org.springframework.boot.web.servlet.context.AnnotationConfigServletWebServerApplicationContext@294bdeb4'
2026-04-15 22:39:34.237 [main] DEBUG o.h.v.m.ResourceBundleMessageInterpolator - Loaded expression factory via original TCCL
2026-04-15 22:39:34.240 [main] DEBUG o.h.v.internal.engine.AbstractConfigurationImpl - Setting custom MessageInterpolator of type org.springframework.validation.beanvalidation.LocaleContextMessageInterpolator
2026-04-15 22:39:34.240 [main] DEBUG o.h.v.internal.engine.AbstractConfigurationImpl - Setting custom ConstraintValidatorFactory of type org.springframework.validation.beanvalidation.SpringConstraintValidatorFactory
2026-04-15 22:39:34.242 [main] DEBUG o.h.v.internal.xml.config.ValidationXmlParser - Trying to load META-INF/validation.xml for XML based Validator configuration.
2026-04-15 22:39:34.242 [main] DEBUG o.h.v.internal.xml.config.ResourceLoaderHelper - Trying to load META-INF/validation.xml via user class loader
2026-04-15 22:39:34.242 [main] DEBUG o.h.v.internal.xml.config.ResourceLoaderHelper - Trying to load META-INF/validation.xml via TCCL
2026-04-15 22:39:34.242 [main] DEBUG o.h.v.internal.xml.config.ResourceLoaderHelper - Trying to load META-INF/validation.xml via Hibernate Validator's class loader
2026-04-15 22:39:34.243 [main] DEBUG o.h.v.internal.xml.config.ValidationXmlParser - No META-INF/validation.xml found. Using annotation based configuration only.
2026-04-15 22:39:34.243 [main] DEBUG o.h.v.i.engine.resolver.TraversableResolvers - Cannot find jakarta.persistence.Persistence on classpath. Assuming non JPA 2 environment. All properties will per default be traversable.
2026-04-15 22:39:34.244 [main] DEBUG o.h.v.i.engine.ValidatorFactoryConfigurationHelper - HV000252: Using org.hibernate.validator.internal.engine.DefaultPropertyNodeNameProvider as property node name provider.
2026-04-15 22:39:34.245 [main] DEBUG o.h.v.i.engine.ValidatorFactoryConfigurationHelper - HV000234: Using org.springframework.validation.beanvalidation.LocaleContextMessageInterpolator as ValidatorFactory-scoped message interpolator.
2026-04-15 22:39:34.245 [main] DEBUG o.h.v.i.engine.ValidatorFactoryConfigurationHelper - HV000234: Using org.hibernate.validator.internal.engine.resolver.TraverseAllTraversableResolver as ValidatorFactory-scoped traversable resolver.
2026-04-15 22:39:34.245 [main] DEBUG o.h.v.i.engine.ValidatorFactoryConfigurationHelper - HV000234: Using org.hibernate.validator.internal.util.ExecutableParameterNameProvider as ValidatorFactory-scoped parameter name provider.
2026-04-15 22:39:34.245 [main] DEBUG o.h.v.i.engine.ValidatorFactoryConfigurationHelper - HV000234: Using org.hibernate.validator.internal.engine.DefaultClockProvider as ValidatorFactory-scoped clock provider.
2026-04-15 22:39:34.245 [main] DEBUG o.h.v.i.engine.ValidatorFactoryConfigurationHelper - HV000234: Using org.hibernate.validator.internal.engine.scripting.DefaultScriptEvaluatorFactory as ValidatorFactory-scoped script evaluator factory.
2026-04-15 22:39:34.248 [main] DEBUG o.s.b.factory.support.DefaultListableBeanFactory - Creating shared instance of singleton bean 'org.springframework.boot.autoconfigure.task.TaskExecutorConfigurations$SimpleAsyncTaskExecutorBuilderConfiguration'
2026-04-15 22:39:34.249 [main] DEBUG o.s.b.factory.support.DefaultListableBeanFactory - Autowiring by type from bean name 'org.springframework.boot.autoconfigure.task.TaskExecutorConfigurations$SimpleAsyncTaskExecutorBuilderConfiguration' via constructor to bean named 'spring.task.execution-org.springframework.boot.autoconfigure.task.TaskExecutionProperties'
2026-04-15 22:39:34.250 [main] DEBUG o.s.b.factory.support.DefaultListableBeanFactory - Creating shared instance of singleton bean 'simpleAsyncTaskExecutorBuilder'
2026-04-15 22:39:34.252 [main] DEBUG o.s.b.factory.support.DefaultListableBeanFactory - Creating shared instance of singleton bean 'org.springframework.boot.autoconfigure.task.TaskExecutorConfigurations$AsyncConfigurerConfiguration'
2026-04-15 22:39:34.253 [main] DEBUG o.s.b.factory.support.DefaultListableBeanFactory - Creating shared instance of singleton bean 'applicationTaskExecutorAsyncConfigurer'
2026-04-15 22:39:34.253 [main] DEBUG o.s.b.factory.support.DefaultListableBeanFactory - Autowiring by type from bean name 'applicationTaskExecutorAsyncConfigurer' via factory method to bean named 'org.springframework.beans.factory.support.DefaultListableBeanFactory@652ab8d9'
2026-04-15 22:39:34.254 [main] DEBUG o.s.b.factory.support.DefaultListableBeanFactory - Creating shared instance of singleton bean 'org.springframework.boot.autoconfigure.task.TaskExecutorConfigurations$BootstrapExecutorConfiguration'
2026-04-15 22:39:34.254 [main] DEBUG o.s.b.factory.support.DefaultListableBeanFactory - Creating shared instance of singleton bean 'org.springframework.boot.autoconfigure.task.TaskExecutionAutoConfiguration'
2026-04-15 22:39:34.254 [main] DEBUG o.s.b.factory.support.DefaultListableBeanFactory - Creating shared instance of singleton bean 'org.springframework.boot.autoconfigure.web.servlet.error.ErrorMvcAutoConfiguration$WhitelabelErrorViewConfiguration'
2026-04-15 22:39:34.255 [main] DEBUG o.s.b.factory.support.DefaultListableBeanFactory - Creating shared instance of singleton bean 'error'
2026-04-15 22:39:34.255 [main] DEBUG o.s.b.factory.support.DefaultListableBeanFactory - Creating shared instance of singleton bean 'beanNameViewResolver'
2026-04-15 22:39:34.256 [main] DEBUG o.s.b.factory.support.DefaultListableBeanFactory - Creating shared instance of singleton bean 'org.springframework.boot.autoconfigure.web.servlet.error.ErrorMvcAutoConfiguration$DefaultErrorViewResolverConfiguration'
2026-04-15 22:39:34.256 [main] DEBUG o.s.b.factory.support.DefaultListableBeanFactory - Creating shared instance of singleton bean 'spring.web-org.springframework.boot.autoconfigure.web.WebProperties'
2026-04-15 22:39:34.260 [main] DEBUG o.s.b.factory.support.DefaultListableBeanFactory - Autowiring by type from bean name 'org.springframework.boot.autoconfigure.web.servlet.error.ErrorMvcAutoConfiguration$DefaultErrorViewResolverConfiguration' via constructor to bean named 'org.springframework.boot.web.servlet.context.AnnotationConfigServletWebServerApplicationContext@294bdeb4'
2026-04-15 22:39:34.260 [main] DEBUG o.s.b.factory.support.DefaultListableBeanFactory - Autowiring by type from bean name 'org.springframework.boot.autoconfigure.web.servlet.error.ErrorMvcAutoConfiguration$DefaultErrorViewResolverConfiguration' via constructor to bean named 'spring.web-org.springframework.boot.autoconfigure.web.WebProperties'
2026-04-15 22:39:34.260 [main] DEBUG o.s.b.factory.support.DefaultListableBeanFactory - Creating shared instance of singleton bean 'conventionErrorViewResolver'
2026-04-15 22:39:34.261 [main] DEBUG o.s.b.factory.support.DefaultListableBeanFactory - Creating shared instance of singleton bean 'errorAttributes'
2026-04-15 22:39:34.263 [main] DEBUG o.s.b.factory.support.DefaultListableBeanFactory - Creating shared instance of singleton bean 'basicErrorController'
2026-04-15 22:39:34.263 [main] DEBUG o.s.b.factory.support.DefaultListableBeanFactory - Autowiring by type from bean name 'basicErrorController' via factory method to bean named 'errorAttributes'
2026-04-15 22:39:34.267 [main] DEBUG o.s.b.factory.support.DefaultListableBeanFactory - Creating shared instance of singleton bean 'org.springframework.boot.autoconfigure.web.servlet.WebMvcAutoConfiguration$EnableWebMvcConfiguration'
2026-04-15 22:39:34.270 [main] DEBUG o.s.b.factory.support.DefaultListableBeanFactory - Autowiring by type from bean name 'org.springframework.boot.autoconfigure.web.servlet.WebMvcAutoConfiguration$EnableWebMvcConfiguration' via constructor to bean named 'spring.mvc-org.springframework.boot.autoconfigure.web.servlet.WebMvcProperties'
2026-04-15 22:39:34.270 [main] DEBUG o.s.b.factory.support.DefaultListableBeanFactory - Autowiring by type from bean name 'org.springframework.boot.autoconfigure.web.servlet.WebMvcAutoConfiguration$EnableWebMvcConfiguration' via constructor to bean named 'spring.web-org.springframework.boot.autoconfigure.web.WebProperties'
2026-04-15 22:39:34.270 [main] DEBUG o.s.b.factory.support.DefaultListableBeanFactory - Autowiring by type from bean name 'org.springframework.boot.autoconfigure.web.servlet.WebMvcAutoConfiguration$EnableWebMvcConfiguration' via constructor to bean named 'org.springframework.beans.factory.support.DefaultListableBeanFactory@652ab8d9'
2026-04-15 22:39:34.272 [main] DEBUG o.s.b.factory.support.DefaultListableBeanFactory - Creating shared instance of singleton bean 'org.springframework.boot.autoconfigure.web.servlet.WebMvcAutoConfiguration$WebMvcAutoConfigurationAdapter'
2026-04-15 22:39:34.272 [main] DEBUG o.s.b.factory.support.DefaultListableBeanFactory - Autowiring by type from bean name 'org.springframework.boot.autoconfigure.web.servlet.WebMvcAutoConfiguration$WebMvcAutoConfigurationAdapter' via constructor to bean named 'spring.web-org.springframework.boot.autoconfigure.web.WebProperties'
2026-04-15 22:39:34.272 [main] DEBUG o.s.b.factory.support.DefaultListableBeanFactory - Autowiring by type from bean name 'org.springframework.boot.autoconfigure.web.servlet.WebMvcAutoConfiguration$WebMvcAutoConfigurationAdapter' via constructor to bean named 'spring.mvc-org.springframework.boot.autoconfigure.web.servlet.WebMvcProperties'
2026-04-15 22:39:34.272 [main] DEBUG o.s.b.factory.support.DefaultListableBeanFactory - Autowiring by type from bean name 'org.springframework.boot.autoconfigure.web.servlet.WebMvcAutoConfiguration$WebMvcAutoConfigurationAdapter' via constructor to bean named 'org.springframework.beans.factory.support.DefaultListableBeanFactory@652ab8d9'
2026-04-15 22:39:34.273 [main] DEBUG o.s.b.factory.support.DefaultListableBeanFactory - Creating shared instance of singleton bean 'org.springframework.data.web.config.SpringDataWebConfiguration'
2026-04-15 22:39:34.274 [main] DEBUG o.s.b.factory.support.DefaultListableBeanFactory - Autowiring by type from bean name 'org.springframework.data.web.config.SpringDataWebConfiguration' via constructor to bean named 'org.springframework.boot.web.servlet.context.AnnotationConfigServletWebServerApplicationContext@294bdeb4'
2026-04-15 22:39:34.276 [main] DEBUG o.s.b.factory.support.DefaultListableBeanFactory - Creating shared instance of singleton bean 'endpointObjectMapperWebMvcConfigurer'
2026-04-15 22:39:34.276 [main] DEBUG o.s.b.factory.support.DefaultListableBeanFactory - Creating shared instance of singleton bean 'endpointObjectMapper'
2026-04-15 22:39:34.276 [main] DEBUG o.s.b.factory.support.DefaultListableBeanFactory - Creating shared instance of singleton bean 'org.springframework.boot.actuate.autoconfigure.endpoint.jackson.JacksonEndpointAutoConfiguration'
2026-04-15 22:39:34.278 [main] DEBUG o.s.b.factory.support.DefaultListableBeanFactory - Autowiring by type from bean name 'endpointObjectMapperWebMvcConfigurer' via factory method to bean named 'endpointObjectMapper'
2026-04-15 22:39:34.282 [main] DEBUG o.s.b.factory.support.DefaultListableBeanFactory - Creating shared instance of singleton bean 'welcomePageHandlerMapping'
2026-04-15 22:39:34.283 [main] DEBUG o.s.b.factory.support.DefaultListableBeanFactory - Creating shared instance of singleton bean 'mvcConversionService'
2026-04-15 22:39:34.293 [main] DEBUG o.s.b.factory.support.DefaultListableBeanFactory - Creating shared instance of singleton bean 'mvcResourceUrlProvider'
2026-04-15 22:39:34.295 [main] DEBUG o.s.b.factory.support.DefaultListableBeanFactory - Autowiring by type from bean name 'welcomePageHandlerMapping' via factory method to bean named 'org.springframework.boot.web.servlet.context.AnnotationConfigServletWebServerApplicationContext@294bdeb4'
2026-04-15 22:39:34.295 [main] DEBUG o.s.b.factory.support.DefaultListableBeanFactory - Autowiring by type from bean name 'welcomePageHandlerMapping' via factory method to bean named 'mvcConversionService'
2026-04-15 22:39:34.295 [main] DEBUG o.s.b.factory.support.DefaultListableBeanFactory - Autowiring by type from bean name 'welcomePageHandlerMapping' via factory method to bean named 'mvcResourceUrlProvider'
2026-04-15 22:39:34.318 [main] DEBUG o.s.b.factory.support.DefaultListableBeanFactory - Creating shared instance of singleton bean 'welcomePageNotAcceptableHandlerMapping'
2026-04-15 22:39:34.318 [main] DEBUG o.s.b.factory.support.DefaultListableBeanFactory - Autowiring by type from bean name 'welcomePageNotAcceptableHandlerMapping' via factory method to bean named 'org.springframework.boot.web.servlet.context.AnnotationConfigServletWebServerApplicationContext@294bdeb4'
2026-04-15 22:39:34.318 [main] DEBUG o.s.b.factory.support.DefaultListableBeanFactory - Autowiring by type from bean name 'welcomePageNotAcceptableHandlerMapping' via factory method to bean named 'mvcConversionService'
2026-04-15 22:39:34.318 [main] DEBUG o.s.b.factory.support.DefaultListableBeanFactory - Autowiring by type from bean name 'welcomePageNotAcceptableHandlerMapping' via factory method to bean named 'mvcResourceUrlProvider'
2026-04-15 22:39:34.323 [main] DEBUG o.s.b.factory.support.DefaultListableBeanFactory - Creating shared instance of singleton bean 'localeResolver'
2026-04-15 22:39:34.324 [main] DEBUG o.s.b.factory.support.DefaultListableBeanFactory - Creating shared instance of singleton bean 'themeResolver'
2026-04-15 22:39:34.325 [main] DEBUG o.s.b.factory.support.DefaultListableBeanFactory - Creating shared instance of singleton bean 'flashMapManager'
2026-04-15 22:39:34.328 [main] DEBUG o.s.b.factory.support.DefaultListableBeanFactory - Creating shared instance of singleton bean 'viewNameTranslator'
2026-04-15 22:39:34.328 [main] DEBUG o.s.b.factory.support.DefaultListableBeanFactory - Creating shared instance of singleton bean 'mvcValidator'
2026-04-15 22:39:34.330 [main] DEBUG o.s.b.factory.support.DefaultListableBeanFactory - Creating shared instance of singleton bean 'mvcContentNegotiationManager'
2026-04-15 22:39:34.334 [main] DEBUG o.s.b.factory.support.DefaultListableBeanFactory - Creating shared instance of singleton bean 'requestMappingHandlerMapping'
2026-04-15 22:39:34.335 [main] DEBUG o.s.b.factory.support.DefaultListableBeanFactory - Autowiring by type from bean name 'requestMappingHandlerMapping' via factory method to bean named 'mvcContentNegotiationManager'
2026-04-15 22:39:34.335 [main] DEBUG o.s.b.factory.support.DefaultListableBeanFactory - Autowiring by type from bean name 'requestMappingHandlerMapping' via factory method to bean named 'mvcConversionService'
2026-04-15 22:39:34.335 [main] DEBUG o.s.b.factory.support.DefaultListableBeanFactory - Autowiring by type from bean name 'requestMappingHandlerMapping' via factory method to bean named 'mvcResourceUrlProvider'
2026-04-15 22:39:34.357 [main] DEBUG _.s.web.servlet.HandlerMapping.Mappings - 
	c.e.X.C.A.AiController:
	{POST [/ai/hone2]}: home2(int)
	{GET [/ai/chat/conversation]}: getConversationList()
	{GET [/ai/ai-model]}: getAiModel()
	{GET [/ai/chat/history]}: getChatHistory(String)
	{POST [/ai/chat/stream], produces [text/event-stream]}: streamChat(AiChatRequest)
	{GET [/ai/hone]}: hone()
	{GET [/ai/chat1], produces [text/html;charset=UTF-8]}: chat1(String)
2026-04-15 22:39:34.363 [main] DEBUG _.s.web.servlet.HandlerMapping.Mappings - 
	c.e.X.C.A.AIDialogue:
	
2026-04-15 22:39:34.364 [main] DEBUG _.s.web.servlet.HandlerMapping.Mappings - 
	c.e.X.C.ceshi_controller:
	{GET [/ceshi/ceshi1]}: ceshi1()
2026-04-15 22:39:34.365 [main] DEBUG _.s.web.servlet.HandlerMapping.Mappings - 
	c.e.X.C.M.M.Ai:
	{ [/admin/Ai/getAi]}: getAi(AiConfig)
	{POST [/admin/Ai/deleteAi]}: deleteAi(String,Integer)
	{POST [/admin/Ai/addAi]}: addAi(AddAiConfig)
	{POST [/admin/Ai/updateAi]}: updateAi(AiConfig)
2026-04-15 22:39:34.368 [main] DEBUG _.s.web.servlet.HandlerMapping.Mappings - 
	c.e.X.C.M.M.Manager:
	{POST [/admin/login]}: login(String,String)
	{GET [/admin/GetauditVideoResult]}: GetauditVideoResult()
	{POST [/admin/uploadShenHeImageResult]}: uploadShenHeImageResult(String,String,int)
	{GET [/admin/getSysResourceConfig]}: getSysResourceConfig()
	{POST [/admin/updateSysResourceConfig]}: updateSysResourceConfig(String,String)
	{POST [/admin/updateVideoSortWeight]}: updatavideosortweight(SysScoewConfig)
	{POST [/admin/updateUserStatus]}: updateUserStatus(String,Integer)
	{POST [/admin/auditVideo]}: auditVideo(Map)
	{POST [/admin/getShenHeImage]}: getShenHeImage(List)
	{GET [/admin/getUserList]}: getUserList(int,int,Integer,String,Integer)
	{POST [/admin/solvejubao]}: solvejubao(String,Integer,Integer)
	{GET [/admin/getdataease]}: getdataease()
	{GET [/admin/getManagerMessage]}: getManagerMessage()
	{POST [/admin/updatePoolConfig]}: updatePoolConfig(PoolExtractRuleUpdateDTO)
	{GET [/admin/getAuditVideo]}: getAuditVideo()
	{POST [/admin/updateUserMessage]}: updateUserMessage(UserUpdateDTO)
	{GET [/admin/getjubao]}: getjubao(int,int,Integer,Integer,LocalDateTime,LocalDateTime)
	{POST [/admin/addPool]}: addPool(PoolExtractRuleUpdateDTO)
	{POST [/admin/deletePool]}: deletePool(Long)
	{GET [/admin/getSysScoreConfig]}: getSysScoreConfig()
	{POST [/admin/insertmanager]}: insertmanager(String,String,String,String)
2026-04-15 22:39:34.372 [main] DEBUG _.s.web.servlet.HandlerMapping.Mappings - 
	c.e.X.C.M.M.ManagerComment:
	{ [/admin/comment/deleteComment]}: deleteComment(String,Integer)
	{ [/admin/comment/getCommentList]}: getCommentList(int,int,Integer,String,LocalDateTime,LocalDateTime)
2026-04-15 22:39:34.372 [main] DEBUG _.s.web.servlet.HandlerMapping.Mappings - 
	c.e.X.C.M.M.ManagerVideo:
	{ [/admin/Video/getVideo]}: getVideo(int,int,int)
	{ [/admin/Video/getVideoDetail]}: getVideoDetail(String,int)
	{POST [/admin/Video/deleteVideo]}: deleteVideo(DeleteVideoDTO)
2026-04-15 22:39:34.373 [main] DEBUG _.s.web.servlet.HandlerMapping.Mappings - 
	c.e.X.C.M.S.Resources:
	{POST [/home/readMessage]}: readMessage(ReadMessageDTO)
	{GET [/home/getUserAuditInfo]}: getUserAuditInfo()
	{ [/home/getHomeTop]}: getHomeTop()
	{ [/home/VideRecourse]}: getVideoRecourse(String)
2026-04-15 22:39:34.374 [main] DEBUG _.s.web.servlet.HandlerMapping.Mappings - 
	c.e.X.C.U.UserChat:
	{POST [/userChat/chat/read]}: read(List,String)
	{DELETE [/userChat/chat/deleteSession]}: deleteSession(String)
	{POST [/userChat/addFriend]}: addFriend(String)
	{GET [/userChat/frindlist]}: frindlist()
	{GET [/userChat/applylist]}: applylist()
	{GET [/userChat/chatHistory]}: chatHistory(String)
	{POST [/userChat/chat/deleteMessages]}: deleteMessages(String,List)
	{POST [/userChat/agree]}: agree(String,int)
2026-04-15 22:39:34.377 [main] DEBUG _.s.web.servlet.HandlerMapping.Mappings - 
	c.e.X.C.U.Email:
	{POST [/email/login]}: login(String,String,int)
	{POST [/email/send]}: sendVerifyCode(String,int)
	{POST [/email/updatePasswordbyem]}: updatePasswordbyem(String,String,int,String,HttpServletRequest)
	{POST [/email/register]}: sendCode(String,String,int,HttpServletRequest)
2026-04-15 22:39:34.380 [main] DEBUG _.s.web.servlet.HandlerMapping.Mappings - 
	c.e.X.C.U.User:
	{POST [/user/report]}: report(String,int,String,String,String)
	{POST [/user/register]}: register(String,String,String,String,HttpServletRequest)
	{POST [/user/login]}: login(String,String,String,HttpServletRequest)
	{GET [/user/other-data]}: GetOtherMessageDate(String)
	{POST [/user/updatePassword]}: updatePassword(String,String)
	{POST [/user/updateUserMessage]}: UpdateUserMessage(String)
	{GET [/user/date]}: GetUserMessageDate()
	{GET [/user/captcha]}: getCaptcha(HttpServletRequest,HttpServletResponse)
	{GET [/user/gettypelist]}: getTypeList()
	{POST [/user/readreport]}: readreport(List)
	{POST [/user/cancelFollow]}: cancelFollow(String,int)
	{GET [/user/getreport]}: getreport()
	{GET [/user/home]}: FirstHomeSourse()
	{POST [/user/updateLanguage]}: updateLanguage(String)
	{GET [/user/user-info-message]}: GetUserInfoMessage()
	{POST [/user/user-updateUserMessage]}: updateusermassage(UserUpdateDTO)
	{GET [/user/other-home]}: otherHome(String)
2026-04-15 22:39:34.383 [main] DEBUG _.s.web.servlet.HandlerMapping.Mappings - 
	c.e.X.C.V.UserVideo:
	{GET [/Video/search]}: search(String)
	{POST [/Video/delete-video-resource]}: deleteVideoResource(String)
	{POST [/Video/video/resource]}: uploadvideoResource(String,String,String,String,String,int,String)
	{GET [/Video/get-user-commentmessage]}: getUserCommentMessage()
	{POST [/Video/update-interact-status]}: updateInteractStatus(List)
	{GET [/Video/video-opmessage]}: getVideoOperateMessage(String)
	{POST [/Video/delete-video]}: deleteVideo(String)
	{GET [/Video/Videos]}: UserVideos(int)
	{GET [/Video/video-file]}: getVideoFile(String)
	{POST [/Video/upload-video]}: uploadvideo(VideoUploadDTO)
	{POST [/Video/video-comment]}: InsertVideoComment(CommentSubmitDTO)
	{POST [/Video/video-operate]}: insertVideooperate(VideoInteractReqDTO)
	{POST [/Video/user-commentmessage]}: userComentMessage(List)
	{GET [/Video/get-user-intercate]}: getUserIntercate()
	{GET [/Video/look-history]}: getUserHistory()
	{POST [/Video/video-history]}: insertVideoHistory(UserViewHistoryDTO)
	{GET [/Video/videoresoultion]}: getVideoResoultion(String)
2026-04-15 22:39:34.385 [main] DEBUG _.s.web.servlet.HandlerMapping.Mappings - 
	c.e.X.C.V.VideoController:
	{POST [/Video/video]}: uploadvideomv(MultipartFile)
	{POST [/Video/emage/upload]}: uploadVideo(MultipartFile)
2026-04-15 22:39:34.386 [main] DEBUG _.s.web.servlet.HandlerMapping.Mappings - 
	c.e.X.u.V.VideoGet:
	
2026-04-15 22:39:34.387 [main] DEBUG _.s.web.servlet.HandlerMapping.Mappings - 
	o.s.b.a.w.s.e.BasicErrorController:
	{ [/error]}: error(HttpServletRequest)
	{ [/error], produces [text/html]}: errorHtml(HttpServletRequest,HttpServletResponse)
2026-04-15 22:39:34.390 [main] DEBUG o.s.w.s.m.m.a.RequestMappingHandlerMapping - 92 mappings in 'requestMappingHandlerMapping'
2026-04-15 22:39:34.394 [main] DEBUG o.s.b.factory.support.DefaultListableBeanFactory - Creating shared instance of singleton bean 'mvcPatternParser'
2026-04-15 22:39:34.394 [main] DEBUG o.s.b.factory.support.DefaultListableBeanFactory - Creating shared instance of singleton bean 'mvcUrlPathHelper'
2026-04-15 22:39:34.395 [main] DEBUG o.s.b.factory.support.DefaultListableBeanFactory - Creating shared instance of singleton bean 'mvcPathMatcher'
2026-04-15 22:39:34.395 [main] DEBUG o.s.b.factory.support.DefaultListableBeanFactory - Creating shared instance of singleton bean 'viewControllerHandlerMapping'
2026-04-15 22:39:34.396 [main] DEBUG o.s.b.factory.support.DefaultListableBeanFactory - Autowiring by type from bean name 'viewControllerHandlerMapping' via factory method to bean named 'mvcConversionService'
2026-04-15 22:39:34.396 [main] DEBUG o.s.b.factory.support.DefaultListableBeanFactory - Autowiring by type from bean name 'viewControllerHandlerMapping' via factory method to bean named 'mvcResourceUrlProvider'
2026-04-15 22:39:34.396 [main] DEBUG o.s.b.factory.support.DefaultListableBeanFactory - Creating shared instance of singleton bean 'beanNameHandlerMapping'
2026-04-15 22:39:34.397 [main] DEBUG o.s.b.factory.support.DefaultListableBeanFactory - Autowiring by type from bean name 'beanNameHandlerMapping' via factory method to bean named 'mvcConversionService'
2026-04-15 22:39:34.397 [main] DEBUG o.s.b.factory.support.DefaultListableBeanFactory - Autowiring by type from bean name 'beanNameHandlerMapping' via factory method to bean named 'mvcResourceUrlProvider'
2026-04-15 22:39:34.399 [main] DEBUG _.s.web.servlet.HandlerMapping.Mappings - 'beanNameHandlerMapping' {}
2026-04-15 22:39:34.400 [main] DEBUG o.s.b.factory.support.DefaultListableBeanFactory - Creating shared instance of singleton bean 'routerFunctionMapping'
2026-04-15 22:39:34.400 [main] DEBUG o.s.b.factory.support.DefaultListableBeanFactory - Autowiring by type from bean name 'routerFunctionMapping' via factory method to bean named 'mvcConversionService'
2026-04-15 22:39:34.400 [main] DEBUG o.s.b.factory.support.DefaultListableBeanFactory - Autowiring by type from bean name 'routerFunctionMapping' via factory method to bean named 'mvcResourceUrlProvider'
2026-04-15 22:39:34.407 [main] DEBUG o.s.b.factory.support.DefaultListableBeanFactory - Creating shared instance of singleton bean 'resourceHandlerMapping'
2026-04-15 22:39:34.408 [main] DEBUG o.s.b.factory.support.DefaultListableBeanFactory - Autowiring by type from bean name 'resourceHandlerMapping' via factory method to bean named 'mvcContentNegotiationManager'
2026-04-15 22:39:34.408 [main] DEBUG o.s.b.factory.support.DefaultListableBeanFactory - Autowiring by type from bean name 'resourceHandlerMapping' via factory method to bean named 'mvcConversionService'
2026-04-15 22:39:34.408 [main] DEBUG o.s.b.factory.support.DefaultListableBeanFactory - Autowiring by type from bean name 'resourceHandlerMapping' via factory method to bean named 'mvcResourceUrlProvider'
2026-04-15 22:39:34.423 [main] DEBUG _.s.web.servlet.HandlerMapping.Mappings - 'resourceHandlerMapping' {/webjars/**=ResourceHttpRequestHandler [classpath [META-INF/resources/webjars/]], /**=ResourceHttpRequestHandler [classpath [META-INF/resources/], classpath [resources/], classpath [static/], classpath [public/], ServletContext [/]]}
2026-04-15 22:39:34.425 [main] DEBUG o.s.b.factory.support.DefaultListableBeanFactory - Creating shared instance of singleton bean 'defaultServletHandlerMapping'
2026-04-15 22:39:34.425 [main] DEBUG o.s.b.factory.support.DefaultListableBeanFactory - Creating shared instance of singleton bean 'requestMappingHandlerAdapter'
2026-04-15 22:39:34.426 [main] DEBUG o.s.b.factory.support.DefaultListableBeanFactory - Autowiring by type from bean name 'requestMappingHandlerAdapter' via factory method to bean named 'mvcContentNegotiationManager'
2026-04-15 22:39:34.427 [main] DEBUG o.s.b.factory.support.DefaultListableBeanFactory - Autowiring by type from bean name 'requestMappingHandlerAdapter' via factory method to bean named 'mvcConversionService'
2026-04-15 22:39:34.427 [main] DEBUG o.s.b.factory.support.DefaultListableBeanFactory - Autowiring by type from bean name 'requestMappingHandlerAdapter' via factory method to bean named 'mvcValidator'
2026-04-15 22:39:34.432 [main] DEBUG o.s.b.factory.support.DefaultListableBeanFactory - Creating shared instance of singleton bean 'sortResolver'
2026-04-15 22:39:34.436 [main] DEBUG o.s.b.factory.support.DefaultListableBeanFactory - Creating shared instance of singleton bean 'sortCustomizer'
2026-04-15 22:39:34.439 [main] DEBUG o.s.b.factory.support.DefaultListableBeanFactory - Creating shared instance of singleton bean 'pageableResolver'
2026-04-15 22:39:34.440 [main] DEBUG o.s.b.factory.support.DefaultListableBeanFactory - Creating shared instance of singleton bean 'pageableCustomizer'
2026-04-15 22:39:34.451 [main] DEBUG o.s.w.s.m.m.a.RequestMappingHandlerAdapter - ControllerAdvice beans: 0 @ModelAttribute, 0 @InitBinder, 1 RequestBodyAdvice, 1 ResponseBodyAdvice
2026-04-15 22:39:34.472 [main] DEBUG o.s.b.factory.support.DefaultListableBeanFactory - Creating shared instance of singleton bean 'mvcViewResolver'
2026-04-15 22:39:34.472 [main] DEBUG o.s.b.factory.support.DefaultListableBeanFactory - Autowiring by type from bean name 'mvcViewResolver' via factory method to bean named 'mvcContentNegotiationManager'
2026-04-15 22:39:34.475 [main] DEBUG o.s.b.factory.support.DefaultListableBeanFactory - Creating shared instance of singleton bean 'defaultViewResolver'
2026-04-15 22:39:34.484 [main] DEBUG o.s.b.factory.support.DefaultListableBeanFactory - Creating shared instance of singleton bean 'viewResolver'
2026-04-15 22:39:34.485 [main] DEBUG o.s.b.factory.support.DefaultListableBeanFactory - Autowiring by type from bean name 'viewResolver' via factory method to bean named 'org.springframework.beans.factory.support.DefaultListableBeanFactory@652ab8d9'
2026-04-15 22:39:34.488 [main] DEBUG o.s.b.factory.support.DefaultListableBeanFactory - Creating shared instance of singleton bean 'viewResolver'
2026-04-15 22:39:34.506 [main] DEBUG o.s.b.factory.support.DefaultListableBeanFactory - Creating shared instance of singleton bean 'handlerFunctionAdapter'
2026-04-15 22:39:34.507 [main] DEBUG o.s.b.factory.support.DefaultListableBeanFactory - Creating shared instance of singleton bean 'mvcUriComponentsContributor'
2026-04-15 22:39:34.508 [main] DEBUG o.s.b.factory.support.DefaultListableBeanFactory - Autowiring by type from bean name 'mvcUriComponentsContributor' via factory method to bean named 'mvcConversionService'
2026-04-15 22:39:34.508 [main] DEBUG o.s.b.factory.support.DefaultListableBeanFactory - Autowiring by type from bean name 'mvcUriComponentsContributor' via factory method to bean named 'requestMappingHandlerAdapter'
2026-04-15 22:39:34.508 [main] DEBUG o.s.b.factory.support.DefaultListableBeanFactory - Creating shared instance of singleton bean 'httpRequestHandlerAdapter'
2026-04-15 22:39:34.508 [main] DEBUG o.s.b.factory.support.DefaultListableBeanFactory - Creating shared instance of singleton bean 'simpleControllerHandlerAdapter'
2026-04-15 22:39:34.509 [main] DEBUG o.s.b.factory.support.DefaultListableBeanFactory - Creating shared instance of singleton bean 'handlerExceptionResolver'
2026-04-15 22:39:34.509 [main] DEBUG o.s.b.factory.support.DefaultListableBeanFactory - Autowiring by type from bean name 'handlerExceptionResolver' via factory method to bean named 'mvcContentNegotiationManager'
2026-04-15 22:39:34.513 [main] DEBUG o.s.w.s.m.m.a.ExceptionHandlerExceptionResolver - ControllerAdvice beans: 0 @ExceptionHandler, 1 ResponseBodyAdvice
2026-04-15 22:39:34.515 [main] DEBUG o.s.b.factory.support.DefaultListableBeanFactory - Creating shared instance of singleton bean 'org.springframework.boot.autoconfigure.gson.GsonAutoConfiguration'
2026-04-15 22:39:34.515 [main] DEBUG o.s.b.factory.support.DefaultListableBeanFactory - Creating shared instance of singleton bean 'gsonBuilder'
2026-04-15 22:39:34.516 [main] DEBUG o.s.b.factory.support.DefaultListableBeanFactory - Creating shared instance of singleton bean 'standardGsonBuilderCustomizer'
2026-04-15 22:39:34.516 [main] DEBUG o.s.b.factory.support.DefaultListableBeanFactory - Creating shared instance of singleton bean 'spring.gson-org.springframework.boot.autoconfigure.gson.GsonProperties'
2026-04-15 22:39:34.517 [main] DEBUG o.s.b.factory.support.DefaultListableBeanFactory - Autowiring by type from bean name 'standardGsonBuilderCustomizer' via factory method to bean named 'spring.gson-org.springframework.boot.autoconfigure.gson.GsonProperties'
2026-04-15 22:39:34.517 [main] DEBUG o.s.b.factory.support.DefaultListableBeanFactory - Autowiring by type from bean name 'gsonBuilder' via factory method to bean named 'standardGsonBuilderCustomizer'
2026-04-15 22:39:34.535 [main] DEBUG o.s.b.factory.support.DefaultListableBeanFactory - Creating shared instance of singleton bean 'gson'
2026-04-15 22:39:34.535 [main] DEBUG o.s.b.factory.support.DefaultListableBeanFactory - Autowiring by type from bean name 'gson' via factory method to bean named 'gsonBuilder'
2026-04-15 22:39:34.561 [main] DEBUG o.s.b.factory.support.DefaultListableBeanFactory - Creating shared instance of singleton bean 'org.springframework.boot.autoconfigure.http.JacksonHttpMessageConvertersConfiguration'
2026-04-15 22:39:34.561 [main] DEBUG o.s.b.factory.support.DefaultListableBeanFactory - Creating shared instance of singleton bean 'org.springframework.boot.autoconfigure.http.GsonHttpMessageConvertersConfiguration'
2026-04-15 22:39:34.561 [main] DEBUG o.s.b.factory.support.DefaultListableBeanFactory - Creating shared instance of singleton bean 'restClientSsl'
2026-04-15 22:39:34.562 [main] DEBUG o.s.b.factory.support.DefaultListableBeanFactory - Autowiring by type from bean name 'restClientSsl' via factory method to bean named 'sslBundleRegistry'
2026-04-15 22:39:34.562 [main] DEBUG o.s.b.factory.support.DefaultListableBeanFactory - Creating shared instance of singleton bean 'webClientSsl'
2026-04-15 22:39:34.563 [main] DEBUG o.s.b.factory.support.DefaultListableBeanFactory - Autowiring by type from bean name 'webClientSsl' via factory method to bean named 'clientHttpConnectorBuilder'
2026-04-15 22:39:34.563 [main] DEBUG o.s.b.factory.support.DefaultListableBeanFactory - Autowiring by type from bean name 'webClientSsl' via factory method to bean named 'clientHttpConnectorSettings'
2026-04-15 22:39:34.563 [main] DEBUG o.s.b.factory.support.DefaultListableBeanFactory - Autowiring by type from bean name 'webClientSsl' via factory method to bean named 'sslBundleRegistry'
2026-04-15 22:39:34.563 [main] DEBUG o.s.b.factory.support.DefaultListableBeanFactory - Creating shared instance of singleton bean 'transcription'
2026-04-15 22:39:34.731 [main] DEBUG o.s.b.factory.support.DefaultListableBeanFactory - Creating shared instance of singleton bean 'dashscopeChatApi'
2026-04-15 22:39:34.736 [main] DEBUG o.s.b.factory.support.DefaultListableBeanFactory - Autowiring by type from bean name 'dashscopeChatApi' via factory method to bean named 'spring.ai.dashscope-com.alibaba.cloud.ai.autoconfigure.dashscope.DashScopeConnectionProperties'
2026-04-15 22:39:34.736 [main] DEBUG o.s.b.factory.support.DefaultListableBeanFactory - Autowiring by type from bean name 'dashscopeChatApi' via factory method to bean named 'spring.ai.dashscope.chat-com.alibaba.cloud.ai.autoconfigure.dashscope.DashScopeChatProperties'
2026-04-15 22:39:34.736 [main] DEBUG o.s.b.factory.support.DefaultListableBeanFactory - Autowiring by type from bean name 'dashscopeChatApi' via factory method to bean named 'restClientBuilder'
2026-04-15 22:39:34.736 [main] DEBUG o.s.b.factory.support.DefaultListableBeanFactory - Autowiring by type from bean name 'dashscopeChatApi' via factory method to bean named 'webClientBuilder'
2026-04-15 22:39:34.736 [main] DEBUG o.s.b.factory.support.DefaultListableBeanFactory - Autowiring by type from bean name 'dashscopeChatApi' via factory method to bean named 'responseErrorHandler'
2026-04-15 22:39:34.744 [main] DEBUG o.s.b.factory.support.DefaultListableBeanFactory - Creating shared instance of singleton bean 'dashscopeEmbeddingModel'
2026-04-15 22:39:34.745 [main] DEBUG o.s.b.factory.support.DefaultListableBeanFactory - Creating shared instance of singleton bean 'spring.ai.dashscope.embedding-com.alibaba.cloud.ai.autoconfigure.dashscope.DashScopeEmbeddingProperties'
2026-04-15 22:39:34.750 [main] DEBUG o.s.b.factory.support.DefaultListableBeanFactory - Autowiring by type from bean name 'dashscopeEmbeddingModel' via factory method to bean named 'spring.ai.dashscope-com.alibaba.cloud.ai.autoconfigure.dashscope.DashScopeConnectionProperties'
2026-04-15 22:39:34.750 [main] DEBUG o.s.b.factory.support.DefaultListableBeanFactory - Autowiring by type from bean name 'dashscopeEmbeddingModel' via factory method to bean named 'spring.ai.dashscope.embedding-com.alibaba.cloud.ai.autoconfigure.dashscope.DashScopeEmbeddingProperties'
2026-04-15 22:39:34.750 [main] DEBUG o.s.b.factory.support.DefaultListableBeanFactory - Autowiring by type from bean name 'dashscopeEmbeddingModel' via factory method to bean named 'restClientBuilder'
2026-04-15 22:39:34.750 [main] DEBUG o.s.b.factory.support.DefaultListableBeanFactory - Autowiring by type from bean name 'dashscopeEmbeddingModel' via factory method to bean named 'webClientBuilder'
2026-04-15 22:39:34.750 [main] DEBUG o.s.b.factory.support.DefaultListableBeanFactory - Autowiring by type from bean name 'dashscopeEmbeddingModel' via factory method to bean named 'retryTemplate'
2026-04-15 22:39:34.750 [main] DEBUG o.s.b.factory.support.DefaultListableBeanFactory - Autowiring by type from bean name 'dashscopeEmbeddingModel' via factory method to bean named 'responseErrorHandler'
2026-04-15 22:39:34.761 [main] DEBUG o.s.b.factory.support.DefaultListableBeanFactory - Creating shared instance of singleton bean 'dashScopeSpeechSynthesisApi'
2026-04-15 22:39:34.761 [main] DEBUG o.s.b.factory.support.DefaultListableBeanFactory - Creating shared instance of singleton bean 'spring.ai.dashscope.audio.synthesis-com.alibaba.cloud.ai.autoconfigure.dashscope.DashScopeSpeechSynthesisProperties'
2026-04-15 22:39:34.763 [main] DEBUG o.s.b.factory.support.DefaultListableBeanFactory - Autowiring by type from bean name 'dashScopeSpeechSynthesisApi' via factory method to bean named 'spring.ai.dashscope-com.alibaba.cloud.ai.autoconfigure.dashscope.DashScopeConnectionProperties'
2026-04-15 22:39:34.763 [main] DEBUG o.s.b.factory.support.DefaultListableBeanFactory - Autowiring by type from bean name 'dashScopeSpeechSynthesisApi' via factory method to bean named 'spring.ai.dashscope.audio.synthesis-com.alibaba.cloud.ai.autoconfigure.dashscope.DashScopeSpeechSynthesisProperties'
2026-04-15 22:39:34.766 [main] DEBUG o.s.b.factory.support.DefaultListableBeanFactory - Creating shared instance of singleton bean 'dashScopeAudioTranscriptionApi'
2026-04-15 22:39:34.766 [main] DEBUG o.s.b.factory.support.DefaultListableBeanFactory - Creating shared instance of singleton bean 'spring.ai.dashscope.audio.transcription-com.alibaba.cloud.ai.autoconfigure.dashscope.DashScopeAudioTranscriptionProperties'
2026-04-15 22:39:34.768 [main] DEBUG o.s.b.factory.support.DefaultListableBeanFactory - Autowiring by type from bean name 'dashScopeAudioTranscriptionApi' via factory method to bean named 'spring.ai.dashscope-com.alibaba.cloud.ai.autoconfigure.dashscope.DashScopeConnectionProperties'
2026-04-15 22:39:34.768 [main] DEBUG o.s.b.factory.support.DefaultListableBeanFactory - Autowiring by type from bean name 'dashScopeAudioTranscriptionApi' via factory method to bean named 'spring.ai.dashscope.audio.transcription-com.alibaba.cloud.ai.autoconfigure.dashscope.DashScopeAudioTranscriptionProperties'
2026-04-15 22:39:34.774 [main] DEBUG o.s.b.factory.support.DefaultListableBeanFactory - Creating shared instance of singleton bean 'dashscopeAgentApi'
2026-04-15 22:39:34.777 [main] DEBUG o.s.b.factory.support.DefaultListableBeanFactory - Autowiring by type from bean name 'dashscopeAgentApi' via factory method to bean named 'spring.ai.dashscope-com.alibaba.cloud.ai.autoconfigure.dashscope.DashScopeConnectionProperties'
2026-04-15 22:39:34.777 [main] DEBUG o.s.b.factory.support.DefaultListableBeanFactory - Autowiring by type from bean name 'dashscopeAgentApi' via factory method to bean named 'spring.ai.dashscope.chat-com.alibaba.cloud.ai.autoconfigure.dashscope.DashScopeChatProperties'
2026-04-15 22:39:34.777 [main] DEBUG o.s.b.factory.support.DefaultListableBeanFactory - Autowiring by type from bean name 'dashscopeAgentApi' via factory method to bean named 'restClientBuilder'
2026-04-15 22:39:34.777 [main] DEBUG o.s.b.factory.support.DefaultListableBeanFactory - Autowiring by type from bean name 'dashscopeAgentApi' via factory method to bean named 'webClientBuilder'
2026-04-15 22:39:34.777 [main] DEBUG o.s.b.factory.support.DefaultListableBeanFactory - Autowiring by type from bean name 'dashscopeAgentApi' via factory method to bean named 'responseErrorHandler'
2026-04-15 22:39:34.779 [main] DEBUG o.s.b.factory.support.DefaultListableBeanFactory - Creating shared instance of singleton bean 'dashScopeImageModel'
2026-04-15 22:39:34.780 [main] DEBUG o.s.b.factory.support.DefaultListableBeanFactory - Creating shared instance of singleton bean 'spring.ai.dashscope.image-com.alibaba.cloud.ai.autoconfigure.dashscope.DashScopeImageProperties'
2026-04-15 22:39:34.783 [main] DEBUG o.s.b.factory.support.DefaultListableBeanFactory - Autowiring by type from bean name 'dashScopeImageModel' via factory method to bean named 'spring.ai.dashscope-com.alibaba.cloud.ai.autoconfigure.dashscope.DashScopeConnectionProperties'
2026-04-15 22:39:34.783 [main] DEBUG o.s.b.factory.support.DefaultListableBeanFactory - Autowiring by type from bean name 'dashScopeImageModel' via factory method to bean named 'spring.ai.dashscope.image-com.alibaba.cloud.ai.autoconfigure.dashscope.DashScopeImageProperties'
2026-04-15 22:39:34.784 [main] DEBUG o.s.b.factory.support.DefaultListableBeanFactory - Autowiring by type from bean name 'dashScopeImageModel' via factory method to bean named 'restClientBuilder'
2026-04-15 22:39:34.784 [main] DEBUG o.s.b.factory.support.DefaultListableBeanFactory - Autowiring by type from bean name 'dashScopeImageModel' via factory method to bean named 'webClientBuilder'
2026-04-15 22:39:34.784 [main] DEBUG o.s.b.factory.support.DefaultListableBeanFactory - Autowiring by type from bean name 'dashScopeImageModel' via factory method to bean named 'retryTemplate'
2026-04-15 22:39:34.784 [main] DEBUG o.s.b.factory.support.DefaultListableBeanFactory - Autowiring by type from bean name 'dashScopeImageModel' via factory method to bean named 'responseErrorHandler'
2026-04-15 22:39:34.788 [main] DEBUG o.s.b.factory.support.DefaultListableBeanFactory - Creating shared instance of singleton bean 'dashscopeRerankModel'
2026-04-15 22:39:34.789 [main] DEBUG o.s.b.factory.support.DefaultListableBeanFactory - Creating shared instance of singleton bean 'spring.ai.dashscope.rerank-com.alibaba.cloud.ai.autoconfigure.dashscope.DashScopeRerankProperties'
2026-04-15 22:39:34.794 [main] DEBUG o.s.b.factory.support.DefaultListableBeanFactory - Autowiring by type from bean name 'dashscopeRerankModel' via factory method to bean named 'spring.ai.dashscope-com.alibaba.cloud.ai.autoconfigure.dashscope.DashScopeConnectionProperties'
2026-04-15 22:39:34.794 [main] DEBUG o.s.b.factory.support.DefaultListableBeanFactory - Autowiring by type from bean name 'dashscopeRerankModel' via factory method to bean named 'spring.ai.dashscope.rerank-com.alibaba.cloud.ai.autoconfigure.dashscope.DashScopeRerankProperties'
2026-04-15 22:39:34.794 [main] DEBUG o.s.b.factory.support.DefaultListableBeanFactory - Autowiring by type from bean name 'dashscopeRerankModel' via factory method to bean named 'restClientBuilder'
2026-04-15 22:39:34.794 [main] DEBUG o.s.b.factory.support.DefaultListableBeanFactory - Autowiring by type from bean name 'dashscopeRerankModel' via factory method to bean named 'webClientBuilder'
2026-04-15 22:39:34.795 [main] DEBUG o.s.b.factory.support.DefaultListableBeanFactory - Autowiring by type from bean name 'dashscopeRerankModel' via factory method to bean named 'retryTemplate'
2026-04-15 22:39:34.795 [main] DEBUG o.s.b.factory.support.DefaultListableBeanFactory - Autowiring by type from bean name 'dashscopeRerankModel' via factory method to bean named 'responseErrorHandler'
2026-04-15 22:39:34.801 [main] DEBUG o.s.b.factory.support.DefaultListableBeanFactory - Creating shared instance of singleton bean 'dashScopeSpeechSynthesisModel'
2026-04-15 22:39:34.802 [main] DEBUG o.s.b.factory.support.DefaultListableBeanFactory - Autowiring by type from bean name 'dashScopeSpeechSynthesisModel' via factory method to bean named 'spring.ai.dashscope-com.alibaba.cloud.ai.autoconfigure.dashscope.DashScopeConnectionProperties'
2026-04-15 22:39:34.802 [main] DEBUG o.s.b.factory.support.DefaultListableBeanFactory - Autowiring by type from bean name 'dashScopeSpeechSynthesisModel' via factory method to bean named 'spring.ai.dashscope.audio.synthesis-com.alibaba.cloud.ai.autoconfigure.dashscope.DashScopeSpeechSynthesisProperties'
2026-04-15 22:39:34.802 [main] DEBUG o.s.b.factory.support.DefaultListableBeanFactory - Autowiring by type from bean name 'dashScopeSpeechSynthesisModel' via factory method to bean named 'retryTemplate'
2026-04-15 22:39:34.805 [main] DEBUG o.s.b.factory.support.DefaultListableBeanFactory - Creating shared instance of singleton bean 'dashScopeAudioTranscriptionModel'
2026-04-15 22:39:34.806 [main] DEBUG o.s.b.factory.support.DefaultListableBeanFactory - Autowiring by type from bean name 'dashScopeAudioTranscriptionModel' via factory method to bean named 'spring.ai.dashscope-com.alibaba.cloud.ai.autoconfigure.dashscope.DashScopeConnectionProperties'
2026-04-15 22:39:34.998 [main] DEBUG o.s.b.factory.support.DefaultListableBeanFactory - Autowiring by type from bean name 'dashScopeAudioTranscriptionModel' via factory method to bean named 'spring.ai.dashscope.audio.transcription-com.alibaba.cloud.ai.autoconfigure.dashscope.DashScopeAudioTranscriptionProperties'
2026-04-15 22:39:34.998 [main] DEBUG o.s.b.factory.support.DefaultListableBeanFactory - Autowiring by type from bean name 'dashScopeAudioTranscriptionModel' via factory method to bean named 'retryTemplate'
2026-04-15 22:39:35.006 [main] DEBUG o.s.b.factory.support.DefaultListableBeanFactory - Creating shared instance of singleton bean 'com.alibaba.cloud.ai.autoconfigure.prompt.PromptTemplateAutoConfiguration'
2026-04-15 22:39:35.007 [main] DEBUG o.s.b.factory.support.DefaultListableBeanFactory - Creating shared instance of singleton bean 'configurablePromptTemplateFactory'
2026-04-15 22:39:36.556 [main] DEBUG o.s.b.factory.support.DefaultListableBeanFactory - Creating shared instance of singleton bean 'nacosRefreshHistory'
2026-04-15 22:39:36.557 [main] DEBUG o.s.b.factory.support.DefaultListableBeanFactory - Creating shared instance of singleton bean 'nacosContextRefresher'
2026-04-15 22:39:36.557 [main] DEBUG o.s.b.factory.support.DefaultListableBeanFactory - Autowiring by type from bean name 'nacosContextRefresher' via factory method to bean named 'nacosConfigManager'
2026-04-15 22:39:36.557 [main] DEBUG o.s.b.factory.support.DefaultListableBeanFactory - Autowiring by type from bean name 'nacosContextRefresher' via factory method to bean named 'nacosRefreshHistory'
2026-04-15 22:39:36.558 [main] DEBUG o.s.b.factory.support.DefaultListableBeanFactory - Creating shared instance of singleton bean 'com.alibaba.cloud.nacos.endpoint.NacosConfigEndpointAutoConfiguration'
2026-04-15 22:39:36.558 [main] DEBUG o.s.b.factory.support.DefaultListableBeanFactory - Creating shared instance of singleton bean 'nacosConfigEndpoint'
2026-04-15 22:39:36.563 [main] DEBUG o.s.b.factory.support.DefaultListableBeanFactory - Creating shared instance of singleton bean 'nacosConfigHealthIndicator'
2026-04-15 22:39:36.567 [main] DEBUG o.s.b.factory.support.DefaultListableBeanFactory - Creating shared instance of singleton bean 'org.mybatis.spring.boot.autoconfigure.MybatisLanguageDriverAutoConfiguration'
2026-04-15 22:39:36.567 [main] DEBUG o.s.b.factory.support.DefaultListableBeanFactory - Creating shared instance of singleton bean 'org.springframework.boot.autoconfigure.jdbc.DataSourceJmxConfiguration$Hikari'
2026-04-15 22:39:36.568 [main] DEBUG o.s.b.factory.support.DefaultListableBeanFactory - Autowiring by type from bean name 'org.springframework.boot.autoconfigure.jdbc.DataSourceJmxConfiguration$Hikari' via constructor to bean named 'dataSource'
2026-04-15 22:39:36.569 [main] DEBUG o.s.b.factory.support.DefaultListableBeanFactory - Creating shared instance of singleton bean 'org.springframework.boot.autoconfigure.jdbc.DataSourceJmxConfiguration'
2026-04-15 22:39:36.569 [main] DEBUG o.s.b.factory.support.DefaultListableBeanFactory - Creating shared instance of singleton bean 'org.springframework.boot.autoconfigure.jdbc.metadata.DataSourcePoolMetadataProvidersConfiguration$HikariPoolDataSourceMetadataProviderConfiguration'
2026-04-15 22:39:36.569 [main] DEBUG o.s.b.factory.support.DefaultListableBeanFactory - Creating shared instance of singleton bean 'hikariPoolDataSourceMetadataProvider'
2026-04-15 22:39:36.569 [main] DEBUG o.s.b.factory.support.DefaultListableBeanFactory - Creating shared instance of singleton bean 'org.springframework.boot.autoconfigure.jdbc.metadata.DataSourcePoolMetadataProvidersConfiguration'
2026-04-15 22:39:36.569 [main] DEBUG o.s.b.factory.support.DefaultListableBeanFactory - Creating shared instance of singleton bean 'org.springframework.boot.autoconfigure.jdbc.DataSourceAutoConfiguration'
2026-04-15 22:39:36.570 [main] DEBUG o.s.b.factory.support.DefaultListableBeanFactory - Creating shared instance of singleton bean 'org.mybatis.spring.boot.autoconfigure.MybatisAutoConfiguration$MapperScannerRegistrarNotFoundConfiguration'
2026-04-15 22:39:36.570 [main] DEBUG o.m.s.boot.autoconfigure.MybatisAutoConfiguration - Not found configuration for registering mapper bean using @MapperScan, MapperFactoryBean and MapperScannerConfigurer.
2026-04-15 22:39:36.570 [main] DEBUG o.s.b.factory.support.DefaultListableBeanFactory - Creating shared instance of singleton bean 'com.github.pagehelper.autoconfigure.PageHelperAutoConfiguration'
2026-04-15 22:39:36.571 [main] DEBUG o.s.b.factory.support.DefaultListableBeanFactory - Creating shared instance of singleton bean 'pagehelper-com.github.pagehelper.autoconfigure.PageHelperStandardProperties'
2026-04-15 22:39:36.571 [main] DEBUG o.s.b.factory.support.DefaultListableBeanFactory - Creating shared instance of singleton bean 'pagehelper-com.github.pagehelper.autoconfigure.PageHelperProperties'
2026-04-15 22:39:36.573 [main] DEBUG o.s.b.factory.support.DefaultListableBeanFactory - Autowiring by type from bean name 'pagehelper-com.github.pagehelper.autoconfigure.PageHelperStandardProperties' via constructor to bean named 'pagehelper-com.github.pagehelper.autoconfigure.PageHelperProperties'
2026-04-15 22:39:36.574 [main] DEBUG o.s.b.factory.support.DefaultListableBeanFactory - Autowiring by type from bean name 'com.github.pagehelper.autoconfigure.PageHelperAutoConfiguration' via constructor to bean named 'sqlSessionFactory'
2026-04-15 22:39:36.574 [main] DEBUG o.s.b.factory.support.DefaultListableBeanFactory - Autowiring by type from bean name 'com.github.pagehelper.autoconfigure.PageHelperAutoConfiguration' via constructor to bean named 'pagehelper-com.github.pagehelper.autoconfigure.PageHelperStandardProperties'
2026-04-15 22:39:36.576 [main] DEBUG com.github.pagehelper.PageInterceptor - 

,------.                           ,--.  ,--.         ,--.                         
|  .--. '  ,--,--.  ,---.   ,---.  |  '--'  |  ,---.  |  |  ,---.   ,---.  ,--.--. 
|  '--' | ' ,-.  | | .-. | | .-. : |  .--.  | | .-. : |  | | .-. | | .-. : |  .--' 
|  | --'  \ '-'  | ' '-' ' \   --. |  |  |  | \   --. |  | | '-' ' \   --. |  |    
`--'       `--`--' .`-  /   `----' `--'  `--'  `----' `--' |  |-'   `----' `--'    
                   `---'                                   `--'                        is intercepting.

2026-04-15 22:39:36.592 [main] DEBUG o.s.b.factory.support.DefaultListableBeanFactory - Creating shared instance of singleton bean 'org.springframework.ai.autoconfigure.chat.client.ChatClientAutoConfiguration'
2026-04-15 22:39:36.593 [main] DEBUG o.s.b.factory.support.DefaultListableBeanFactory - Creating shared instance of singleton bean 'chatClientBuilderConfigurer'
2026-04-15 22:39:36.593 [main] DEBUG o.s.b.factory.support.DefaultListableBeanFactory - Creating shared instance of singleton bean 'spring.ai.chat.client-org.springframework.ai.autoconfigure.chat.client.ChatClientBuilderProperties'
2026-04-15 22:39:36.594 [main] DEBUG o.s.b.factory.support.DefaultListableBeanFactory - Creating shared instance of singleton bean 'meterRegistryCloser'
2026-04-15 22:39:36.594 [main] DEBUG o.s.b.factory.support.DefaultListableBeanFactory - Creating shared instance of singleton bean 'org.springframework.boot.actuate.autoconfigure.metrics.CompositeMeterRegistryAutoConfiguration'
2026-04-15 22:39:36.594 [main] DEBUG o.s.b.factory.support.DefaultListableBeanFactory - Creating shared instance of singleton bean 'org.springframework.boot.actuate.autoconfigure.observation.ObservationAutoConfiguration$MeterObservationHandlerConfiguration'
2026-04-15 22:39:36.594 [main] DEBUG o.s.b.factory.support.DefaultListableBeanFactory - Creating shared instance of singleton bean 'org.springframework.ai.autoconfigure.chat.observation.ChatObservationAutoConfiguration$FallbackChatContentObservationConfiguration'
2026-04-15 22:39:36.595 [main] DEBUG o.s.b.factory.support.DefaultListableBeanFactory - Creating shared instance of singleton bean 'spring.ai.chat.observations-org.springframework.ai.autoconfigure.chat.observation.ChatObservationProperties'
2026-04-15 22:39:36.596 [main] DEBUG o.s.b.factory.support.DefaultListableBeanFactory - Creating shared instance of singleton bean 'org.springframework.ai.autoconfigure.image.observation.ImageObservationAutoConfiguration'
2026-04-15 22:39:36.597 [main] DEBUG o.s.b.factory.support.DefaultListableBeanFactory - Creating shared instance of singleton bean 'spring.ai.image.observations-org.springframework.ai.autoconfigure.image.observation.ImageObservationProperties'
2026-04-15 22:39:36.597 [main] DEBUG o.s.b.factory.support.DefaultListableBeanFactory - Creating shared instance of singleton bean 'org.springframework.boot.autoconfigure.jdbc.JdbcTemplateConfiguration'
2026-04-15 22:39:36.598 [main] DEBUG o.s.b.factory.support.DefaultListableBeanFactory - Creating shared instance of singleton bean 'jdbcTemplate'
2026-04-15 22:39:36.598 [main] DEBUG o.s.b.factory.support.DefaultListableBeanFactory - Creating shared instance of singleton bean 'spring.jdbc-org.springframework.boot.autoconfigure.jdbc.JdbcProperties'
2026-04-15 22:39:36.598 [main] DEBUG o.s.b.factory.support.DefaultListableBeanFactory - Autowiring by type from bean name 'jdbcTemplate' via factory method to bean named 'dataSource'
2026-04-15 22:39:36.599 [main] DEBUG o.s.b.factory.support.DefaultListableBeanFactory - Autowiring by type from bean name 'jdbcTemplate' via factory method to bean named 'spring.jdbc-org.springframework.boot.autoconfigure.jdbc.JdbcProperties'
2026-04-15 22:39:36.608 [main] DEBUG o.s.b.factory.support.DefaultListableBeanFactory - Creating shared instance of singleton bean 'org.springframework.boot.autoconfigure.jdbc.NamedParameterJdbcTemplateConfiguration'
2026-04-15 22:39:36.608 [main] DEBUG o.s.b.factory.support.DefaultListableBeanFactory - Creating shared instance of singleton bean 'namedParameterJdbcTemplate'
2026-04-15 22:39:36.608 [main] DEBUG o.s.b.factory.support.DefaultListableBeanFactory - Autowiring by type from bean name 'namedParameterJdbcTemplate' via factory method to bean named 'jdbcTemplate'
2026-04-15 22:39:36.613 [main] DEBUG o.s.b.factory.support.DefaultListableBeanFactory - Creating shared instance of singleton bean 'org.springframework.boot.autoconfigure.jdbc.JdbcTemplateAutoConfiguration'
2026-04-15 22:39:36.613 [main] DEBUG o.s.b.factory.support.DefaultListableBeanFactory - Creating shared instance of singleton bean 'org.springframework.boot.autoconfigure.transaction.TransactionManagerCustomizationAutoConfiguration'
2026-04-15 22:39:36.613 [main] DEBUG o.s.b.factory.support.DefaultListableBeanFactory - Creating shared instance of singleton bean 'platformTransactionManagerCustomizers'
2026-04-15 22:39:36.614 [main] DEBUG o.s.b.factory.support.DefaultListableBeanFactory - Creating shared instance of singleton bean 'transactionExecutionListeners'
2026-04-15 22:39:36.614 [main] DEBUG o.s.b.factory.support.DefaultListableBeanFactory - Creating shared instance of singleton bean 'spring.transaction-org.springframework.boot.autoconfigure.transaction.TransactionProperties'
2026-04-15 22:39:36.616 [main] DEBUG o.s.b.factory.support.DefaultListableBeanFactory - Creating shared instance of singleton bean 'org.springframework.ai.autoconfigure.vectorstore.observation.VectorStoreObservationAutoConfiguration$FallbackVectorStoreQueryResponseContentObservationConfiguration'
2026-04-15 22:39:36.617 [main] DEBUG o.s.b.factory.support.DefaultListableBeanFactory - Creating shared instance of singleton bean 'org.springframework.ai.autoconfigure.vectorstore.observation.VectorStoreObservationAutoConfiguration'
2026-04-15 22:39:36.617 [main] DEBUG o.s.b.factory.support.DefaultListableBeanFactory - Creating shared instance of singleton bean 'spring.ai.vectorstore.observations-org.springframework.ai.autoconfigure.vectorstore.observation.VectorStoreObservationProperties'
2026-04-15 22:39:36.617 [main] DEBUG o.s.b.factory.support.DefaultListableBeanFactory - Creating shared instance of singleton bean 'org.springframework.boot.actuate.autoconfigure.audit.AuditEventsEndpointAutoConfiguration'
2026-04-15 22:39:36.617 [main] DEBUG o.s.b.factory.support.DefaultListableBeanFactory - Creating shared instance of singleton bean 'org.springframework.boot.autoconfigure.availability.ApplicationAvailabilityAutoConfiguration'
2026-04-15 22:39:36.618 [main] DEBUG o.s.b.factory.support.DefaultListableBeanFactory - Creating shared instance of singleton bean 'applicationAvailability'
2026-04-15 22:39:36.618 [main] DEBUG o.s.b.factory.support.DefaultListableBeanFactory - Creating shared instance of singleton bean 'org.springframework.boot.actuate.autoconfigure.availability.AvailabilityHealthContributorAutoConfiguration'
2026-04-15 22:39:36.620 [main] DEBUG o.s.b.factory.support.DefaultListableBeanFactory - Creating shared instance of singleton bean 'org.springframework.boot.actuate.autoconfigure.beans.BeansEndpointAutoConfiguration'
2026-04-15 22:39:36.621 [main] DEBUG o.s.b.factory.support.DefaultListableBeanFactory - Creating shared instance of singleton bean 'beansEndpoint'
2026-04-15 22:39:36.621 [main] DEBUG o.s.b.factory.support.DefaultListableBeanFactory - Autowiring by type from bean name 'beansEndpoint' via factory method to bean named 'org.springframework.boot.web.servlet.context.AnnotationConfigServletWebServerApplicationContext@294bdeb4'
2026-04-15 22:39:36.622 [main] DEBUG o.s.b.factory.support.DefaultListableBeanFactory - Creating shared instance of singleton bean 'org.springframework.boot.actuate.autoconfigure.cache.CachesEndpointAutoConfiguration'
2026-04-15 22:39:36.622 [main] DEBUG o.s.b.factory.support.DefaultListableBeanFactory - Creating shared instance of singleton bean 'cachesEndpoint'
2026-04-15 22:39:36.623 [main] DEBUG o.s.b.factory.support.DefaultListableBeanFactory - Autowiring by type from bean name 'cachesEndpoint' via factory method to bean named 'org.springframework.beans.factory.support.DefaultListableBeanFactory@652ab8d9'
2026-04-15 22:39:36.625 [main] DEBUG o.s.b.factory.support.DefaultListableBeanFactory - Creating shared instance of singleton bean 'org.springframework.boot.actuate.autoconfigure.health.HealthEndpointConfiguration'
2026-04-15 22:39:36.626 [main] DEBUG o.s.b.factory.support.DefaultListableBeanFactory - Creating shared instance of singleton bean 'healthStatusAggregator'
2026-04-15 22:39:36.626 [main] DEBUG o.s.b.factory.support.DefaultListableBeanFactory - Creating shared instance of singleton bean 'management.endpoint.health-org.springframework.boot.actuate.autoconfigure.health.HealthEndpointProperties'
2026-04-15 22:39:36.628 [main] DEBUG o.s.b.factory.support.DefaultListableBeanFactory - Autowiring by type from bean name 'healthStatusAggregator' via factory method to bean named 'management.endpoint.health-org.springframework.boot.actuate.autoconfigure.health.HealthEndpointProperties'
2026-04-15 22:39:36.630 [main] DEBUG o.s.b.factory.support.DefaultListableBeanFactory - Creating shared instance of singleton bean 'healthHttpCodeStatusMapper'
2026-04-15 22:39:36.630 [main] DEBUG o.s.b.factory.support.DefaultListableBeanFactory - Autowiring by type from bean name 'healthHttpCodeStatusMapper' via factory method to bean named 'management.endpoint.health-org.springframework.boot.actuate.autoconfigure.health.HealthEndpointProperties'
2026-04-15 22:39:36.631 [main] DEBUG o.s.b.factory.support.DefaultListableBeanFactory - Creating shared instance of singleton bean 'healthEndpointGroups'
2026-04-15 22:39:36.631 [main] DEBUG o.s.b.factory.support.DefaultListableBeanFactory - Autowiring by type from bean name 'healthEndpointGroups' via factory method to bean named 'org.springframework.boot.web.servlet.context.AnnotationConfigServletWebServerApplicationContext@294bdeb4'
2026-04-15 22:39:36.631 [main] DEBUG o.s.b.factory.support.DefaultListableBeanFactory - Autowiring by type from bean name 'healthEndpointGroups' via factory method to bean named 'management.endpoint.health-org.springframework.boot.actuate.autoconfigure.health.HealthEndpointProperties'
2026-04-15 22:39:36.635 [main] DEBUG o.s.b.factory.support.DefaultListableBeanFactory - Creating shared instance of singleton bean 'healthContributorRegistry'
2026-04-15 22:39:36.635 [main] DEBUG o.s.b.factory.support.DefaultListableBeanFactory - Creating shared instance of singleton bean 'mongoHealthContributor'
2026-04-15 22:39:36.635 [main] DEBUG o.s.b.factory.support.DefaultListableBeanFactory - Creating shared instance of singleton bean 'org.springframework.boot.actuate.autoconfigure.data.mongo.MongoHealthContributorAutoConfiguration'
2026-04-15 22:39:36.636 [main] DEBUG o.s.b.factory.support.DefaultListableBeanFactory - Autowiring by type from bean name 'mongoHealthContributor' via factory method to bean named 'org.springframework.beans.factory.support.DefaultListableBeanFactory@652ab8d9'
2026-04-15 22:39:36.636 [main] DEBUG o.s.b.factory.support.DefaultListableBeanFactory - Creating shared instance of singleton bean 'sslHealthIndicator'
2026-04-15 22:39:36.636 [main] DEBUG o.s.b.factory.support.DefaultListableBeanFactory - Creating shared instance of singleton bean 'org.springframework.boot.actuate.autoconfigure.ssl.SslHealthContributorAutoConfiguration'
2026-04-15 22:39:36.637 [main] DEBUG o.s.b.factory.support.DefaultListableBeanFactory - Creating shared instance of singleton bean 'sslInfo'
2026-04-15 22:39:36.637 [main] DEBUG o.s.b.factory.support.DefaultListableBeanFactory - Creating shared instance of singleton bean 'management.health.ssl-org.springframework.boot.actuate.autoconfigure.ssl.SslHealthIndicatorProperties'
2026-04-15 22:39:36.637 [main] DEBUG o.s.b.factory.support.DefaultListableBeanFactory - Autowiring by type from bean name 'sslInfo' via factory method to bean named 'sslBundleRegistry'
2026-04-15 22:39:36.637 [main] DEBUG o.s.b.factory.support.DefaultListableBeanFactory - Autowiring by type from bean name 'sslInfo' via factory method to bean named 'management.health.ssl-org.springframework.boot.actuate.autoconfigure.ssl.SslHealthIndicatorProperties'
2026-04-15 22:39:36.638 [main] DEBUG o.s.b.factory.support.DefaultListableBeanFactory - Autowiring by type from bean name 'sslHealthIndicator' via factory method to bean named 'sslInfo'
2026-04-15 22:39:36.638 [main] DEBUG o.s.b.factory.support.DefaultListableBeanFactory - Creating shared instance of singleton bean 'diskSpaceHealthIndicator'
2026-04-15 22:39:36.638 [main] DEBUG o.s.b.factory.support.DefaultListableBeanFactory - Creating shared instance of singleton bean 'org.springframework.boot.actuate.autoconfigure.system.DiskSpaceHealthContributorAutoConfiguration'
2026-04-15 22:39:36.639 [main] DEBUG o.s.b.factory.support.DefaultListableBeanFactory - Creating shared instance of singleton bean 'management.health.diskspace-org.springframework.boot.actuate.autoconfigure.system.DiskSpaceHealthIndicatorProperties'
2026-04-15 22:39:36.639 [main] DEBUG o.s.b.factory.support.DefaultListableBeanFactory - Autowiring by type from bean name 'diskSpaceHealthIndicator' via factory method to bean named 'management.health.diskspace-org.springframework.boot.actuate.autoconfigure.system.DiskSpaceHealthIndicatorProperties'
2026-04-15 22:39:36.639 [main] DEBUG o.s.b.factory.support.DefaultListableBeanFactory - Creating shared instance of singleton bean 'pingHealthContributor'
2026-04-15 22:39:36.639 [main] DEBUG o.s.b.factory.support.DefaultListableBeanFactory - Creating shared instance of singleton bean 'org.springframework.boot.actuate.autoconfigure.health.HealthContributorAutoConfiguration'
2026-04-15 22:39:36.640 [main] DEBUG o.s.b.factory.support.DefaultListableBeanFactory - Creating shared instance of singleton bean 'dbHealthContributor'
2026-04-15 22:39:36.640 [main] DEBUG o.s.b.factory.support.DefaultListableBeanFactory - Creating shared instance of singleton bean 'org.springframework.boot.actuate.autoconfigure.jdbc.DataSourceHealthContributorAutoConfiguration'
2026-04-15 22:39:36.641 [main] DEBUG o.s.b.factory.support.DefaultListableBeanFactory - Creating shared instance of singleton bean 'management.health.db-org.springframework.boot.actuate.autoconfigure.jdbc.DataSourceHealthIndicatorProperties'
2026-04-15 22:39:36.641 [main] DEBUG o.s.b.factory.support.DefaultListableBeanFactory - Autowiring by type from bean name 'dbHealthContributor' via factory method to bean named 'org.springframework.beans.factory.support.DefaultListableBeanFactory@652ab8d9'
2026-04-15 22:39:36.641 [main] DEBUG o.s.b.factory.support.DefaultListableBeanFactory - Autowiring by type from bean name 'dbHealthContributor' via factory method to bean named 'management.health.db-org.springframework.boot.actuate.autoconfigure.jdbc.DataSourceHealthIndicatorProperties'
2026-04-15 22:39:36.644 [main] DEBUG o.s.b.factory.support.DefaultListableBeanFactory - Autowiring by type from bean name 'healthContributorRegistry' via factory method to bean named 'org.springframework.boot.web.servlet.context.AnnotationConfigServletWebServerApplicationContext@294bdeb4'
2026-04-15 22:39:36.644 [main] DEBUG o.s.b.factory.support.DefaultListableBeanFactory - Autowiring by type from bean name 'healthContributorRegistry' via factory method to bean named 'healthEndpointGroups'
2026-04-15 22:39:36.644 [main] DEBUG o.s.b.factory.support.DefaultListableBeanFactory - Autowiring by type from bean name 'healthContributorRegistry' via factory method to bean named 'nacosConfigHealthIndicator'
2026-04-15 22:39:36.644 [main] DEBUG o.s.b.factory.support.DefaultListableBeanFactory - Autowiring by type from bean name 'healthContributorRegistry' via factory method to bean named 'mongoHealthContributor'
2026-04-15 22:39:36.644 [main] DEBUG o.s.b.factory.support.DefaultListableBeanFactory - Autowiring by type from bean name 'healthContributorRegistry' via factory method to bean named 'sslHealthIndicator'
2026-04-15 22:39:36.644 [main] DEBUG o.s.b.factory.support.DefaultListableBeanFactory - Autowiring by type from bean name 'healthContributorRegistry' via factory method to bean named 'diskSpaceHealthIndicator'
2026-04-15 22:39:36.644 [main] DEBUG o.s.b.factory.support.DefaultListableBeanFactory - Autowiring by type from bean name 'healthContributorRegistry' via factory method to bean named 'pingHealthContributor'
2026-04-15 22:39:36.644 [main] DEBUG o.s.b.factory.support.DefaultListableBeanFactory - Autowiring by type from bean name 'healthContributorRegistry' via factory method to bean named 'dbHealthContributor'
2026-04-15 22:39:36.648 [main] DEBUG o.s.b.factory.support.DefaultListableBeanFactory - Creating shared instance of singleton bean 'healthEndpointGroupMembershipValidator'
2026-04-15 22:39:36.648 [main] DEBUG o.s.b.factory.support.DefaultListableBeanFactory - Autowiring by type from bean name 'healthEndpointGroupMembershipValidator' via factory method to bean named 'management.endpoint.health-org.springframework.boot.actuate.autoconfigure.health.HealthEndpointProperties'
2026-04-15 22:39:36.648 [main] DEBUG o.s.b.factory.support.DefaultListableBeanFactory - Autowiring by type from bean name 'healthEndpointGroupMembershipValidator' via factory method to bean named 'healthContributorRegistry'
2026-04-15 22:39:36.649 [main] DEBUG o.s.b.factory.support.DefaultListableBeanFactory - Creating shared instance of singleton bean 'healthEndpoint'
2026-04-15 22:39:36.649 [main] DEBUG o.s.b.factory.support.DefaultListableBeanFactory - Autowiring by type from bean name 'healthEndpoint' via factory method to bean named 'healthContributorRegistry'
2026-04-15 22:39:36.649 [main] DEBUG o.s.b.factory.support.DefaultListableBeanFactory - Autowiring by type from bean name 'healthEndpoint' via factory method to bean named 'healthEndpointGroups'
2026-04-15 22:39:36.649 [main] DEBUG o.s.b.factory.support.DefaultListableBeanFactory - Autowiring by type from bean name 'healthEndpoint' via factory method to bean named 'management.endpoint.health-org.springframework.boot.actuate.autoconfigure.health.HealthEndpointProperties'
2026-04-15 22:39:36.652 [main] DEBUG o.s.b.factory.support.DefaultListableBeanFactory - Creating shared instance of singleton bean 'org.springframework.boot.actuate.autoconfigure.health.ReactiveHealthEndpointConfiguration'
2026-04-15 22:39:36.652 [main] DEBUG o.s.b.factory.support.DefaultListableBeanFactory - Creating shared instance of singleton bean 'reactiveHealthContributorRegistry'
2026-04-15 22:39:36.653 [main] DEBUG o.s.b.factory.support.DefaultListableBeanFactory - Autowiring by type from bean name 'reactiveHealthContributorRegistry' via factory method to bean named 'nacosConfigHealthIndicator'
2026-04-15 22:39:36.653 [main] DEBUG o.s.b.factory.support.DefaultListableBeanFactory - Autowiring by type from bean name 'reactiveHealthContributorRegistry' via factory method to bean named 'mongoHealthContributor'
2026-04-15 22:39:36.653 [main] DEBUG o.s.b.factory.support.DefaultListableBeanFactory - Autowiring by type from bean name 'reactiveHealthContributorRegistry' via factory method to bean named 'sslHealthIndicator'
2026-04-15 22:39:36.653 [main] DEBUG o.s.b.factory.support.DefaultListableBeanFactory - Autowiring by type from bean name 'reactiveHealthContributorRegistry' via factory method to bean named 'diskSpaceHealthIndicator'
2026-04-15 22:39:36.653 [main] DEBUG o.s.b.factory.support.DefaultListableBeanFactory - Autowiring by type from bean name 'reactiveHealthContributorRegistry' via factory method to bean named 'pingHealthContributor'
2026-04-15 22:39:36.653 [main] DEBUG o.s.b.factory.support.DefaultListableBeanFactory - Autowiring by type from bean name 'reactiveHealthContributorRegistry' via factory method to bean named 'dbHealthContributor'
2026-04-15 22:39:36.653 [main] DEBUG o.s.b.factory.support.DefaultListableBeanFactory - Autowiring by type from bean name 'reactiveHealthContributorRegistry' via factory method to bean named 'healthEndpointGroups'
2026-04-15 22:39:36.656 [main] DEBUG o.s.b.factory.support.DefaultListableBeanFactory - Creating shared instance of singleton bean 'org.springframework.boot.actuate.autoconfigure.health.HealthEndpointWebExtensionConfiguration$MvcAdditionalHealthEndpointPathsConfiguration'
2026-04-15 22:39:36.656 [main] DEBUG o.s.b.factory.support.DefaultListableBeanFactory - Creating shared instance of singleton bean 'healthEndpointWebMvcHandlerMapping'
2026-04-15 22:39:36.656 [main] DEBUG o.s.b.factory.support.DefaultListableBeanFactory - Creating shared instance of singleton bean 'webEndpointDiscoverer'
2026-04-15 22:39:36.656 [main] DEBUG o.s.b.factory.support.DefaultListableBeanFactory - Creating shared instance of singleton bean 'endpointOperationParameterMapper'
2026-04-15 22:39:36.658 [main] DEBUG o.s.b.factory.support.DefaultListableBeanFactory - Creating shared instance of singleton bean 'endpointMediaTypes'
2026-04-15 22:39:36.659 [main] DEBUG o.s.b.factory.support.DefaultListableBeanFactory - Autowiring by type from bean name 'webEndpointDiscoverer' via factory method to bean named 'endpointOperationParameterMapper'
2026-04-15 22:39:36.659 [main] DEBUG o.s.b.factory.support.DefaultListableBeanFactory - Autowiring by type from bean name 'webEndpointDiscoverer' via factory method to bean named 'endpointMediaTypes'
2026-04-15 22:39:36.660 [main] DEBUG o.s.b.factory.support.DefaultListableBeanFactory - Creating shared instance of singleton bean 'endpointCachingOperationInvokerAdvisor'
2026-04-15 22:39:36.660 [main] DEBUG o.s.b.factory.support.DefaultListableBeanFactory - Autowiring by type from bean name 'endpointCachingOperationInvokerAdvisor' via factory method to bean named 'environment'
2026-04-15 22:39:36.661 [main] DEBUG o.s.b.factory.support.DefaultListableBeanFactory - Creating shared instance of singleton bean 'webExposeExcludePropertyEndpointFilter'
2026-04-15 22:39:36.661 [main] DEBUG o.s.b.factory.support.DefaultListableBeanFactory - Creating shared instance of singleton bean 'webAccessPropertiesOperationFilter'
2026-04-15 22:39:36.662 [main] DEBUG o.s.b.factory.support.DefaultListableBeanFactory - Autowiring by type from bean name 'webAccessPropertiesOperationFilter' via factory method to bean named 'propertiesEndpointAccessResolver'
2026-04-15 22:39:36.664 [main] DEBUG o.s.b.factory.support.DefaultListableBeanFactory - Autowiring by type from bean name 'healthEndpointWebMvcHandlerMapping' via factory method to bean named 'webEndpointDiscoverer'
2026-04-15 22:39:36.664 [main] DEBUG o.s.b.factory.support.DefaultListableBeanFactory - Autowiring by type from bean name 'healthEndpointWebMvcHandlerMapping' via factory method to bean named 'healthEndpointGroups'
2026-04-15 22:39:36.680 [main] DEBUG o.s.b.factory.support.DefaultListableBeanFactory - Creating shared instance of singleton bean 'healthEndpointWebExtension'
2026-04-15 22:39:36.680 [main] DEBUG o.s.b.factory.support.DefaultListableBeanFactory - Creating shared instance of singleton bean 'org.springframework.boot.actuate.autoconfigure.health.HealthEndpointWebExtensionConfiguration'
2026-04-15 22:39:36.680 [main] DEBUG o.s.b.factory.support.DefaultListableBeanFactory - Autowiring by type from bean name 'healthEndpointWebExtension' via factory method to bean named 'healthContributorRegistry'
2026-04-15 22:39:36.680 [main] DEBUG o.s.b.factory.support.DefaultListableBeanFactory - Autowiring by type from bean name 'healthEndpointWebExtension' via factory method to bean named 'healthEndpointGroups'
2026-04-15 22:39:36.680 [main] DEBUG o.s.b.factory.support.DefaultListableBeanFactory - Autowiring by type from bean name 'healthEndpointWebExtension' via factory method to bean named 'management.endpoint.health-org.springframework.boot.actuate.autoconfigure.health.HealthEndpointProperties'
2026-04-15 22:39:36.683 [main] DEBUG o.s.b.factory.support.DefaultListableBeanFactory - Creating shared instance of singleton bean 'infoEndpoint'
2026-04-15 22:39:36.683 [main] DEBUG o.s.b.factory.support.DefaultListableBeanFactory - Creating shared instance of singleton bean 'org.springframework.boot.actuate.autoconfigure.info.InfoEndpointAutoConfiguration'
2026-04-15 22:39:36.684 [main] DEBUG o.s.b.factory.support.DefaultListableBeanFactory - Creating shared instance of singleton bean 'conditionsReportEndpoint'
2026-04-15 22:39:36.684 [main] DEBUG o.s.b.factory.support.DefaultListableBeanFactory - Creating shared instance of singleton bean 'org.springframework.boot.actuate.autoconfigure.condition.ConditionsReportEndpointAutoConfiguration'
2026-04-15 22:39:36.684 [main] DEBUG o.s.b.factory.support.DefaultListableBeanFactory - Autowiring by type from bean name 'conditionsReportEndpoint' via factory method to bean named 'org.springframework.boot.web.servlet.context.AnnotationConfigServletWebServerApplicationContext@294bdeb4'
2026-04-15 22:39:36.684 [main] DEBUG o.s.b.factory.support.DefaultListableBeanFactory - Creating shared instance of singleton bean 'configurationPropertiesReportEndpoint'
2026-04-15 22:39:36.685 [main] DEBUG o.s.b.factory.support.DefaultListableBeanFactory - Creating shared instance of singleton bean 'org.springframework.boot.actuate.autoconfigure.context.properties.ConfigurationPropertiesReportEndpointAutoConfiguration'
2026-04-15 22:39:36.685 [main] DEBUG o.s.b.factory.support.DefaultListableBeanFactory - Creating shared instance of singleton bean 'management.endpoint.configprops-org.springframework.boot.actuate.autoconfigure.context.properties.ConfigurationPropertiesReportEndpointProperties'
2026-04-15 22:39:36.686 [main] DEBUG o.s.b.factory.support.DefaultListableBeanFactory - Autowiring by type from bean name 'configurationPropertiesReportEndpoint' via factory method to bean named 'management.endpoint.configprops-org.springframework.boot.actuate.autoconfigure.context.properties.ConfigurationPropertiesReportEndpointProperties'
2026-04-15 22:39:36.691 [main] DEBUG o.s.b.factory.support.DefaultListableBeanFactory - Creating shared instance of singleton bean 'environmentEndpoint'
2026-04-15 22:39:36.691 [main] DEBUG o.s.b.factory.support.DefaultListableBeanFactory - Creating shared instance of singleton bean 'org.springframework.boot.actuate.autoconfigure.env.EnvironmentEndpointAutoConfiguration'
2026-04-15 22:39:36.692 [main] DEBUG o.s.b.factory.support.DefaultListableBeanFactory - Creating shared instance of singleton bean 'management.endpoint.env-org.springframework.boot.actuate.autoconfigure.env.EnvironmentEndpointProperties'
2026-04-15 22:39:36.692 [main] DEBUG o.s.b.factory.support.DefaultListableBeanFactory - Autowiring by type from bean name 'environmentEndpoint' via factory method to bean named 'environment'
2026-04-15 22:39:36.692 [main] DEBUG o.s.b.factory.support.DefaultListableBeanFactory - Autowiring by type from bean name 'environmentEndpoint' via factory method to bean named 'management.endpoint.env-org.springframework.boot.actuate.autoconfigure.env.EnvironmentEndpointProperties'
2026-04-15 22:39:36.694 [main] DEBUG o.s.b.factory.support.DefaultListableBeanFactory - Creating shared instance of singleton bean 'loggersEndpoint'
2026-04-15 22:39:36.694 [main] DEBUG o.s.b.factory.support.DefaultListableBeanFactory - Creating shared instance of singleton bean 'org.springframework.boot.actuate.autoconfigure.logging.LoggersEndpointAutoConfiguration'
2026-04-15 22:39:36.694 [main] DEBUG o.s.b.factory.support.DefaultListableBeanFactory - Autowiring by type from bean name 'loggersEndpoint' via factory method to bean named 'springBootLoggingSystem'
2026-04-15 22:39:36.696 [main] DEBUG o.s.b.factory.support.DefaultListableBeanFactory - Creating shared instance of singleton bean 'dumpEndpoint'
2026-04-15 22:39:36.696 [main] DEBUG o.s.b.factory.support.DefaultListableBeanFactory - Creating shared instance of singleton bean 'org.springframework.boot.actuate.autoconfigure.management.ThreadDumpEndpointAutoConfiguration'
2026-04-15 22:39:36.697 [main] DEBUG o.s.b.factory.support.DefaultListableBeanFactory - Creating shared instance of singleton bean 'metricsEndpoint'
2026-04-15 22:39:36.697 [main] DEBUG o.s.b.factory.support.DefaultListableBeanFactory - Creating shared instance of singleton bean 'org.springframework.boot.actuate.autoconfigure.metrics.MetricsEndpointAutoConfiguration'
2026-04-15 22:39:36.697 [main] DEBUG o.s.b.factory.support.DefaultListableBeanFactory - Autowiring by type from bean name 'metricsEndpoint' via factory method to bean named 'simpleMeterRegistry'
2026-04-15 22:39:36.699 [main] DEBUG o.s.b.factory.support.DefaultListableBeanFactory - Creating shared instance of singleton bean 'sbomEndpoint'
2026-04-15 22:39:36.699 [main] DEBUG o.s.b.factory.support.DefaultListableBeanFactory - Creating shared instance of singleton bean 'org.springframework.boot.actuate.autoconfigure.sbom.SbomEndpointAutoConfiguration'
2026-04-15 22:39:36.699 [main] DEBUG o.s.b.factory.support.DefaultListableBeanFactory - Creating shared instance of singleton bean 'management.endpoint.sbom-org.springframework.boot.actuate.sbom.SbomProperties'
2026-04-15 22:39:36.700 [main] DEBUG o.s.b.factory.support.DefaultListableBeanFactory - Autowiring by type from bean name 'org.springframework.boot.actuate.autoconfigure.sbom.SbomEndpointAutoConfiguration' via constructor to bean named 'management.endpoint.sbom-org.springframework.boot.actuate.sbom.SbomProperties'
2026-04-15 22:39:36.700 [main] DEBUG o.s.b.factory.support.DefaultListableBeanFactory - Autowiring by type from bean name 'sbomEndpoint' via factory method to bean named 'org.springframework.boot.web.servlet.context.AnnotationConfigServletWebServerApplicationContext@294bdeb4'
2026-04-15 22:39:36.702 [main] DEBUG o.s.b.factory.support.DefaultListableBeanFactory - Creating shared instance of singleton bean 'scheduledTasksEndpoint'
2026-04-15 22:39:36.702 [main] DEBUG o.s.b.factory.support.DefaultListableBeanFactory - Creating shared instance of singleton bean 'org.springframework.boot.actuate.autoconfigure.scheduling.ScheduledTasksEndpointAutoConfiguration'
2026-04-15 22:39:36.703 [main] DEBUG o.s.b.factory.support.DefaultListableBeanFactory - Creating shared instance of singleton bean 'mappingsEndpoint'
2026-04-15 22:39:36.703 [main] DEBUG o.s.b.factory.support.DefaultListableBeanFactory - Creating shared instance of singleton bean 'org.springframework.boot.actuate.autoconfigure.web.mappings.MappingsEndpointAutoConfiguration'
2026-04-15 22:39:36.703 [main] DEBUG o.s.b.factory.support.DefaultListableBeanFactory - Autowiring by type from bean name 'mappingsEndpoint' via factory method to bean named 'org.springframework.boot.web.servlet.context.AnnotationConfigServletWebServerApplicationContext@294bdeb4'
2026-04-15 22:39:36.704 [main] DEBUG o.s.b.factory.support.DefaultListableBeanFactory - Creating shared instance of singleton bean 'dispatcherServletMappingDescriptionProvider'
2026-04-15 22:39:36.704 [main] DEBUG o.s.b.factory.support.DefaultListableBeanFactory - Creating shared instance of singleton bean 'org.springframework.boot.actuate.autoconfigure.web.mappings.MappingsEndpointAutoConfiguration$ServletWebConfiguration$SpringMvcConfiguration'
2026-04-15 22:39:36.707 [main] DEBUG o.s.b.factory.support.DefaultListableBeanFactory - Creating shared instance of singleton bean 'servletMappingDescriptionProvider'
2026-04-15 22:39:36.707 [main] DEBUG o.s.b.factory.support.DefaultListableBeanFactory - Creating shared instance of singleton bean 'org.springframework.boot.actuate.autoconfigure.web.mappings.MappingsEndpointAutoConfiguration$ServletWebConfiguration'
2026-04-15 22:39:36.708 [main] DEBUG o.s.b.factory.support.DefaultListableBeanFactory - Creating shared instance of singleton bean 'filterMappingDescriptionProvider'
2026-04-15 22:39:36.715 [main] DEBUG o.s.b.factory.support.DefaultListableBeanFactory - Creating shared instance of singleton bean 'org.springframework.boot.actuate.autoconfigure.health.HealthEndpointAutoConfiguration'
2026-04-15 22:39:36.715 [main] DEBUG o.s.b.factory.support.DefaultListableBeanFactory - Creating shared instance of singleton bean 'org.springframework.boot.autoconfigure.info.ProjectInfoAutoConfiguration'
2026-04-15 22:39:36.715 [main] DEBUG o.s.b.factory.support.DefaultListableBeanFactory - Creating shared instance of singleton bean 'spring.info-org.springframework.boot.autoconfigure.info.ProjectInfoProperties'
2026-04-15 22:39:36.716 [main] DEBUG o.s.b.factory.support.DefaultListableBeanFactory - Autowiring by type from bean name 'org.springframework.boot.autoconfigure.info.ProjectInfoAutoConfiguration' via constructor to bean named 'spring.info-org.springframework.boot.autoconfigure.info.ProjectInfoProperties'
2026-04-15 22:39:36.716 [main] DEBUG o.s.b.factory.support.DefaultListableBeanFactory - Creating shared instance of singleton bean 'org.springframework.boot.actuate.autoconfigure.info.InfoContributorAutoConfiguration'
2026-04-15 22:39:36.716 [main] DEBUG o.s.b.factory.support.DefaultListableBeanFactory - Creating shared instance of singleton bean 'management.info-org.springframework.boot.actuate.autoconfigure.info.InfoContributorProperties'
2026-04-15 22:39:36.717 [main] DEBUG o.s.b.factory.support.DefaultListableBeanFactory - Creating shared instance of singleton bean 'org.springframework.boot.actuate.autoconfigure.web.servlet.ServletManagementContextAutoConfiguration'
2026-04-15 22:39:36.717 [main] DEBUG o.s.b.factory.support.DefaultListableBeanFactory - Creating shared instance of singleton bean 'servletWebChildContextFactory'
2026-04-15 22:39:36.718 [main] DEBUG o.s.b.factory.support.DefaultListableBeanFactory - Creating shared instance of singleton bean 'managementServletContext'
2026-04-15 22:39:36.718 [main] DEBUG o.s.b.factory.support.DefaultListableBeanFactory - Autowiring by type from bean name 'managementServletContext' via factory method to bean named 'management.endpoints.web-org.springframework.boot.actuate.autoconfigure.endpoint.web.WebEndpointProperties'
2026-04-15 22:39:36.718 [main] DEBUG o.s.b.factory.support.DefaultListableBeanFactory - Creating shared instance of singleton bean 'org.springframework.boot.actuate.autoconfigure.metrics.mongo.MongoMetricsAutoConfiguration'
2026-04-15 22:39:36.718 [main] DEBUG o.s.b.factory.support.DefaultListableBeanFactory - Creating shared instance of singleton bean 'gridFsTemplate'
2026-04-15 22:39:36.718 [main] DEBUG o.s.b.factory.support.DefaultListableBeanFactory - Autowiring by type from bean name 'gridFsTemplate' via factory method to bean named 'spring.data.mongodb-org.springframework.boot.autoconfigure.mongo.MongoProperties'
2026-04-15 22:39:36.718 [main] DEBUG o.s.b.factory.support.DefaultListableBeanFactory - Autowiring by type from bean name 'gridFsTemplate' via factory method to bean named 'mongoDatabaseFactory'
2026-04-15 22:39:36.718 [main] DEBUG o.s.b.factory.support.DefaultListableBeanFactory - Autowiring by type from bean name 'gridFsTemplate' via factory method to bean named 'mongoTemplate'
2026-04-15 22:39:36.718 [main] DEBUG o.s.b.factory.support.DefaultListableBeanFactory - Autowiring by type from bean name 'gridFsTemplate' via factory method to bean named 'mongoConnectionDetails'
2026-04-15 22:39:36.723 [main] DEBUG o.s.b.factory.support.DefaultListableBeanFactory - Creating shared instance of singleton bean 'org.springframework.boot.autoconfigure.data.mongo.MongoDataAutoConfiguration'
2026-04-15 22:39:36.724 [main] DEBUG o.s.b.factory.support.DefaultListableBeanFactory - Creating shared instance of singleton bean 'org.springframework.boot.actuate.autoconfigure.endpoint.jmx.JmxEndpointAutoConfiguration'
2026-04-15 22:39:36.724 [main] DEBUG o.s.b.factory.support.DefaultListableBeanFactory - Creating shared instance of singleton bean 'management.endpoints.jmx-org.springframework.boot.actuate.autoconfigure.endpoint.jmx.JmxEndpointProperties'
2026-04-15 22:39:36.725 [main] DEBUG o.s.b.factory.support.DefaultListableBeanFactory - Autowiring by type from bean name 'org.springframework.boot.actuate.autoconfigure.endpoint.jmx.JmxEndpointAutoConfiguration' via constructor to bean named 'org.springframework.boot.web.servlet.context.AnnotationConfigServletWebServerApplicationContext@294bdeb4'
2026-04-15 22:39:36.725 [main] DEBUG o.s.b.factory.support.DefaultListableBeanFactory - Autowiring by type from bean name 'org.springframework.boot.actuate.autoconfigure.endpoint.jmx.JmxEndpointAutoConfiguration' via constructor to bean named 'management.endpoints.jmx-org.springframework.boot.actuate.autoconfigure.endpoint.jmx.JmxEndpointProperties'
2026-04-15 22:39:36.725 [main] DEBUG o.s.b.factory.support.DefaultListableBeanFactory - Autowiring by type from bean name 'org.springframework.boot.actuate.autoconfigure.endpoint.jmx.JmxEndpointAutoConfiguration' via constructor to bean named 'spring.jmx-org.springframework.boot.autoconfigure.jmx.JmxProperties'
2026-04-15 22:39:36.725 [main] DEBUG o.s.b.factory.support.DefaultListableBeanFactory - Creating shared instance of singleton bean 'jmxAnnotationEndpointDiscoverer'
2026-04-15 22:39:36.726 [main] DEBUG o.s.b.factory.support.DefaultListableBeanFactory - Autowiring by type from bean name 'jmxAnnotationEndpointDiscoverer' via factory method to bean named 'endpointOperationParameterMapper'
2026-04-15 22:39:36.726 [main] DEBUG o.s.b.factory.support.DefaultListableBeanFactory - Creating shared instance of singleton bean 'jmxIncludeExcludePropertyEndpointFilter'
2026-04-15 22:39:36.727 [main] DEBUG o.s.b.factory.support.DefaultListableBeanFactory - Creating shared instance of singleton bean 'jmxAccessPropertiesOperationFilter'
2026-04-15 22:39:36.727 [main] DEBUG o.s.b.factory.support.DefaultListableBeanFactory - Autowiring by type from bean name 'jmxAccessPropertiesOperationFilter' via factory method to bean named 'propertiesEndpointAccessResolver'
2026-04-15 22:39:36.728 [main] DEBUG o.s.b.factory.support.DefaultListableBeanFactory - Creating shared instance of singleton bean 'endpointObjectNameFactory'
2026-04-15 22:39:36.728 [main] DEBUG o.s.b.factory.support.DefaultListableBeanFactory - Autowiring by type from bean name 'endpointObjectNameFactory' via factory method to bean named 'mbeanServer'
2026-04-15 22:39:36.728 [main] DEBUG o.s.b.factory.support.DefaultListableBeanFactory - Creating shared instance of singleton bean 'jmxMBeanExporter'
2026-04-15 22:39:36.728 [main] DEBUG o.s.b.factory.support.DefaultListableBeanFactory - Autowiring by type from bean name 'jmxMBeanExporter' via factory method to bean named 'mbeanServer'
2026-04-15 22:39:36.729 [main] DEBUG o.s.b.factory.support.DefaultListableBeanFactory - Autowiring by type from bean name 'jmxMBeanExporter' via factory method to bean named 'endpointObjectNameFactory'
2026-04-15 22:39:36.729 [main] DEBUG o.s.b.factory.support.DefaultListableBeanFactory - Autowiring by type from bean name 'jmxMBeanExporter' via factory method to bean named 'jmxAnnotationEndpointDiscoverer'
2026-04-15 22:39:36.756 [main] DEBUG o.s.b.factory.support.DefaultListableBeanFactory - Creating shared instance of singleton bean 'eagerlyInitializeJmxEndpointExporter'
2026-04-15 22:39:36.757 [main] DEBUG o.s.b.factory.support.DefaultListableBeanFactory - Creating shared instance of singleton bean 'controllerEndpointDiscoverer'
2026-04-15 22:39:36.758 [main] DEBUG o.s.b.factory.support.DefaultListableBeanFactory - Creating shared instance of singleton bean 'controllerExposeExcludePropertyEndpointFilter'
2026-04-15 22:39:36.759 [main] DEBUG o.s.b.factory.support.DefaultListableBeanFactory - Creating shared instance of singleton bean 'pathMappedEndpoints'
2026-04-15 22:39:36.760 [main] DEBUG o.s.b.factory.support.DefaultListableBeanFactory - Autowiring by type from bean name 'pathMappedEndpoints' via factory method to bean named 'jmxAnnotationEndpointDiscoverer'
2026-04-15 22:39:36.760 [main] DEBUG o.s.b.factory.support.DefaultListableBeanFactory - Autowiring by type from bean name 'pathMappedEndpoints' via factory method to bean named 'servletEndpointDiscoverer'
2026-04-15 22:39:36.760 [main] DEBUG o.s.b.factory.support.DefaultListableBeanFactory - Autowiring by type from bean name 'pathMappedEndpoints' via factory method to bean named 'webEndpointDiscoverer'
2026-04-15 22:39:36.760 [main] DEBUG o.s.b.factory.support.DefaultListableBeanFactory - Autowiring by type from bean name 'pathMappedEndpoints' via factory method to bean named 'controllerEndpointDiscoverer'
2026-04-15 22:39:36.765 [main] DEBUG o.s.b.factory.support.DefaultListableBeanFactory - Creating shared instance of singleton bean 'org.springframework.boot.actuate.autoconfigure.logging.LogFileWebEndpointAutoConfiguration'
2026-04-15 22:39:36.765 [main] DEBUG o.s.b.factory.support.DefaultListableBeanFactory - Creating shared instance of singleton bean 'management.endpoint.logfile-org.springframework.boot.actuate.autoconfigure.logging.LogFileWebEndpointProperties'
2026-04-15 22:39:36.766 [main] DEBUG o.s.b.factory.support.DefaultListableBeanFactory - Creating shared instance of singleton bean 'org.springframework.boot.actuate.autoconfigure.metrics.JvmMetricsAutoConfiguration'
2026-04-15 22:39:36.766 [main] DEBUG o.s.b.factory.support.DefaultListableBeanFactory - Creating shared instance of singleton bean 'jvmGcMetrics'
2026-04-15 22:39:36.769 [main] DEBUG o.s.b.factory.support.DefaultListableBeanFactory - Creating shared instance of singleton bean 'jvmHeapPressureMetrics'
2026-04-15 22:39:36.773 [main] DEBUG o.s.b.factory.support.DefaultListableBeanFactory - Creating shared instance of singleton bean 'jvmMemoryMetrics'
2026-04-15 22:39:36.774 [main] DEBUG o.s.b.factory.support.DefaultListableBeanFactory - Creating shared instance of singleton bean 'jvmThreadMetrics'
2026-04-15 22:39:36.774 [main] DEBUG o.s.b.factory.support.DefaultListableBeanFactory - Creating shared instance of singleton bean 'classLoaderMetrics'
2026-04-15 22:39:36.774 [main] DEBUG o.s.b.factory.support.DefaultListableBeanFactory - Creating shared instance of singleton bean 'jvmInfoMetrics'
2026-04-15 22:39:36.774 [main] DEBUG o.s.b.factory.support.DefaultListableBeanFactory - Creating shared instance of singleton bean 'jvmCompilationMetrics'
2026-04-15 22:39:36.775 [main] DEBUG o.s.b.factory.support.DefaultListableBeanFactory - Creating shared instance of singleton bean 'org.springframework.boot.actuate.autoconfigure.metrics.LogbackMetricsAutoConfiguration'
2026-04-15 22:39:36.775 [main] DEBUG o.s.b.factory.support.DefaultListableBeanFactory - Creating shared instance of singleton bean 'logbackMetrics'
2026-04-15 22:39:36.777 [main] DEBUG o.s.b.factory.support.DefaultListableBeanFactory - Creating shared instance of singleton bean 'org.springframework.boot.actuate.autoconfigure.metrics.SystemMetricsAutoConfiguration'
2026-04-15 22:39:36.777 [main] DEBUG o.s.b.factory.support.DefaultListableBeanFactory - Creating shared instance of singleton bean 'uptimeMetrics'
2026-04-15 22:39:36.777 [main] DEBUG o.s.b.factory.support.DefaultListableBeanFactory - Creating shared instance of singleton bean 'processorMetrics'
2026-04-15 22:39:36.778 [main] DEBUG o.s.b.factory.support.DefaultListableBeanFactory - Creating shared instance of singleton bean 'fileDescriptorMetrics'
2026-04-15 22:39:36.779 [main] DEBUG o.s.b.factory.support.DefaultListableBeanFactory - Creating shared instance of singleton bean 'diskSpaceMetrics'
2026-04-15 22:39:36.779 [main] DEBUG o.s.b.factory.support.DefaultListableBeanFactory - Autowiring by type from bean name 'diskSpaceMetrics' via factory method to bean named 'management.metrics-org.springframework.boot.actuate.autoconfigure.metrics.MetricsProperties'
2026-04-15 22:39:36.780 [main] DEBUG o.s.b.factory.support.DefaultListableBeanFactory - Creating shared instance of singleton bean 'org.springframework.boot.actuate.autoconfigure.metrics.cache.CacheMeterBinderProvidersConfiguration$CaffeineCacheMeterBinderProviderConfiguration'
2026-04-15 22:39:36.780 [main] DEBUG o.s.b.factory.support.DefaultListableBeanFactory - Creating shared instance of singleton bean 'caffeineCacheMeterBinderProvider'
2026-04-15 22:39:36.780 [main] DEBUG o.s.b.factory.support.DefaultListableBeanFactory - Creating shared instance of singleton bean 'org.springframework.boot.actuate.autoconfigure.metrics.cache.CacheMeterBinderProvidersConfiguration'
2026-04-15 22:39:36.780 [main] DEBUG o.s.b.factory.support.DefaultListableBeanFactory - Creating shared instance of singleton bean 'org.springframework.boot.actuate.autoconfigure.metrics.cache.CacheMetricsRegistrarConfiguration'
2026-04-15 22:39:36.781 [main] DEBUG o.s.b.factory.support.DefaultListableBeanFactory - Autowiring by type from bean name 'org.springframework.boot.actuate.autoconfigure.metrics.cache.CacheMetricsRegistrarConfiguration' via constructor to bean named 'simpleMeterRegistry'
2026-04-15 22:39:36.781 [main] DEBUG o.s.b.factory.support.DefaultListableBeanFactory - Autowiring by type from bean name 'org.springframework.boot.actuate.autoconfigure.metrics.cache.CacheMetricsRegistrarConfiguration' via constructor to bean named 'caffeineCacheMeterBinderProvider'
2026-04-15 22:39:36.781 [main] DEBUG o.s.b.factory.support.DefaultListableBeanFactory - Autowiring by type from bean name 'org.springframework.boot.actuate.autoconfigure.metrics.cache.CacheMetricsRegistrarConfiguration' via constructor to bean named 'org.springframework.beans.factory.support.DefaultListableBeanFactory@652ab8d9'
2026-04-15 22:39:36.787 [main] DEBUG o.s.b.factory.support.DefaultListableBeanFactory - Creating shared instance of singleton bean 'cacheMetricsRegistrar'
2026-04-15 22:39:36.787 [main] DEBUG o.s.b.factory.support.DefaultListableBeanFactory - Creating shared instance of singleton bean 'org.springframework.boot.actuate.autoconfigure.metrics.cache.CacheMetricsAutoConfiguration'
2026-04-15 22:39:36.787 [main] DEBUG o.s.b.factory.support.DefaultListableBeanFactory - Creating shared instance of singleton bean 'org.springframework.boot.actuate.autoconfigure.metrics.data.RepositoryMetricsAutoConfiguration'
2026-04-15 22:39:36.787 [main] DEBUG o.s.b.factory.support.DefaultListableBeanFactory - Autowiring by type from bean name 'org.springframework.boot.actuate.autoconfigure.metrics.data.RepositoryMetricsAutoConfiguration' via constructor to bean named 'management.metrics-org.springframework.boot.actuate.autoconfigure.metrics.MetricsProperties'
2026-04-15 22:39:36.787 [main] DEBUG o.s.b.factory.support.DefaultListableBeanFactory - Creating shared instance of singleton bean 'repositoryTagsProvider'
2026-04-15 22:39:36.788 [main] DEBUG o.s.b.factory.support.DefaultListableBeanFactory - Creating shared instance of singleton bean 'metricsRepositoryMethodInvocationListener'
2026-04-15 22:39:36.789 [main] DEBUG o.s.b.factory.support.DefaultListableBeanFactory - Autowiring by type from bean name 'metricsRepositoryMethodInvocationListener' via factory method to bean named 'repositoryTagsProvider'
2026-04-15 22:39:36.791 [main] DEBUG o.s.b.factory.support.DefaultListableBeanFactory - Creating shared instance of singleton bean 'org.springframework.boot.actuate.autoconfigure.metrics.integration.IntegrationMetricsAutoConfiguration'
2026-04-15 22:39:36.791 [main] DEBUG o.s.b.factory.support.DefaultListableBeanFactory - Creating shared instance of singleton bean 'org.springframework.boot.actuate.autoconfigure.metrics.jdbc.DataSourcePoolMetricsAutoConfiguration$HikariDataSourceMetricsConfiguration'
2026-04-15 22:39:36.791 [main] DEBUG o.s.b.factory.support.DefaultListableBeanFactory - Creating shared instance of singleton bean 'hikariDataSourceMeterBinder'
2026-04-15 22:39:36.792 [main] DEBUG o.s.b.factory.support.DefaultListableBeanFactory - Creating shared instance of singleton bean 'org.springframework.boot.actuate.autoconfigure.metrics.jdbc.DataSourcePoolMetricsAutoConfiguration$DataSourcePoolMetadataMetricsConfiguration'
2026-04-15 22:39:36.792 [main] DEBUG o.s.b.factory.support.DefaultListableBeanFactory - Creating shared instance of singleton bean 'dataSourcePoolMetadataMeterBinder'
2026-04-15 22:39:36.792 [main] DEBUG o.s.b.factory.support.DefaultListableBeanFactory - Autowiring by type from bean name 'dataSourcePoolMetadataMeterBinder' via factory method to bean named 'org.springframework.beans.factory.support.DefaultListableBeanFactory@652ab8d9'
2026-04-15 22:39:36.792 [main] DEBUG o.s.b.factory.support.DefaultListableBeanFactory - Creating shared instance of singleton bean 'org.springframework.boot.actuate.autoconfigure.metrics.jdbc.DataSourcePoolMetricsAutoConfiguration'
2026-04-15 22:39:36.792 [main] DEBUG o.s.b.factory.support.DefaultListableBeanFactory - Creating shared instance of singleton bean 'org.springframework.boot.autoconfigure.task.TaskSchedulingConfigurations$ThreadPoolTaskSchedulerBuilderConfiguration'
2026-04-15 22:39:36.793 [main] DEBUG o.s.b.factory.support.DefaultListableBeanFactory - Creating shared instance of singleton bean 'threadPoolTaskSchedulerBuilder'
2026-04-15 22:39:36.793 [main] DEBUG o.s.b.factory.support.DefaultListableBeanFactory - Creating shared instance of singleton bean 'spring.task.scheduling-org.springframework.boot.autoconfigure.task.TaskSchedulingProperties'
2026-04-15 22:39:36.794 [main] DEBUG o.s.b.factory.support.DefaultListableBeanFactory - Autowiring by type from bean name 'threadPoolTaskSchedulerBuilder' via factory method to bean named 'spring.task.scheduling-org.springframework.boot.autoconfigure.task.TaskSchedulingProperties'
2026-04-15 22:39:36.795 [main] DEBUG o.s.b.factory.support.DefaultListableBeanFactory - Creating shared instance of singleton bean 'org.springframework.boot.autoconfigure.task.TaskSchedulingConfigurations$SimpleAsyncTaskSchedulerBuilderConfiguration'
2026-04-15 22:39:36.795 [main] DEBUG o.s.b.factory.support.DefaultListableBeanFactory - Autowiring by type from bean name 'org.springframework.boot.autoconfigure.task.TaskSchedulingConfigurations$SimpleAsyncTaskSchedulerBuilderConfiguration' via constructor to bean named 'spring.task.scheduling-org.springframework.boot.autoconfigure.task.TaskSchedulingProperties'
2026-04-15 22:39:36.795 [main] DEBUG o.s.b.factory.support.DefaultListableBeanFactory - Creating shared instance of singleton bean 'simpleAsyncTaskSchedulerBuilder'
2026-04-15 22:39:36.797 [main] DEBUG o.s.b.factory.support.DefaultListableBeanFactory - Creating shared instance of singleton bean 'org.springframework.boot.autoconfigure.task.TaskSchedulingConfigurations$TaskSchedulerConfiguration'
2026-04-15 22:39:36.797 [main] DEBUG o.s.b.factory.support.DefaultListableBeanFactory - Creating shared instance of singleton bean 'taskScheduler'
2026-04-15 22:39:36.797 [main] DEBUG o.s.b.factory.support.DefaultListableBeanFactory - Autowiring by type from bean name 'taskScheduler' via factory method to bean named 'threadPoolTaskSchedulerBuilder'
2026-04-15 22:39:36.799 [main] DEBUG o.s.scheduling.concurrent.ThreadPoolTaskScheduler - Initializing ExecutorService 'taskScheduler'
2026-04-15 22:39:36.802 [main] DEBUG o.s.b.factory.support.DefaultListableBeanFactory - Creating shared instance of singleton bean 'org.springframework.boot.autoconfigure.task.TaskSchedulingAutoConfiguration'
2026-04-15 22:39:36.802 [main] DEBUG o.s.b.factory.support.DefaultListableBeanFactory - Creating shared instance of singleton bean 'scheduledBeanLazyInitializationExcludeFilter'
2026-04-15 22:39:36.803 [main] DEBUG o.s.b.factory.support.DefaultListableBeanFactory - Creating shared instance of singleton bean 'org.springframework.boot.actuate.autoconfigure.metrics.task.TaskExecutorMetricsAutoConfiguration'
2026-04-15 22:39:36.807 [main] DEBUG o.s.b.factory.support.DefaultListableBeanFactory - Creating shared instance of singleton bean 'eagerTaskExecutorMetrics'
2026-04-15 22:39:36.807 [main] DEBUG o.s.b.factory.support.DefaultListableBeanFactory - Creating shared instance of singleton bean 'org.springframework.boot.actuate.autoconfigure.metrics.web.tomcat.TomcatMetricsAutoConfiguration'
2026-04-15 22:39:36.807 [main] DEBUG o.s.b.factory.support.DefaultListableBeanFactory - Creating shared instance of singleton bean 'tomcatMetricsBinder'
2026-04-15 22:39:36.807 [main] DEBUG o.s.b.factory.support.DefaultListableBeanFactory - Autowiring by type from bean name 'tomcatMetricsBinder' via factory method to bean named 'simpleMeterRegistry'
2026-04-15 22:39:36.808 [main] DEBUG o.s.b.factory.support.DefaultListableBeanFactory - Creating shared instance of singleton bean 'org.springframework.boot.autoconfigure.web.client.RestTemplateAutoConfiguration'
2026-04-15 22:39:36.808 [main] DEBUG o.s.b.factory.support.DefaultListableBeanFactory - Creating shared instance of singleton bean 'org.springframework.boot.actuate.autoconfigure.observation.web.client.RestTemplateObservationConfiguration'
2026-04-15 22:39:36.808 [main] DEBUG o.s.b.factory.support.DefaultListableBeanFactory - Creating shared instance of singleton bean 'observationRestTemplateCustomizer'
2026-04-15 22:39:36.808 [main] DEBUG o.s.b.factory.support.DefaultListableBeanFactory - Autowiring by type from bean name 'observationRestTemplateCustomizer' via factory method to bean named 'observationRegistry'
2026-04-15 22:39:36.808 [main] DEBUG o.s.b.factory.support.DefaultListableBeanFactory - Autowiring by type from bean name 'observationRestTemplateCustomizer' via factory method to bean named 'management.observations-org.springframework.boot.actuate.autoconfigure.observation.ObservationProperties'
2026-04-15 22:39:36.809 [main] DEBUG o.s.b.factory.support.DefaultListableBeanFactory - Creating shared instance of singleton bean 'org.springframework.boot.actuate.autoconfigure.observation.web.client.HttpClientObservationsAutoConfiguration'
2026-04-15 22:39:36.809 [main] DEBUG o.s.b.factory.support.DefaultListableBeanFactory - Creating shared instance of singleton bean 'org.springframework.boot.actuate.autoconfigure.scheduling.ScheduledTasksObservabilityAutoConfiguration'
2026-04-15 22:39:36.809 [main] DEBUG o.s.b.factory.support.DefaultListableBeanFactory - Creating shared instance of singleton bean 'observabilitySchedulingConfigurer'
2026-04-15 22:39:36.809 [main] DEBUG o.s.b.factory.support.DefaultListableBeanFactory - Autowiring by type from bean name 'observabilitySchedulingConfigurer' via factory method to bean named 'observationRegistry'
2026-04-15 22:39:36.809 [main] DEBUG o.s.b.factory.support.DefaultListableBeanFactory - Creating shared instance of singleton bean 'org.springframework.boot.actuate.autoconfigure.ssl.SslObservabilityAutoConfiguration'
2026-04-15 22:39:36.810 [main] DEBUG o.s.b.factory.support.DefaultListableBeanFactory - Creating shared instance of singleton bean 'sslMeterBinder'
2026-04-15 22:39:36.810 [main] DEBUG o.s.b.factory.support.DefaultListableBeanFactory - Autowiring by type from bean name 'sslMeterBinder' via factory method to bean named 'sslInfo'
2026-04-15 22:39:36.810 [main] DEBUG o.s.b.factory.support.DefaultListableBeanFactory - Autowiring by type from bean name 'sslMeterBinder' via factory method to bean named 'sslBundleRegistry'
2026-04-15 22:39:36.811 [main] DEBUG o.s.b.factory.support.DefaultListableBeanFactory - Creating shared instance of singleton bean 'org.springframework.boot.actuate.autoconfigure.web.exchanges.HttpExchangesEndpointAutoConfiguration'
2026-04-15 22:39:36.811 [main] DEBUG o.s.b.factory.support.DefaultListableBeanFactory - Creating shared instance of singleton bean 'org.springframework.boot.autoconfigure.aop.AopAutoConfiguration$ClassProxyingConfiguration'
2026-04-15 22:39:36.811 [main] DEBUG o.s.b.factory.support.DefaultListableBeanFactory - Creating shared instance of singleton bean 'org.springframework.boot.autoconfigure.aop.AopAutoConfiguration'
2026-04-15 22:39:36.812 [main] DEBUG o.s.b.factory.support.DefaultListableBeanFactory - Creating shared instance of singleton bean 'org.springframework.boot.autoconfigure.context.ConfigurationPropertiesAutoConfiguration'
2026-04-15 22:39:36.812 [main] DEBUG o.s.b.factory.support.DefaultListableBeanFactory - Creating shared instance of singleton bean 'org.springframework.boot.autoconfigure.context.LifecycleAutoConfiguration'
2026-04-15 22:39:36.812 [main] DEBUG o.s.b.factory.support.DefaultListableBeanFactory - Creating shared instance of singleton bean 'lifecycleProcessor'
2026-04-15 22:39:36.812 [main] DEBUG o.s.b.factory.support.DefaultListableBeanFactory - Creating shared instance of singleton bean 'spring.lifecycle-org.springframework.boot.autoconfigure.context.LifecycleProperties'
2026-04-15 22:39:36.813 [main] DEBUG o.s.b.factory.support.DefaultListableBeanFactory - Autowiring by type from bean name 'lifecycleProcessor' via factory method to bean named 'spring.lifecycle-org.springframework.boot.autoconfigure.context.LifecycleProperties'
2026-04-15 22:39:36.815 [main] DEBUG o.s.b.factory.support.DefaultListableBeanFactory - Creating shared instance of singleton bean 'org.springframework.boot.autoconfigure.dao.PersistenceExceptionTranslationAutoConfiguration'
2026-04-15 22:39:36.815 [main] DEBUG o.s.b.factory.support.DefaultListableBeanFactory - Creating shared instance of singleton bean 'org.springframework.boot.autoconfigure.data.mongo.MongoRepositoriesAutoConfiguration'
2026-04-15 22:39:36.815 [main] DEBUG o.s.b.factory.support.DefaultListableBeanFactory - Creating shared instance of singleton bean 'data-mongo.repository-aot-processor#0'
2026-04-15 22:39:36.821 [main] DEBUG o.s.b.factory.support.DefaultListableBeanFactory - Creating shared instance of singleton bean 'org.springframework.data.web.config.ProjectingArgumentResolverRegistrar'
2026-04-15 22:39:36.822 [main] DEBUG o.s.b.factory.support.DefaultListableBeanFactory - Creating shared instance of singleton bean 'offsetResolver'
2026-04-15 22:39:36.825 [main] DEBUG o.s.b.factory.support.DefaultListableBeanFactory - Creating shared instance of singleton bean 'org.springframework.boot.autoconfigure.jdbc.JdbcClientAutoConfiguration'
2026-04-15 22:39:36.825 [main] DEBUG o.s.b.factory.support.DefaultListableBeanFactory - Creating shared instance of singleton bean 'jdbcClient'
2026-04-15 22:39:36.825 [main] DEBUG o.s.b.factory.support.DefaultListableBeanFactory - Autowiring by type from bean name 'jdbcClient' via factory method to bean named 'namedParameterJdbcTemplate'
2026-04-15 22:39:36.827 [main] DEBUG o.s.b.factory.support.DefaultListableBeanFactory - Creating shared instance of singleton bean 'org.springframework.boot.autoconfigure.netty.NettyAutoConfiguration'
2026-04-15 22:39:36.827 [main] DEBUG o.s.b.factory.support.DefaultListableBeanFactory - Creating shared instance of singleton bean 'spring.netty-org.springframework.boot.autoconfigure.netty.NettyProperties'
2026-04-15 22:39:36.827 [main] DEBUG o.s.b.factory.support.DefaultListableBeanFactory - Autowiring by type from bean name 'org.springframework.boot.autoconfigure.netty.NettyAutoConfiguration' via constructor to bean named 'spring.netty-org.springframework.boot.autoconfigure.netty.NettyProperties'
2026-04-15 22:39:36.828 [main] DEBUG o.s.b.factory.support.DefaultListableBeanFactory - Creating shared instance of singleton bean 'nettyAutoConfigurationLazyInitializationExcludeFilter'
2026-04-15 22:39:36.828 [main] DEBUG o.s.b.factory.support.DefaultListableBeanFactory - Creating shared instance of singleton bean 'org.springframework.boot.autoconfigure.reactor.ReactorAutoConfiguration'
2026-04-15 22:39:36.828 [main] DEBUG o.s.b.factory.support.DefaultListableBeanFactory - Creating shared instance of singleton bean 'spring.reactor-org.springframework.boot.autoconfigure.reactor.ReactorProperties'
2026-04-15 22:39:36.829 [main] DEBUG o.s.b.factory.support.DefaultListableBeanFactory - Autowiring by type from bean name 'org.springframework.boot.autoconfigure.reactor.ReactorAutoConfiguration' via constructor to bean named 'spring.reactor-org.springframework.boot.autoconfigure.reactor.ReactorProperties'
2026-04-15 22:39:36.829 [main] DEBUG o.s.b.factory.support.DefaultListableBeanFactory - Creating shared instance of singleton bean 'reactorAutoConfigurationLazyInitializationExcludeFilter'
2026-04-15 22:39:36.829 [main] DEBUG o.s.b.factory.support.DefaultListableBeanFactory - Creating shared instance of singleton bean 'org.springframework.boot.autoconfigure.sql.init.SqlInitializationAutoConfiguration'
2026-04-15 22:39:36.829 [main] DEBUG o.s.b.factory.support.DefaultListableBeanFactory - Creating shared instance of singleton bean 'org.springframework.boot.autoconfigure.jdbc.DataSourceTransactionManagerAutoConfiguration$JdbcTransactionManagerConfiguration'
2026-04-15 22:39:36.829 [main] DEBUG o.s.b.factory.support.DefaultListableBeanFactory - Creating shared instance of singleton bean 'transactionManager'
2026-04-15 22:39:36.829 [main] DEBUG o.s.b.factory.support.DefaultListableBeanFactory - Autowiring by type from bean name 'transactionManager' via factory method to bean named 'environment'
2026-04-15 22:39:36.829 [main] DEBUG o.s.b.factory.support.DefaultListableBeanFactory - Autowiring by type from bean name 'transactionManager' via factory method to bean named 'dataSource'
2026-04-15 22:39:36.835 [main] DEBUG o.s.b.factory.support.DefaultListableBeanFactory - Creating shared instance of singleton bean 'org.springframework.boot.autoconfigure.jdbc.DataSourceTransactionManagerAutoConfiguration'
2026-04-15 22:39:36.835 [main] DEBUG o.s.b.factory.support.DefaultListableBeanFactory - Creating shared instance of singleton bean 'org.springframework.boot.autoconfigure.transaction.TransactionAutoConfiguration$EnableTransactionManagementConfiguration$CglibAutoProxyConfiguration'
2026-04-15 22:39:36.835 [main] DEBUG o.s.b.factory.support.DefaultListableBeanFactory - Creating shared instance of singleton bean 'org.springframework.boot.autoconfigure.transaction.TransactionAutoConfiguration$EnableTransactionManagementConfiguration'
2026-04-15 22:39:36.835 [main] DEBUG o.s.b.factory.support.DefaultListableBeanFactory - Creating shared instance of singleton bean 'org.springframework.boot.autoconfigure.transaction.TransactionAutoConfiguration$TransactionTemplateConfiguration'
2026-04-15 22:39:36.835 [main] DEBUG o.s.b.factory.support.DefaultListableBeanFactory - Creating shared instance of singleton bean 'transactionTemplate'
2026-04-15 22:39:36.835 [main] DEBUG o.s.b.factory.support.DefaultListableBeanFactory - Autowiring by type from bean name 'transactionTemplate' via factory method to bean named 'transactionManager'
2026-04-15 22:39:36.836 [main] DEBUG o.s.b.factory.support.DefaultListableBeanFactory - Creating shared instance of singleton bean 'org.springframework.boot.autoconfigure.transaction.TransactionAutoConfiguration'
2026-04-15 22:39:36.837 [main] DEBUG o.s.b.factory.support.DefaultListableBeanFactory - Creating shared instance of singleton bean 'org.springframework.boot.autoconfigure.web.embedded.EmbeddedWebServerFactoryCustomizerAutoConfiguration'
2026-04-15 22:39:36.837 [main] DEBUG o.s.b.factory.support.DefaultListableBeanFactory - Creating shared instance of singleton bean 'org.springframework.boot.autoconfigure.web.reactive.function.client.ClientHttpConnectorAutoConfiguration'
2026-04-15 22:39:36.837 [main] DEBUG o.s.b.factory.support.DefaultListableBeanFactory - Creating shared instance of singleton bean 'multipartResolver'
2026-04-15 22:39:36.838 [main] DEBUG o.s.b.factory.support.DefaultListableBeanFactory - Creating shared instance of singleton bean 'org.springframework.boot.autoconfigure.websocket.servlet.WebSocketMessagingAutoConfiguration'
2026-04-15 22:39:36.838 [main] DEBUG o.s.b.factory.support.DefaultListableBeanFactory - Creating shared instance of singleton bean 'org.springframework.boot.actuate.autoconfigure.endpoint.web.servlet.WebMvcEndpointManagementContextConfiguration'
2026-04-15 22:39:36.839 [main] DEBUG o.s.b.factory.support.DefaultListableBeanFactory - Creating shared instance of singleton bean 'webEndpointServletHandlerMapping'
2026-04-15 22:39:36.839 [main] DEBUG o.s.b.factory.support.DefaultListableBeanFactory - Creating shared instance of singleton bean 'management.endpoints.web.cors-org.springframework.boot.actuate.autoconfigure.endpoint.web.CorsEndpointProperties'
2026-04-15 22:39:36.840 [main] DEBUG o.s.b.factory.support.DefaultListableBeanFactory - Autowiring by type from bean name 'webEndpointServletHandlerMapping' via factory method to bean named 'webEndpointDiscoverer'
2026-04-15 22:39:36.840 [main] DEBUG o.s.b.factory.support.DefaultListableBeanFactory - Autowiring by type from bean name 'webEndpointServletHandlerMapping' via factory method to bean named 'servletEndpointDiscoverer'
2026-04-15 22:39:36.840 [main] DEBUG o.s.b.factory.support.DefaultListableBeanFactory - Autowiring by type from bean name 'webEndpointServletHandlerMapping' via factory method to bean named 'controllerEndpointDiscoverer'
2026-04-15 22:39:36.840 [main] DEBUG o.s.b.factory.support.DefaultListableBeanFactory - Autowiring by type from bean name 'webEndpointServletHandlerMapping' via factory method to bean named 'endpointMediaTypes'
2026-04-15 22:39:36.840 [main] DEBUG o.s.b.factory.support.DefaultListableBeanFactory - Autowiring by type from bean name 'webEndpointServletHandlerMapping' via factory method to bean named 'management.endpoints.web.cors-org.springframework.boot.actuate.autoconfigure.endpoint.web.CorsEndpointProperties'
2026-04-15 22:39:36.840 [main] DEBUG o.s.b.factory.support.DefaultListableBeanFactory - Autowiring by type from bean name 'webEndpointServletHandlerMapping' via factory method to bean named 'management.endpoints.web-org.springframework.boot.actuate.autoconfigure.endpoint.web.WebEndpointProperties'
2026-04-15 22:39:36.840 [main] DEBUG o.s.b.factory.support.DefaultListableBeanFactory - Autowiring by type from bean name 'webEndpointServletHandlerMapping' via factory method to bean named 'environment'
2026-04-15 22:39:36.848 [main] DEBUG o.s.b.factory.support.DefaultListableBeanFactory - Creating shared instance of singleton bean 'controllerEndpointHandlerMapping'
2026-04-15 22:39:36.848 [main] DEBUG o.s.b.factory.support.DefaultListableBeanFactory - Autowiring by type from bean name 'controllerEndpointHandlerMapping' via factory method to bean named 'controllerEndpointDiscoverer'
2026-04-15 22:39:36.848 [main] DEBUG o.s.b.factory.support.DefaultListableBeanFactory - Autowiring by type from bean name 'controllerEndpointHandlerMapping' via factory method to bean named 'management.endpoints.web.cors-org.springframework.boot.actuate.autoconfigure.endpoint.web.CorsEndpointProperties'
2026-04-15 22:39:36.848 [main] DEBUG o.s.b.factory.support.DefaultListableBeanFactory - Autowiring by type from bean name 'controllerEndpointHandlerMapping' via factory method to bean named 'management.endpoints.web-org.springframework.boot.actuate.autoconfigure.endpoint.web.WebEndpointProperties'
2026-04-15 22:39:36.848 [main] DEBUG o.s.b.factory.support.DefaultListableBeanFactory - Autowiring by type from bean name 'controllerEndpointHandlerMapping' via factory method to bean named 'propertiesEndpointAccessResolver'
2026-04-15 22:39:36.852 [main] DEBUG o.s.b.factory.support.DefaultListableBeanFactory - Creating shared instance of singleton bean 'org.springframework.boot.actuate.autoconfigure.web.server.ManagementContextAutoConfiguration$SameManagementContextConfiguration$EnableSameManagementContextConfiguration'
2026-04-15 22:39:36.852 [main] DEBUG o.s.b.factory.support.DefaultListableBeanFactory - Creating shared instance of singleton bean 'org.springframework.boot.actuate.autoconfigure.web.server.ManagementContextAutoConfiguration$SameManagementContextConfiguration'
2026-04-15 22:39:36.853 [main] DEBUG o.s.b.factory.support.DefaultListableBeanFactory - Autowiring by type from bean name 'org.springframework.boot.actuate.autoconfigure.web.server.ManagementContextAutoConfiguration$SameManagementContextConfiguration' via constructor to bean named 'environment'
2026-04-15 22:39:36.853 [main] DEBUG o.s.b.factory.support.DefaultListableBeanFactory - Creating shared instance of singleton bean 'org.springframework.boot.actuate.autoconfigure.web.server.ManagementContextAutoConfiguration'
2026-04-15 22:39:36.853 [main] DEBUG o.s.b.factory.support.DefaultListableBeanFactory - Creating shared instance of singleton bean 'management.server-org.springframework.boot.actuate.autoconfigure.web.server.ManagementServerProperties'
2026-04-15 22:39:36.854 [main] DEBUG o.s.b.factory.support.DefaultListableBeanFactory - Creating shared instance of singleton bean 'chatSessionMapper'
2026-04-15 22:39:36.884 [main] DEBUG o.s.w.s.server.standard.ServerEndpointExporter - Registering @ServerEndpoint class: class com.example.XSJ.Controller.UserChat.WebSocketServer
2026-04-15 22:39:36.911 [main] DEBUG o.s.jmx.export.annotation.AnnotationMBeanExporter - Registering beans for JMX exposure on startup
2026-04-15 22:39:36.911 [main] DEBUG o.s.jmx.export.annotation.AnnotationMBeanExporter - Auto-detecting user-defined JMX MBeans
2026-04-15 22:39:36.912 [main] DEBUG o.s.jmx.export.annotation.AnnotationMBeanExporter - Bean with name 'dataSource' has been autodetected for JMX exposure
2026-04-15 22:39:36.916 [main] DEBUG o.s.jmx.export.annotation.AnnotationMBeanExporter - Located MBean 'dataSource': registering with JMX server as MBean [com.zaxxer.hikari:name=dataSource,type=HikariDataSource]
2026-04-15 22:39:36.924 [main] DEBUG o.s.context.support.DefaultLifecycleProcessor - Starting beans in phase -2147483647
2026-04-15 22:39:36.924 [main] DEBUG o.s.context.support.DefaultLifecycleProcessor - Successfully started bean 'springBootLoggingLifecycle'
2026-04-15 22:39:36.924 [main] DEBUG o.s.context.support.DefaultLifecycleProcessor - Starting beans in phase 0
2026-04-15 22:39:36.924 [main] DEBUG o.s.context.support.DefaultLifecycleProcessor - Starting beans in phase 1
2026-04-15 22:39:36.924 [main] DEBUG o.s.context.support.DefaultLifecycleProcessor - Starting beans in phase 1073741823
2026-04-15 22:39:36.924 [main] DEBUG o.s.context.support.DefaultLifecycleProcessor - Starting beans in phase 2147481599
2026-04-15 22:39:36.935 [main] DEBUG o.s.context.support.DefaultLifecycleProcessor - Successfully started bean 'webServerStartStop'
2026-04-15 22:39:36.935 [main] DEBUG o.s.context.support.DefaultLifecycleProcessor - Starting beans in phase 2147482623
2026-04-15 22:39:36.935 [main] DEBUG o.s.context.support.DefaultLifecycleProcessor - Successfully started bean 'webServerGracefulShutdown'
2026-04-15 22:39:36.951 [main] DEBUG o.s.b.a.logging.ConditionEvaluationReportLogger - 


============================
CONDITIONS EVALUATION REPORT
============================


Positive matches:
-----------------

   AopAutoConfiguration matched:
      - @ConditionalOnBooleanProperty (spring.aop.auto=true) matched (OnPropertyCondition)

   AopAutoConfiguration.ClassProxyingConfiguration matched:
      - @ConditionalOnMissingClass did not find unwanted class 'org.aspectj.weaver.Advice' (OnClassCondition)
      - @ConditionalOnBooleanProperty (spring.aop.proxy-target-class=true) matched (OnPropertyCondition)

   ApplicationAvailabilityAutoConfiguration#applicationAvailability matched:
      - @ConditionalOnMissingBean (types: org.springframework.boot.availability.ApplicationAvailability; SearchStrategy: all) did not find any beans (OnBeanCondition)

   AuditEventsEndpointAutoConfiguration matched:
      - @ConditionalOnAvailableEndpoint marked as exposed by a 'management.endpoints.jmx.exposure' property (OnAvailableEndpointCondition)

   BeansEndpointAutoConfiguration matched:
      - @ConditionalOnAvailableEndpoint marked as exposed by a 'management.endpoints.jmx.exposure' property (OnAvailableEndpointCondition)

   BeansEndpointAutoConfiguration#beansEndpoint matched:
      - @ConditionalOnMissingBean (types: org.springframework.boot.actuate.beans.BeansEndpoint; SearchStrategy: all) did not find any beans (OnBeanCondition)

   CacheMeterBinderProvidersConfiguration matched:
      - @ConditionalOnClass found required class 'io.micrometer.core.instrument.binder.MeterBinder' (OnClassCondition)

   CacheMeterBinderProvidersConfiguration.CaffeineCacheMeterBinderProviderConfiguration matched:
      - @ConditionalOnClass found required classes 'org.springframework.cache.caffeine.CaffeineCache', 'com.github.benmanes.caffeine.cache.Cache' (OnClassCondition)

   CacheMetricsAutoConfiguration matched:
      - @ConditionalOnBean (types: org.springframework.cache.CacheManager; SearchStrategy: all) found bean 'cacheManager' (OnBeanCondition)

   CacheMetricsRegistrarConfiguration matched:
      - @ConditionalOnBean (types: org.springframework.boot.actuate.metrics.cache.CacheMeterBinderProvider,io.micrometer.core.instrument.MeterRegistry; SearchStrategy: all) found beans 'caffeineCacheMeterBinderProvider', 'simpleMeterRegistry' (OnBeanCondition)

   CachesEndpointAutoConfiguration matched:
      - @ConditionalOnClass found required class 'org.springframework.cache.CacheManager' (OnClassCondition)
      - @ConditionalOnAvailableEndpoint marked as exposed by a 'management.endpoints.jmx.exposure' property (OnAvailableEndpointCondition)

   CachesEndpointAutoConfiguration#cachesEndpoint matched:
      - @ConditionalOnMissingBean (types: org.springframework.boot.actuate.cache.CachesEndpoint; SearchStrategy: all) did not find any beans (OnBeanCondition)

   CaffeineCacheConfiguration matched:
      - @ConditionalOnClass found required classes 'com.github.benmanes.caffeine.cache.Caffeine', 'org.springframework.cache.caffeine.CaffeineCacheManager' (OnClassCondition)
      - Cache org.springframework.boot.autoconfigure.cache.CaffeineCacheConfiguration automatic cache type (CacheCondition)

   ChatClientAutoConfiguration matched:
      - @ConditionalOnClass found required class 'org.springframework.ai.chat.client.ChatClient' (OnClassCondition)
      - @ConditionalOnProperty (spring.ai.chat.client.enabled=true) matched (OnPropertyCondition)

   ChatClientAutoConfiguration#chatClientBuilderConfigurer matched:
      - @ConditionalOnMissingBean (types: org.springframework.ai.autoconfigure.chat.client.ChatClientBuilderConfigurer; SearchStrategy: all) did not find any beans (OnBeanCondition)

   ChatObservationAutoConfiguration matched:
      - @ConditionalOnClass found required class 'org.springframework.ai.chat.model.ChatModel' (OnClassCondition)

   ChatObservationAutoConfiguration#chatModelMeterObservationHandler matched:
      - @ConditionalOnBean (types: io.micrometer.core.instrument.MeterRegistry; SearchStrategy: all) found bean 'simpleMeterRegistry'; @ConditionalOnMissingBean (types: org.springframework.ai.chat.observation.ChatModelMeterObservationHandler; SearchStrategy: all) did not find any beans (OnBeanCondition)

   ChatObservationAutoConfiguration.FallbackChatContentObservationConfiguration matched:
      - @ConditionalOnMissingClass did not find unwanted class 'io.micrometer.tracing.otel.bridge.OtelTracer' (OnClassCondition)

   org.springframework.boot.autoconfigure.http.client.reactive.ClientHttpConnectorAutoConfiguration matched:
      - @ConditionalOnClass found required classes 'org.springframework.http.client.reactive.ClientHttpConnector', 'reactor.core.publisher.Mono' (OnClassCondition)
      - Detected ClientHttpConnectorBuilder (ConditionalOnClientHttpConnectorBuilderDetection)

   org.springframework.boot.autoconfigure.web.reactive.function.client.ClientHttpConnectorAutoConfiguration matched:
      - @ConditionalOnClass found required class 'org.springframework.web.reactive.function.client.WebClient' (OnClassCondition)

   ClientHttpConnectorAutoConfiguration#clientHttpConnector matched:
      - @ConditionalOnMissingBean (types: org.springframework.http.client.reactive.ClientHttpConnector; SearchStrategy: all) did not find any beans (OnBeanCondition)

   ClientHttpConnectorAutoConfiguration#clientHttpConnectorBuilder matched:
      - @ConditionalOnMissingBean (types: org.springframework.boot.http.client.reactive.ClientHttpConnectorBuilder<?>; SearchStrategy: all) did not find any beans (OnBeanCondition)

   ClientHttpConnectorAutoConfiguration#clientHttpConnectorSettings matched:
      - @ConditionalOnMissingBean (types: org.springframework.boot.http.client.reactive.ClientHttpConnectorSettings; SearchStrategy: all) did not find any beans (OnBeanCondition)

   org.springframework.boot.autoconfigure.http.client.reactive.ClientHttpConnectorAutoConfiguration$ReactorNetty matched:
      - @ConditionalOnClass found required class 'reactor.netty.http.client.HttpClient' (OnClassCondition)

   org.springframework.boot.autoconfigure.web.reactive.function.client.ClientHttpConnectorAutoConfiguration$ReactorNetty matched:
      - @ConditionalOnClass found required class 'reactor.netty.http.client.HttpClient' (OnClassCondition)

   CodecsAutoConfiguration matched:
      - @ConditionalOnClass found required classes 'org.springframework.http.codec.CodecConfigurer', 'org.springframework.web.reactive.function.client.WebClient' (OnClassCondition)

   CodecsAutoConfiguration.JacksonCodecConfiguration matched:
      - @ConditionalOnClass found required class 'com.fasterxml.jackson.databind.ObjectMapper' (OnClassCondition)

   CodecsAutoConfiguration.JacksonCodecConfiguration#jacksonCodecCustomizer matched:
      - @ConditionalOnBean (types: com.fasterxml.jackson.databind.ObjectMapper; SearchStrategy: all) found bean 'jacksonObjectMapper' (OnBeanCondition)

   CompositeMeterRegistryAutoConfiguration matched:
      - @ConditionalOnClass found required class 'io.micrometer.core.instrument.composite.CompositeMeterRegistry' (OnClassCondition)

   ConditionsReportEndpointAutoConfiguration matched:
      - @ConditionalOnAvailableEndpoint marked as exposed by a 'management.endpoints.jmx.exposure' property (OnAvailableEndpointCondition)

   ConditionsReportEndpointAutoConfiguration#conditionsReportEndpoint matched:
      - @ConditionalOnMissingBean (types: org.springframework.boot.actuate.autoconfigure.condition.ConditionsReportEndpoint; SearchStrategy: current) did not find any beans (OnBeanCondition)

   ConfigurationPropertiesReportEndpointAutoConfiguration matched:
      - @ConditionalOnAvailableEndpoint marked as exposed by a 'management.endpoints.jmx.exposure' property (OnAvailableEndpointCondition)

   ConfigurationPropertiesReportEndpointAutoConfiguration#configurationPropertiesReportEndpoint matched:
      - @ConditionalOnMissingBean (types: org.springframework.boot.actuate.context.properties.ConfigurationPropertiesReportEndpoint; SearchStrategy: all) did not find any beans (OnBeanCondition)

   DashScopeAutoConfiguration matched:
      - @ConditionalOnClass found required class 'com.alibaba.cloud.ai.dashscope.api.DashScopeApi' (OnClassCondition)

   DashScopeAutoConfiguration#dashScopeAudioTranscriptionApi matched:
      - @ConditionalOnProperty (spring.ai.dashscope.audio.transcription.enabled=true) matched (OnPropertyCondition)
      - @ConditionalOnMissingBean (types: com.alibaba.cloud.ai.dashscope.api.DashScopeAudioTranscriptionApi; SearchStrategy: all) did not find any beans (OnBeanCondition)

   DashScopeAutoConfiguration#dashScopeAudioTranscriptionModel matched:
      - @ConditionalOnProperty (spring.ai.dashscope.audio.transcription.enabled=true) matched (OnPropertyCondition)
      - @ConditionalOnMissingBean (types: com.alibaba.cloud.ai.dashscope.audio.DashScopeAudioTranscriptionModel; SearchStrategy: all) did not find any beans (OnBeanCondition)

   DashScopeAutoConfiguration#dashScopeImageModel matched:
      - @ConditionalOnProperty (spring.ai.dashscope.image.enabled=true) matched (OnPropertyCondition)
      - @ConditionalOnMissingBean (types: com.alibaba.cloud.ai.dashscope.image.DashScopeImageModel; SearchStrategy: all) did not find any beans (OnBeanCondition)

   DashScopeAutoConfiguration#dashScopeSpeechSynthesisApi matched:
      - @ConditionalOnProperty (spring.ai.dashscope.audio.synthesis.enabled=true) matched (OnPropertyCondition)
      - @ConditionalOnMissingBean (types: com.alibaba.cloud.ai.dashscope.api.DashScopeSpeechSynthesisApi; SearchStrategy: all) did not find any beans (OnBeanCondition)

   DashScopeAutoConfiguration#dashScopeSpeechSynthesisModel matched:
      - @ConditionalOnProperty (spring.ai.dashscope.audio.synthesis.enabled=true) matched (OnPropertyCondition)
      - @ConditionalOnMissingBean (types: com.alibaba.cloud.ai.dashscope.audio.DashScopeSpeechSynthesisModel; SearchStrategy: all) did not find any beans (OnBeanCondition)

   DashScopeAutoConfiguration#dashscopeAgentApi matched:
      - @ConditionalOnProperty (spring.ai.dashscope.embedding.enabled=true) matched (OnPropertyCondition)
      - @ConditionalOnMissingBean (types: com.alibaba.cloud.ai.dashscope.api.DashScopeAgentApi; SearchStrategy: all) did not find any beans (OnBeanCondition)

   DashScopeAutoConfiguration#dashscopeChatApi matched:
      - @ConditionalOnProperty (spring.ai.dashscope.embedding.enabled=true) matched (OnPropertyCondition)
      - @ConditionalOnMissingBean (types: com.alibaba.cloud.ai.dashscope.api.DashScopeApi; SearchStrategy: all) did not find any beans (OnBeanCondition)

   DashScopeAutoConfiguration#dashscopeChatModel matched:
      - @ConditionalOnProperty (spring.ai.dashscope.chat.enabled=true) matched (OnPropertyCondition)
      - @ConditionalOnMissingBean (types: com.alibaba.cloud.ai.dashscope.chat.DashScopeChatModel; SearchStrategy: all) did not find any beans (OnBeanCondition)

   DashScopeAutoConfiguration#dashscopeEmbeddingModel matched:
      - @ConditionalOnProperty (spring.ai.dashscope.embedding.enabled=true) matched (OnPropertyCondition)
      - @ConditionalOnMissingBean (types: com.alibaba.cloud.ai.dashscope.embedding.DashScopeEmbeddingModel; SearchStrategy: all) did not find any beans (OnBeanCondition)

   DashScopeAutoConfiguration#dashscopeRerankModel matched:
      - @ConditionalOnProperty (spring.ai.dashscope.rerank.enabled=true) matched (OnPropertyCondition)
      - @ConditionalOnMissingBean (types: com.alibaba.cloud.ai.dashscope.rerank.DashScopeRerankModel; SearchStrategy: all) did not find any beans (OnBeanCondition)

   DashScopeAutoConfiguration#speechSynthesizer matched:
      - @ConditionalOnMissingBean (types: com.alibaba.dashscope.audio.tts.SpeechSynthesizer; SearchStrategy: all) did not find any beans (OnBeanCondition)

   DashScopeAutoConfiguration#springAiFunctionManager matched:
      - @ConditionalOnMissingBean (types: org.springframework.ai.model.function.FunctionCallbackResolver; SearchStrategy: all) did not find any beans (OnBeanCondition)

   DashScopeAutoConfiguration#transcription matched:
      - @ConditionalOnMissingBean (types: com.alibaba.dashscope.audio.asr.transcription.Transcription; SearchStrategy: all) did not find any beans (OnBeanCondition)

   DataSourceAutoConfiguration matched:
      - @ConditionalOnClass found required classes 'javax.sql.DataSource', 'org.springframework.jdbc.datasource.embedded.EmbeddedDatabaseType' (OnClassCondition)
      - @ConditionalOnMissingBean (types: ?; SearchStrategy: all) did not find any beans (OnBeanCondition)

   DataSourceAutoConfiguration.PooledDataSourceConfiguration matched:
      - AnyNestedCondition 1 matched 1 did not; NestedCondition on DataSourceAutoConfiguration.PooledDataSourceCondition.PooledDataSourceAvailable PooledDataSource found supported DataSource; NestedCondition on DataSourceAutoConfiguration.PooledDataSourceCondition.ExplicitType @ConditionalOnProperty (spring.datasource.type) did not find property 'spring.datasource.type' (DataSourceAutoConfiguration.PooledDataSourceCondition)
      - @ConditionalOnMissingBean (types: javax.sql.DataSource,javax.sql.XADataSource; SearchStrategy: all) did not find any beans (OnBeanCondition)

   DataSourceAutoConfiguration.PooledDataSourceConfiguration#jdbcConnectionDetails matched:
      - @ConditionalOnMissingBean (types: org.springframework.boot.autoconfigure.jdbc.JdbcConnectionDetails; SearchStrategy: all) did not find any beans (OnBeanCondition)

   DataSourceConfiguration.Hikari matched:
      - @ConditionalOnClass found required class 'com.zaxxer.hikari.HikariDataSource' (OnClassCondition)
      - @ConditionalOnProperty (spring.datasource.type=com.zaxxer.hikari.HikariDataSource) matched (OnPropertyCondition)
      - @ConditionalOnMissingBean (types: javax.sql.DataSource; SearchStrategy: all) did not find any beans (OnBeanCondition)

   DataSourceHealthContributorAutoConfiguration matched:
      - @ConditionalOnClass found required classes 'org.springframework.jdbc.core.JdbcTemplate', 'org.springframework.jdbc.datasource.lookup.AbstractRoutingDataSource' (OnClassCondition)
      - @ConditionalOnEnabledHealthIndicator management.health.defaults.enabled is considered true (OnEnabledHealthIndicatorCondition)
      - @ConditionalOnBean (types: javax.sql.DataSource; SearchStrategy: all) found bean 'dataSource' (OnBeanCondition)

   DataSourceHealthContributorAutoConfiguration#dbHealthContributor matched:
      - @ConditionalOnMissingBean (names: dbHealthIndicator,dbHealthContributor; SearchStrategy: all) did not find any beans (OnBeanCondition)

   DataSourceInitializationConfiguration matched:
      - @ConditionalOnClass found required class 'org.springframework.jdbc.datasource.init.DatabasePopulator' (OnClassCondition)
      - @ConditionalOnSingleCandidate (types: javax.sql.DataSource; SearchStrategy: all) found a single bean 'dataSource'; @ConditionalOnMissingBean (types: org.springframework.boot.autoconfigure.sql.init.SqlDataSourceScriptDatabaseInitializer,org.springframework.boot.autoconfigure.sql.init.SqlR2dbcScriptDatabaseInitializer; SearchStrategy: all) did not find any beans (OnBeanCondition)

   DataSourceJmxConfiguration matched:
      - @ConditionalOnBooleanProperty (spring.jmx.enabled=true) matched (OnPropertyCondition)

   DataSourceJmxConfiguration.Hikari matched:
      - @ConditionalOnClass found required class 'com.zaxxer.hikari.HikariDataSource' (OnClassCondition)
      - @ConditionalOnSingleCandidate (types: javax.sql.DataSource; SearchStrategy: all) found a single bean 'dataSource' (OnBeanCondition)

   DataSourcePoolMetadataProvidersConfiguration.HikariPoolDataSourceMetadataProviderConfiguration matched:
      - @ConditionalOnClass found required class 'com.zaxxer.hikari.HikariDataSource' (OnClassCondition)

   DataSourcePoolMetricsAutoConfiguration matched:
      - @ConditionalOnClass found required classes 'javax.sql.DataSource', 'io.micrometer.core.instrument.MeterRegistry' (OnClassCondition)
      - @ConditionalOnBean (types: javax.sql.DataSource,io.micrometer.core.instrument.MeterRegistry; SearchStrategy: all) found beans 'simpleMeterRegistry', 'dataSource' (OnBeanCondition)

   DataSourcePoolMetricsAutoConfiguration.DataSourcePoolMetadataMetricsConfiguration matched:
      - @ConditionalOnBean (types: org.springframework.boot.jdbc.metadata.DataSourcePoolMetadataProvider; SearchStrategy: all) found bean 'hikariPoolDataSourceMetadataProvider' (OnBeanCondition)

   DataSourcePoolMetricsAutoConfiguration.HikariDataSourceMetricsConfiguration matched:
      - @ConditionalOnClass found required class 'com.zaxxer.hikari.HikariDataSource' (OnClassCondition)

   DataSourceTransactionManagerAutoConfiguration matched:
      - @ConditionalOnClass found required classes 'javax.sql.DataSource', 'org.springframework.jdbc.core.JdbcTemplate', 'org.springframework.transaction.TransactionManager' (OnClassCondition)

   DataSourceTransactionManagerAutoConfiguration.JdbcTransactionManagerConfiguration matched:
      - @ConditionalOnSingleCandidate (types: javax.sql.DataSource; SearchStrategy: all) found a single bean 'dataSource' (OnBeanCondition)

   DataSourceTransactionManagerAutoConfiguration.JdbcTransactionManagerConfiguration#transactionManager matched:
      - @ConditionalOnMissingBean (types: org.springframework.transaction.TransactionManager; SearchStrategy: all) did not find any beans (OnBeanCondition)

   DiskSpaceHealthContributorAutoConfiguration matched:
      - @ConditionalOnEnabledHealthIndicator management.health.defaults.enabled is considered true (OnEnabledHealthIndicatorCondition)

   DiskSpaceHealthContributorAutoConfiguration#diskSpaceHealthIndicator matched:
      - @ConditionalOnMissingBean (names: diskSpaceHealthIndicator; SearchStrategy: all) did not find any beans (OnBeanCondition)

   DispatcherServletAutoConfiguration matched:
      - @ConditionalOnClass found required class 'org.springframework.web.servlet.DispatcherServlet' (OnClassCondition)
      - found 'session' scope (OnWebApplicationCondition)

   DispatcherServletAutoConfiguration.DispatcherServletConfiguration matched:
      - @ConditionalOnClass found required class 'jakarta.servlet.ServletRegistration' (OnClassCondition)
      - Default DispatcherServlet did not find dispatcher servlet beans (DispatcherServletAutoConfiguration.DefaultDispatcherServletCondition)

   DispatcherServletAutoConfiguration.DispatcherServletRegistrationConfiguration matched:
      - @ConditionalOnClass found required class 'jakarta.servlet.ServletRegistration' (OnClassCondition)
      - DispatcherServlet Registration did not find servlet registration bean (DispatcherServletAutoConfiguration.DispatcherServletRegistrationCondition)

   DispatcherServletAutoConfiguration.DispatcherServletRegistrationConfiguration#dispatcherServletRegistration matched:
      - @ConditionalOnBean (names: dispatcherServlet types: org.springframework.web.servlet.DispatcherServlet; SearchStrategy: all) found bean 'dispatcherServlet' (OnBeanCondition)

   EmbeddedWebServerFactoryCustomizerAutoConfiguration matched:
      - @ConditionalOnWebApplication (required) found 'session' scope (OnWebApplicationCondition)
      - @ConditionalOnWarDeployment the application is not deployed as a WAR file. (OnWarDeploymentCondition)

   EmbeddedWebServerFactoryCustomizerAutoConfiguration.NettyWebServerFactoryCustomizerConfiguration matched:
      - @ConditionalOnClass found required class 'reactor.netty.http.server.HttpServer' (OnClassCondition)

   EmbeddedWebServerFactoryCustomizerAutoConfiguration.TomcatWebServerFactoryCustomizerConfiguration matched:
      - @ConditionalOnClass found required classes 'org.apache.catalina.startup.Tomcat', 'org.apache.coyote.UpgradeProtocol' (OnClassCondition)

   EmbeddingObservationAutoConfiguration matched:
      - @ConditionalOnClass found required class 'org.springframework.ai.embedding.EmbeddingModel' (OnClassCondition)

   EmbeddingObservationAutoConfiguration#embeddingModelMeterObservationHandler matched:
      - @ConditionalOnBean (types: io.micrometer.core.instrument.MeterRegistry; SearchStrategy: all) found bean 'simpleMeterRegistry'; @ConditionalOnMissingBean (types: org.springframework.ai.embedding.observation.EmbeddingModelMeterObservationHandler; SearchStrategy: all) did not find any beans (OnBeanCondition)

   EndpointAutoConfiguration#endpointCachingOperationInvokerAdvisor matched:
      - @ConditionalOnMissingBean (types: org.springframework.boot.actuate.endpoint.invoker.cache.CachingOperationInvokerAdvisor; SearchStrategy: all) did not find any beans (OnBeanCondition)

   EndpointAutoConfiguration#endpointOperationParameterMapper matched:
      - @ConditionalOnMissingBean (types: org.springframework.boot.actuate.endpoint.invoke.ParameterValueMapper; SearchStrategy: all) did not find any beans (OnBeanCondition)

   EndpointAutoConfiguration#propertiesEndpointAccessResolver matched:
      - @ConditionalOnMissingBean (types: org.springframework.boot.actuate.endpoint.EndpointAccessResolver; SearchStrategy: all) did not find any beans (OnBeanCondition)

   EnvironmentEndpointAutoConfiguration matched:
      - @ConditionalOnAvailableEndpoint marked as exposed by a 'management.endpoints.jmx.exposure' property (OnAvailableEndpointCondition)

   EnvironmentEndpointAutoConfiguration#environmentEndpoint matched:
      - @ConditionalOnMissingBean (types: org.springframework.boot.actuate.env.EnvironmentEndpoint; SearchStrategy: all) did not find any beans (OnBeanCondition)

   ErrorMvcAutoConfiguration matched:
      - @ConditionalOnClass found required classes 'jakarta.servlet.Servlet', 'org.springframework.web.servlet.DispatcherServlet' (OnClassCondition)
      - found 'session' scope (OnWebApplicationCondition)

   ErrorMvcAutoConfiguration#basicErrorController matched:
      - @ConditionalOnMissingBean (types: org.springframework.boot.web.servlet.error.ErrorController; SearchStrategy: current) did not find any beans (OnBeanCondition)

   ErrorMvcAutoConfiguration#errorAttributes matched:
      - @ConditionalOnMissingBean (types: org.springframework.boot.web.servlet.error.ErrorAttributes; SearchStrategy: current) did not find any beans (OnBeanCondition)

   ErrorMvcAutoConfiguration.DefaultErrorViewResolverConfiguration#conventionErrorViewResolver matched:
      - @ConditionalOnBean (types: org.springframework.web.servlet.DispatcherServlet; SearchStrategy: all) found bean 'dispatcherServlet'; @ConditionalOnMissingBean (types: org.springframework.boot.autoconfigure.web.servlet.error.ErrorViewResolver; SearchStrategy: all) did not find any beans (OnBeanCondition)

   ErrorMvcAutoConfiguration.WhitelabelErrorViewConfiguration matched:
      - @ConditionalOnBooleanProperty (server.error.whitelabel.enabled=true) matched (OnPropertyCondition)
      - ErrorTemplate Missing did not find error template view (ErrorMvcAutoConfiguration.ErrorTemplateMissingCondition)

   ErrorMvcAutoConfiguration.WhitelabelErrorViewConfiguration#beanNameViewResolver matched:
      - @ConditionalOnMissingBean (types: org.springframework.web.servlet.view.BeanNameViewResolver; SearchStrategy: all) did not find any beans (OnBeanCondition)

   ErrorMvcAutoConfiguration.WhitelabelErrorViewConfiguration#defaultErrorView matched:
      - @ConditionalOnMissingBean (names: error; SearchStrategy: all) did not find any beans (OnBeanCondition)

   GenericCacheConfiguration matched:
      - Cache org.springframework.boot.autoconfigure.cache.GenericCacheConfiguration automatic cache type (CacheCondition)

   GsonAutoConfiguration matched:
      - @ConditionalOnClass found required class 'com.google.gson.Gson' (OnClassCondition)

   GsonAutoConfiguration#gson matched:
      - @ConditionalOnMissingBean (types: com.google.gson.Gson; SearchStrategy: all) did not find any beans (OnBeanCondition)

   GsonAutoConfiguration#gsonBuilder matched:
      - @ConditionalOnMissingBean (types: com.google.gson.GsonBuilder; SearchStrategy: all) did not find any beans (OnBeanCondition)

   GsonHttpMessageConvertersConfiguration matched:
      - @ConditionalOnClass found required class 'com.google.gson.Gson' (OnClassCondition)

   HealthContributorAutoConfiguration#pingHealthContributor matched:
      - @ConditionalOnEnabledHealthIndicator management.health.defaults.enabled is considered true (OnEnabledHealthIndicatorCondition)

   HealthEndpointAutoConfiguration matched:
      - @ConditionalOnAvailableEndpoint marked as exposed by a 'management.endpoints.web.exposure' property (OnAvailableEndpointCondition)

   HealthEndpointConfiguration#healthContributorRegistry matched:
      - @ConditionalOnMissingBean (types: org.springframework.boot.actuate.health.HealthContributorRegistry; SearchStrategy: all) did not find any beans (OnBeanCondition)

   HealthEndpointConfiguration#healthEndpoint matched:
      - @ConditionalOnMissingBean (types: org.springframework.boot.actuate.health.HealthEndpoint; SearchStrategy: all) did not find any beans (OnBeanCondition)

   HealthEndpointConfiguration#healthEndpointGroupMembershipValidator matched:
      - @ConditionalOnBooleanProperty (management.endpoint.health.validate-group-membership=true) matched (OnPropertyCondition)

   HealthEndpointConfiguration#healthEndpointGroups matched:
      - @ConditionalOnMissingBean (types: org.springframework.boot.actuate.health.HealthEndpointGroups; SearchStrategy: all) did not find any beans (OnBeanCondition)

   HealthEndpointConfiguration#healthHttpCodeStatusMapper matched:
      - @ConditionalOnMissingBean (types: org.springframework.boot.actuate.health.HttpCodeStatusMapper; SearchStrategy: all) did not find any beans (OnBeanCondition)

   HealthEndpointConfiguration#healthStatusAggregator matched:
      - @ConditionalOnMissingBean (types: org.springframework.boot.actuate.health.StatusAggregator; SearchStrategy: all) did not find any beans (OnBeanCondition)

   HealthEndpointWebExtensionConfiguration matched:
      - found 'session' scope (OnWebApplicationCondition)
      - @ConditionalOnAvailableEndpoint marked as exposed by a 'management.endpoints.web.exposure' property (OnAvailableEndpointCondition)
      - @ConditionalOnBean (types: org.springframework.boot.actuate.health.HealthEndpoint; SearchStrategy: all) found bean 'healthEndpoint' (OnBeanCondition)

   HealthEndpointWebExtensionConfiguration#healthEndpointWebExtension matched:
      - @ConditionalOnMissingBean (types: org.springframework.boot.actuate.health.HealthEndpointWebExtension; SearchStrategy: all) did not find any beans (OnBeanCondition)

   HealthEndpointWebExtensionConfiguration.MvcAdditionalHealthEndpointPathsConfiguration matched:
      - @ConditionalOnBean (types: org.springframework.web.servlet.DispatcherServlet; SearchStrategy: all) found bean 'dispatcherServlet' (OnBeanCondition)

   HttpClientAutoConfiguration matched:
      - @ConditionalOnClass found required class 'org.springframework.http.client.ClientHttpRequestFactory' (OnClassCondition)
      - NoneNestedConditions 0 matched 1 did not; NestedCondition on NotReactiveWebApplicationCondition.ReactiveWebApplication not a reactive web application (NotReactiveWebApplicationCondition)

   HttpClientAutoConfiguration#clientHttpRequestFactoryBuilder matched:
      - @ConditionalOnMissingBean (types: org.springframework.boot.http.client.ClientHttpRequestFactoryBuilder<?>; SearchStrategy: all) did not find any beans (OnBeanCondition)

   HttpClientAutoConfiguration#clientHttpRequestFactorySettings matched:
      - @ConditionalOnMissingBean (types: org.springframework.boot.http.client.ClientHttpRequestFactorySettings; SearchStrategy: all) did not find any beans (OnBeanCondition)

   HttpClientObservationsAutoConfiguration matched:
      - @ConditionalOnClass found required class 'io.micrometer.observation.Observation' (OnClassCondition)
      - @ConditionalOnBean (types: io.micrometer.observation.ObservationRegistry; SearchStrategy: all) found bean 'observationRegistry' (OnBeanCondition)

   HttpClientObservationsAutoConfiguration.MeterFilterConfiguration matched:
      - @ConditionalOnClass found required class 'io.micrometer.core.instrument.MeterRegistry' (OnClassCondition)
      - @ConditionalOnBean (types: io.micrometer.core.instrument.MeterRegistry; SearchStrategy: all) found bean 'simpleMeterRegistry' (OnBeanCondition)

   HttpEncodingAutoConfiguration matched:
      - @ConditionalOnClass found required class 'org.springframework.web.filter.CharacterEncodingFilter' (OnClassCondition)
      - found 'session' scope (OnWebApplicationCondition)
      - @ConditionalOnBooleanProperty (server.servlet.encoding.enabled=true) matched (OnPropertyCondition)

   HttpEncodingAutoConfiguration#characterEncodingFilter matched:
      - @ConditionalOnMissingBean (types: org.springframework.web.filter.CharacterEncodingFilter; SearchStrategy: all) did not find any beans (OnBeanCondition)

   HttpExchangesEndpointAutoConfiguration matched:
      - @ConditionalOnAvailableEndpoint marked as exposed by a 'management.endpoints.jmx.exposure' property (OnAvailableEndpointCondition)

   HttpMessageConvertersAutoConfiguration matched:
      - @ConditionalOnClass found required class 'org.springframework.http.converter.HttpMessageConverter' (OnClassCondition)
      - NoneNestedConditions 0 matched 1 did not; NestedCondition on HttpMessageConvertersAutoConfiguration.NotReactiveWebApplicationCondition.ReactiveWebApplication not a reactive web application (HttpMessageConvertersAutoConfiguration.NotReactiveWebApplicationCondition)

   HttpMessageConvertersAutoConfiguration#messageConverters matched:
      - @ConditionalOnMissingBean (types: org.springframework.boot.autoconfigure.http.HttpMessageConverters; SearchStrategy: all) did not find any beans (OnBeanCondition)

   HttpMessageConvertersAutoConfiguration.StringHttpMessageConverterConfiguration matched:
      - @ConditionalOnClass found required class 'org.springframework.http.converter.StringHttpMessageConverter' (OnClassCondition)

   HttpMessageConvertersAutoConfiguration.StringHttpMessageConverterConfiguration#stringHttpMessageConverter matched:
      - @ConditionalOnMissingBean (types: org.springframework.http.converter.StringHttpMessageConverter; SearchStrategy: all) did not find any beans (OnBeanCondition)

   ImageObservationAutoConfiguration matched:
      - @ConditionalOnClass found required class 'org.springframework.ai.image.ImageModel' (OnClassCondition)

   InfoEndpointAutoConfiguration matched:
      - @ConditionalOnAvailableEndpoint marked as exposed by a 'management.endpoints.jmx.exposure' property (OnAvailableEndpointCondition)

   InfoEndpointAutoConfiguration#infoEndpoint matched:
      - @ConditionalOnMissingBean (types: org.springframework.boot.actuate.info.InfoEndpoint; SearchStrategy: all) did not find any beans (OnBeanCondition)

   JacksonAutoConfiguration matched:
      - @ConditionalOnClass found required class 'com.fasterxml.jackson.databind.ObjectMapper' (OnClassCondition)

   JacksonAutoConfiguration.Jackson2ObjectMapperBuilderCustomizerConfiguration matched:
      - @ConditionalOnClass found required class 'org.springframework.http.converter.json.Jackson2ObjectMapperBuilder' (OnClassCondition)

   JacksonAutoConfiguration.JacksonObjectMapperBuilderConfiguration matched:
      - @ConditionalOnClass found required class 'org.springframework.http.converter.json.Jackson2ObjectMapperBuilder' (OnClassCondition)

   JacksonAutoConfiguration.JacksonObjectMapperBuilderConfiguration#jacksonObjectMapperBuilder matched:
      - @ConditionalOnMissingBean (types: org.springframework.http.converter.json.Jackson2ObjectMapperBuilder; SearchStrategy: all) did not find any beans (OnBeanCondition)

   JacksonAutoConfiguration.JacksonObjectMapperConfiguration matched:
      - @ConditionalOnClass found required class 'org.springframework.http.converter.json.Jackson2ObjectMapperBuilder' (OnClassCondition)

   JacksonAutoConfiguration.JacksonObjectMapperConfiguration#jacksonObjectMapper matched:
      - @ConditionalOnMissingBean (types: com.fasterxml.jackson.databind.ObjectMapper; SearchStrategy: all) did not find any beans (OnBeanCondition)

   JacksonAutoConfiguration.ParameterNamesModuleConfiguration matched:
      - @ConditionalOnClass found required class 'com.fasterxml.jackson.module.paramnames.ParameterNamesModule' (OnClassCondition)

   JacksonAutoConfiguration.ParameterNamesModuleConfiguration#parameterNamesModule matched:
      - @ConditionalOnMissingBean (types: com.fasterxml.jackson.module.paramnames.ParameterNamesModule; SearchStrategy: all) did not find any beans (OnBeanCondition)

   JacksonEndpointAutoConfiguration#endpointObjectMapper matched:
      - @ConditionalOnClass found required classes 'com.fasterxml.jackson.databind.ObjectMapper', 'org.springframework.http.converter.json.Jackson2ObjectMapperBuilder' (OnClassCondition)
      - @ConditionalOnBooleanProperty (management.endpoints.jackson.isolated-object-mapper=true) matched (OnPropertyCondition)

   JacksonHttpMessageConvertersConfiguration.MappingJackson2HttpMessageConverterConfiguration matched:
      - @ConditionalOnClass found required class 'com.fasterxml.jackson.databind.ObjectMapper' (OnClassCondition)
      - @ConditionalOnPreferredJsonMapper JACKSON no property was configured and Jackson is the default (OnPreferredJsonMapperCondition)
      - @ConditionalOnBean (types: com.fasterxml.jackson.databind.ObjectMapper; SearchStrategy: all) found bean 'jacksonObjectMapper' (OnBeanCondition)

   JacksonHttpMessageConvertersConfiguration.MappingJackson2HttpMessageConverterConfiguration#mappingJackson2HttpMessageConverter matched:
      - @ConditionalOnMissingBean (types: org.springframework.http.converter.json.MappingJackson2HttpMessageConverter ignored: ?; SearchStrategy: all) did not find any beans (OnBeanCondition)

   JdbcClientAutoConfiguration matched:
      - @ConditionalOnSingleCandidate (types: org.springframework.jdbc.core.namedparam.NamedParameterJdbcTemplate; SearchStrategy: all) found a single bean 'namedParameterJdbcTemplate'; @ConditionalOnMissingBean (types: org.springframework.jdbc.core.simple.JdbcClient; SearchStrategy: all) did not find any beans (OnBeanCondition)

   JdbcTemplateAutoConfiguration matched:
      - @ConditionalOnClass found required classes 'javax.sql.DataSource', 'org.springframework.jdbc.core.JdbcTemplate' (OnClassCondition)
      - @ConditionalOnSingleCandidate (types: javax.sql.DataSource; SearchStrategy: all) found a single bean 'dataSource' (OnBeanCondition)

   JdbcTemplateConfiguration matched:
      - @ConditionalOnMissingBean (types: org.springframework.jdbc.core.JdbcOperations; SearchStrategy: all) did not find any beans (OnBeanCondition)

   JmxAutoConfiguration matched:
      - @ConditionalOnClass found required class 'org.springframework.jmx.export.MBeanExporter' (OnClassCondition)
      - @ConditionalOnBooleanProperty (spring.jmx.enabled=true) matched (OnPropertyCondition)

   JmxAutoConfiguration#mbeanExporter matched:
      - @ConditionalOnMissingBean (types: org.springframework.jmx.export.MBeanExporter; SearchStrategy: current) did not find any beans (OnBeanCondition)

   JmxAutoConfiguration#mbeanServer matched:
      - @ConditionalOnMissingBean (types: javax.management.MBeanServer; SearchStrategy: all) did not find any beans (OnBeanCondition)

   JmxAutoConfiguration#objectNamingStrategy matched:
      - @ConditionalOnMissingBean (types: org.springframework.jmx.export.naming.ObjectNamingStrategy; SearchStrategy: current) did not find any beans (OnBeanCondition)

   JmxEndpointAutoConfiguration matched:
      - @ConditionalOnBooleanProperty (spring.jmx.enabled=true) matched (OnPropertyCondition)

   JmxEndpointAutoConfiguration#endpointObjectNameFactory matched:
      - @ConditionalOnMissingBean (types: org.springframework.boot.actuate.endpoint.jmx.EndpointObjectNameFactory; SearchStrategy: current) did not find any beans (OnBeanCondition)

   JmxEndpointAutoConfiguration#jmxAnnotationEndpointDiscoverer matched:
      - @ConditionalOnMissingBean (types: org.springframework.boot.actuate.endpoint.jmx.JmxEndpointsSupplier; SearchStrategy: all) did not find any beans (OnBeanCondition)

   JmxEndpointAutoConfiguration#jmxMBeanExporter matched:
      - @ConditionalOnSingleCandidate (types: javax.management.MBeanServer; SearchStrategy: all) found a single bean 'mbeanServer' (OnBeanCondition)

   JvmMetricsAutoConfiguration matched:
      - @ConditionalOnClass found required class 'io.micrometer.core.instrument.MeterRegistry' (OnClassCondition)
      - @ConditionalOnBean (types: io.micrometer.core.instrument.MeterRegistry; SearchStrategy: all) found bean 'simpleMeterRegistry' (OnBeanCondition)

   JvmMetricsAutoConfiguration#classLoaderMetrics matched:
      - @ConditionalOnMissingBean (types: io.micrometer.core.instrument.binder.jvm.ClassLoaderMetrics; SearchStrategy: all) did not find any beans (OnBeanCondition)

   JvmMetricsAutoConfiguration#jvmCompilationMetrics matched:
      - @ConditionalOnMissingBean (types: io.micrometer.core.instrument.binder.jvm.JvmCompilationMetrics; SearchStrategy: all) did not find any beans (OnBeanCondition)

   JvmMetricsAutoConfiguration#jvmGcMetrics matched:
      - @ConditionalOnMissingBean (types: io.micrometer.core.instrument.binder.jvm.JvmGcMetrics; SearchStrategy: all) did not find any beans (OnBeanCondition)

   JvmMetricsAutoConfiguration#jvmHeapPressureMetrics matched:
      - @ConditionalOnMissingBean (types: io.micrometer.core.instrument.binder.jvm.JvmHeapPressureMetrics; SearchStrategy: all) did not find any beans (OnBeanCondition)

   JvmMetricsAutoConfiguration#jvmInfoMetrics matched:
      - @ConditionalOnMissingBean (types: io.micrometer.core.instrument.binder.jvm.JvmInfoMetrics; SearchStrategy: all) did not find any beans (OnBeanCondition)

   JvmMetricsAutoConfiguration#jvmMemoryMetrics matched:
      - @ConditionalOnMissingBean (types: io.micrometer.core.instrument.binder.jvm.JvmMemoryMetrics; SearchStrategy: all) did not find any beans (OnBeanCondition)

   JvmMetricsAutoConfiguration#jvmThreadMetrics matched:
      - @ConditionalOnMissingBean (types: io.micrometer.core.instrument.binder.jvm.JvmThreadMetrics; SearchStrategy: all) did not find any beans (OnBeanCondition)

   LifecycleAutoConfiguration#defaultLifecycleProcessor matched:
      - @ConditionalOnMissingBean (names: lifecycleProcessor; SearchStrategy: current) did not find any beans (OnBeanCondition)

   LogFileWebEndpointAutoConfiguration matched:
      - @ConditionalOnAvailableEndpoint marked as exposed by a 'management.endpoints.jmx.exposure' property (OnAvailableEndpointCondition)

   LogbackMetricsAutoConfiguration matched:
      - @ConditionalOnClass found required classes 'io.micrometer.core.instrument.MeterRegistry', 'ch.qos.logback.classic.LoggerContext', 'org.slf4j.LoggerFactory' (OnClassCondition)
      - LogbackLoggingCondition ILoggerFactory is a Logback LoggerContext (LogbackMetricsAutoConfiguration.LogbackLoggingCondition)
      - @ConditionalOnBean (types: io.micrometer.core.instrument.MeterRegistry; SearchStrategy: all) found bean 'simpleMeterRegistry' (OnBeanCondition)

   LogbackMetricsAutoConfiguration#logbackMetrics matched:
      - @ConditionalOnMissingBean (types: io.micrometer.core.instrument.binder.logging.LogbackMetrics; SearchStrategy: all) did not find any beans (OnBeanCondition)

   LoggersEndpointAutoConfiguration matched:
      - @ConditionalOnAvailableEndpoint marked as exposed by a 'management.endpoints.jmx.exposure' property (OnAvailableEndpointCondition)

   LoggersEndpointAutoConfiguration#loggersEndpoint matched:
      - Logging System enabled (LoggersEndpointAutoConfiguration.OnEnabledLoggingSystemCondition)
      - @ConditionalOnBean (types: org.springframework.boot.logging.LoggingSystem; SearchStrategy: all) found bean 'springBootLoggingSystem'; @ConditionalOnMissingBean (types: org.springframework.boot.actuate.logging.LoggersEndpoint; SearchStrategy: all) did not find any beans (OnBeanCondition)

   ManagementContextAutoConfiguration.SameManagementContextConfiguration matched:
      - Management Port actual port type (SAME) matched required type (OnManagementPortCondition)

   MappingsEndpointAutoConfiguration matched:
      - @ConditionalOnAvailableEndpoint marked as exposed by a 'management.endpoints.jmx.exposure' property (OnAvailableEndpointCondition)

   MappingsEndpointAutoConfiguration.ServletWebConfiguration matched:
      - found 'session' scope (OnWebApplicationCondition)

   MappingsEndpointAutoConfiguration.ServletWebConfiguration.SpringMvcConfiguration matched:
      - @ConditionalOnClass found required class 'org.springframework.web.servlet.DispatcherServlet' (OnClassCondition)
      - @ConditionalOnBean (types: org.springframework.web.servlet.DispatcherServlet; SearchStrategy: all) found bean 'dispatcherServlet' (OnBeanCondition)

   MetricsAutoConfiguration matched:
      - @ConditionalOnClass found required class 'io.micrometer.core.annotation.Timed' (OnClassCondition)

   MetricsAutoConfiguration#micrometerClock matched:
      - @ConditionalOnMissingBean (types: io.micrometer.core.instrument.Clock; SearchStrategy: all) did not find any beans (OnBeanCondition)

   MetricsEndpointAutoConfiguration matched:
      - @ConditionalOnClass found required class 'io.micrometer.core.annotation.Timed' (OnClassCondition)
      - @ConditionalOnAvailableEndpoint marked as exposed by a 'management.endpoints.jmx.exposure' property (OnAvailableEndpointCondition)

   MetricsEndpointAutoConfiguration#metricsEndpoint matched:
      - @ConditionalOnBean (types: io.micrometer.core.instrument.MeterRegistry; SearchStrategy: all) found bean 'simpleMeterRegistry'; @ConditionalOnMissingBean (types: org.springframework.boot.actuate.metrics.MetricsEndpoint; SearchStrategy: all) did not find any beans (OnBeanCondition)

   MongoAutoConfiguration matched:
      - @ConditionalOnClass found required class 'com.mongodb.client.MongoClient' (OnClassCondition)
      - @ConditionalOnMissingBean (types: org.springframework.data.mongodb.MongoDatabaseFactory; SearchStrategy: all) did not find any beans (OnBeanCondition)

   MongoAutoConfiguration#mongo matched:
      - @ConditionalOnMissingBean (types: com.mongodb.client.MongoClient; SearchStrategy: all) did not find any beans (OnBeanCondition)

   MongoAutoConfiguration#mongoConnectionDetails matched:
      - @ConditionalOnMissingBean (types: org.springframework.boot.autoconfigure.mongo.MongoConnectionDetails; SearchStrategy: all) did not find any beans (OnBeanCondition)

   MongoAutoConfiguration.MongoClientSettingsConfiguration matched:
      - @ConditionalOnMissingBean (types: com.mongodb.MongoClientSettings; SearchStrategy: all) did not find any beans (OnBeanCondition)

   MongoDataAutoConfiguration matched:
      - @ConditionalOnClass found required classes 'com.mongodb.client.MongoClient', 'org.springframework.data.mongodb.core.MongoTemplate' (OnClassCondition)

   MongoDataConfiguration#mappingMongoConverter matched:
      - @ConditionalOnMissingBean (types: org.springframework.data.mongodb.core.convert.MongoConverter; SearchStrategy: all) did not find any beans (OnBeanCondition)

   MongoDataConfiguration#mongoCustomConversions matched:
      - @ConditionalOnMissingBean (types: org.springframework.data.mongodb.core.convert.MongoCustomConversions; SearchStrategy: all) did not find any beans (OnBeanCondition)

   MongoDataConfiguration#mongoManagedTypes matched:
      - @ConditionalOnMissingBean (types: org.springframework.data.mongodb.MongoManagedTypes; SearchStrategy: all) did not find any beans (OnBeanCondition)

   MongoDataConfiguration#mongoMappingContext matched:
      - @ConditionalOnMissingBean (types: org.springframework.data.mongodb.core.mapping.MongoMappingContext; SearchStrategy: all) did not find any beans (OnBeanCondition)

   MongoDatabaseFactoryConfiguration matched:
      - @ConditionalOnSingleCandidate (types: com.mongodb.client.MongoClient; SearchStrategy: all) found a single bean 'mongo'; @ConditionalOnMissingBean (types: org.springframework.data.mongodb.MongoDatabaseFactory; SearchStrategy: all) did not find any beans (OnBeanCondition)

   MongoDatabaseFactoryDependentConfiguration matched:
      - @ConditionalOnBean (types: org.springframework.data.mongodb.MongoDatabaseFactory; SearchStrategy: all) found bean 'mongoDatabaseFactory' (OnBeanCondition)

   MongoDatabaseFactoryDependentConfiguration#gridFsTemplate matched:
      - @ConditionalOnMissingBean (types: org.springframework.data.mongodb.gridfs.GridFsOperations; SearchStrategy: all) did not find any beans (OnBeanCondition)

   MongoDatabaseFactoryDependentConfiguration#mongoTemplate matched:
      - @ConditionalOnMissingBean (types: org.springframework.data.mongodb.core.MongoOperations; SearchStrategy: all) did not find any beans (OnBeanCondition)

   MongoHealthContributorAutoConfiguration matched:
      - @ConditionalOnClass found required class 'org.springframework.data.mongodb.core.MongoTemplate' (OnClassCondition)
      - @ConditionalOnEnabledHealthIndicator management.health.defaults.enabled is considered true (OnEnabledHealthIndicatorCondition)
      - @ConditionalOnBean (types: org.springframework.data.mongodb.core.MongoTemplate; SearchStrategy: all) found bean 'mongoTemplate' (OnBeanCondition)

   MongoHealthContributorAutoConfiguration#mongoHealthContributor matched:
      - @ConditionalOnMissingBean (names: mongoHealthIndicator,mongoHealthContributor; SearchStrategy: all) did not find any beans (OnBeanCondition)

   MongoMetricsAutoConfiguration matched:
      - @ConditionalOnClass found required class 'com.mongodb.MongoClientSettings' (OnClassCondition)
      - @ConditionalOnBean (types: io.micrometer.core.instrument.MeterRegistry; SearchStrategy: all) found bean 'simpleMeterRegistry' (OnBeanCondition)

   MongoMetricsAutoConfiguration.MongoCommandMetricsConfiguration matched:
      - @ConditionalOnClass found required class 'io.micrometer.core.instrument.binder.mongodb.MongoMetricsCommandListener' (OnClassCondition)
      - @ConditionalOnBooleanProperty (management.metrics.mongo.command.enabled=true) matched (OnPropertyCondition)

   MongoMetricsAutoConfiguration.MongoCommandMetricsConfiguration#mongoCommandTagsProvider matched:
      - @ConditionalOnMissingBean (types: io.micrometer.core.instrument.binder.mongodb.MongoCommandTagsProvider; SearchStrategy: all) did not find any beans (OnBeanCondition)

   MongoMetricsAutoConfiguration.MongoCommandMetricsConfiguration#mongoMetricsCommandListener matched:
      - @ConditionalOnMissingBean (types: io.micrometer.core.instrument.binder.mongodb.MongoMetricsCommandListener; SearchStrategy: all) did not find any beans (OnBeanCondition)

   MongoMetricsAutoConfiguration.MongoConnectionPoolMetricsConfiguration matched:
      - @ConditionalOnClass found required class 'io.micrometer.core.instrument.binder.mongodb.MongoMetricsConnectionPoolListener' (OnClassCondition)
      - @ConditionalOnBooleanProperty (management.metrics.mongo.connectionpool.enabled=true) matched (OnPropertyCondition)

   MongoMetricsAutoConfiguration.MongoConnectionPoolMetricsConfiguration#mongoConnectionPoolTagsProvider matched:
      - @ConditionalOnMissingBean (types: io.micrometer.core.instrument.binder.mongodb.MongoConnectionPoolTagsProvider; SearchStrategy: all) did not find any beans (OnBeanCondition)

   MongoMetricsAutoConfiguration.MongoConnectionPoolMetricsConfiguration#mongoMetricsConnectionPoolListener matched:
      - @ConditionalOnMissingBean (types: io.micrometer.core.instrument.binder.mongodb.MongoMetricsConnectionPoolListener; SearchStrategy: all) did not find any beans (OnBeanCondition)

   MongoRepositoriesAutoConfiguration matched:
      - @ConditionalOnClass found required classes 'com.mongodb.client.MongoClient', 'org.springframework.data.mongodb.repository.MongoRepository' (OnClassCondition)
      - @ConditionalOnRepositoryType configured type of 'AUTO' matched required type (OnRepositoryTypeCondition)
      - @ConditionalOnMissingBean (types: org.springframework.data.mongodb.repository.support.MongoRepositoryFactoryBean,org.springframework.data.mongodb.repository.config.MongoRepositoryConfigurationExtension; SearchStrategy: all) did not find any beans (OnBeanCondition)

   MultipartAutoConfiguration matched:
      - @ConditionalOnClass found required classes 'jakarta.servlet.Servlet', 'org.springframework.web.multipart.support.StandardServletMultipartResolver', 'jakarta.servlet.MultipartConfigElement' (OnClassCondition)
      - found 'session' scope (OnWebApplicationCondition)
      - @ConditionalOnBooleanProperty (spring.servlet.multipart.enabled=true) matched (OnPropertyCondition)

   MultipartAutoConfiguration#multipartConfigElement matched:
      - @ConditionalOnMissingBean (types: jakarta.servlet.MultipartConfigElement; SearchStrategy: all) did not find any beans (OnBeanCondition)

   MultipartAutoConfiguration#multipartResolver matched:
      - @ConditionalOnMissingBean (types: org.springframework.web.multipart.MultipartResolver; SearchStrategy: all) did not find any beans (OnBeanCondition)

   MybatisAutoConfiguration matched:
      - @ConditionalOnClass found required classes 'org.apache.ibatis.session.SqlSessionFactory', 'org.mybatis.spring.SqlSessionFactoryBean' (OnClassCondition)
      - @ConditionalOnSingleCandidate (types: javax.sql.DataSource; SearchStrategy: all) found a single bean 'dataSource' (OnBeanCondition)

   MybatisAutoConfiguration#sqlSessionFactory matched:
      - @ConditionalOnMissingBean (types: org.apache.ibatis.session.SqlSessionFactory; SearchStrategy: all) did not find any beans (OnBeanCondition)

   MybatisAutoConfiguration#sqlSessionTemplate matched:
      - @ConditionalOnMissingBean (types: org.mybatis.spring.SqlSessionTemplate; SearchStrategy: all) did not find any beans (OnBeanCondition)

   MybatisAutoConfiguration.MapperScannerRegistrarNotFoundConfiguration matched:
      - @ConditionalOnMissingBean (types: org.mybatis.spring.mapper.MapperFactoryBean,org.mybatis.spring.mapper.MapperScannerConfigurer; SearchStrategy: all) did not find any beans (OnBeanCondition)

   MybatisLanguageDriverAutoConfiguration matched:
      - @ConditionalOnClass found required class 'org.apache.ibatis.scripting.LanguageDriver' (OnClassCondition)

   NacosConfigAutoConfiguration#nacosConfigProperties matched:
      - @ConditionalOnMissingBean (types: com.alibaba.cloud.nacos.NacosConfigProperties; SearchStrategy: current) did not find any beans (OnBeanCondition)

   NacosConfigEndpointAutoConfiguration matched:
      - @ConditionalOnClass found required class 'org.springframework.boot.actuate.endpoint.annotation.Endpoint' (OnClassCondition)
      - @ConditionalOnWebApplication (required) found 'session' scope (OnWebApplicationCondition)

   NacosConfigEndpointAutoConfiguration#nacosConfigEndpoint matched:
      - @ConditionalOnMissingBean (types: com.alibaba.cloud.nacos.endpoint.NacosConfigEndpoint; SearchStrategy: all) did not find any beans (OnBeanCondition)
      - @ConditionalOnAvailableEndpoint marked as exposed by a 'management.endpoints.jmx.exposure' property (OnAvailableEndpointCondition)

   NacosConfigEndpointAutoConfiguration#nacosConfigHealthIndicator matched:
      - @ConditionalOnMissingBean (types: com.alibaba.cloud.nacos.endpoint.NacosConfigHealthIndicator; SearchStrategy: all) did not find any beans (OnBeanCondition)
      - @ConditionalOnEnabledHealthIndicator management.health.defaults.enabled is considered true (OnEnabledHealthIndicatorCondition)

   NamedParameterJdbcTemplateConfiguration matched:
      - @ConditionalOnSingleCandidate (types: org.springframework.jdbc.core.JdbcTemplate; SearchStrategy: all) found a single bean 'jdbcTemplate'; @ConditionalOnMissingBean (types: org.springframework.jdbc.core.namedparam.NamedParameterJdbcOperations; SearchStrategy: all) did not find any beans (OnBeanCondition)

   NettyAutoConfiguration matched:
      - @ConditionalOnClass found required class 'io.netty.util.NettyRuntime' (OnClassCondition)

   NoOpCacheConfiguration matched:
      - Cache org.springframework.boot.autoconfigure.cache.NoOpCacheConfiguration automatic cache type (CacheCondition)

   ObservationAutoConfiguration matched:
      - @ConditionalOnClass found required class 'io.micrometer.observation.ObservationRegistry' (OnClassCondition)

   ObservationAutoConfiguration#observationRegistry matched:
      - @ConditionalOnMissingBean (types: io.micrometer.observation.ObservationRegistry; SearchStrategy: all) did not find any beans (OnBeanCondition)

   ObservationAutoConfiguration.MeterObservationHandlerConfiguration matched:
      - @ConditionalOnBean (types: io.micrometer.core.instrument.MeterRegistry; SearchStrategy: all) found bean 'simpleMeterRegistry'; @ConditionalOnMissingBean (types: io.micrometer.core.instrument.observation.MeterObservationHandler; SearchStrategy: all) did not find any beans (OnBeanCondition)

   ObservationAutoConfiguration.MeterObservationHandlerConfiguration.OnlyMetricsMeterObservationHandlerConfiguration matched:
      - @ConditionalOnMissingBean (types: ?; SearchStrategy: all) did not find any beans (OnBeanCondition)

   ObservationAutoConfiguration.OnlyMetricsConfiguration matched:
      - @ConditionalOnClass found required class 'io.micrometer.core.instrument.MeterRegistry'; @ConditionalOnMissingClass did not find unwanted class 'io.micrometer.tracing.Tracer' (OnClassCondition)

   PageHelperAutoConfiguration matched:
      - @ConditionalOnBean (types: org.apache.ibatis.session.SqlSessionFactory; SearchStrategy: all) found bean 'sqlSessionFactory' (OnBeanCondition)

   PersistenceExceptionTranslationAutoConfiguration matched:
      - @ConditionalOnClass found required class 'org.springframework.dao.annotation.PersistenceExceptionTranslationPostProcessor' (OnClassCondition)

   PersistenceExceptionTranslationAutoConfiguration#persistenceExceptionTranslationPostProcessor matched:
      - @ConditionalOnBooleanProperty (spring.dao.exceptiontranslation.enabled=true) matched (OnPropertyCondition)
      - @ConditionalOnMissingBean (types: org.springframework.dao.annotation.PersistenceExceptionTranslationPostProcessor; SearchStrategy: all) did not find any beans (OnBeanCondition)

   PromptTemplateAutoConfiguration#configurablePromptTemplateFactory matched:
      - @ConditionalOnProperty (spring.ai.nacos.prompt.template.enabled=true) matched (OnPropertyCondition)
      - @ConditionalOnMissingBean (types: com.alibaba.cloud.ai.prompt.ConfigurablePromptTemplateFactory; SearchStrategy: all) did not find any beans (OnBeanCondition)

   PropertyPlaceholderAutoConfiguration#propertySourcesPlaceholderConfigurer matched:
      - @ConditionalOnMissingBean (types: org.springframework.context.support.PropertySourcesPlaceholderConfigurer; SearchStrategy: current) did not find any beans (OnBeanCondition)

   ReactiveHealthEndpointConfiguration matched:
      - @ConditionalOnClass found required class 'reactor.core.publisher.Flux' (OnClassCondition)
      - @ConditionalOnBean (types: org.springframework.boot.actuate.health.HealthEndpoint; SearchStrategy: all) found bean 'healthEndpoint' (OnBeanCondition)

   ReactiveHealthEndpointConfiguration#reactiveHealthContributorRegistry matched:
      - @ConditionalOnMissingBean (types: org.springframework.boot.actuate.health.ReactiveHealthContributorRegistry; SearchStrategy: all) did not find any beans (OnBeanCondition)

   ReactorAutoConfiguration matched:
      - @ConditionalOnClass found required class 'reactor.core.publisher.Hooks' (OnClassCondition)

   ReactorNettyConfigurations.ReactorResourceFactoryConfiguration#reactorResourceFactory matched:
      - @ConditionalOnMissingBean (types: org.springframework.http.client.ReactorResourceFactory; SearchStrategy: all) did not find any beans (OnBeanCondition)

   RepositoryMetricsAutoConfiguration matched:
      - @ConditionalOnClass found required class 'org.springframework.data.repository.Repository' (OnClassCondition)
      - @ConditionalOnBean (types: io.micrometer.core.instrument.MeterRegistry; SearchStrategy: all) found bean 'simpleMeterRegistry' (OnBeanCondition)

   RepositoryMetricsAutoConfiguration#metricsRepositoryMethodInvocationListener matched:
      - @ConditionalOnMissingBean (types: org.springframework.boot.actuate.metrics.data.MetricsRepositoryMethodInvocationListener; SearchStrategy: all) did not find any beans (OnBeanCondition)

   RepositoryMetricsAutoConfiguration#repositoryTagsProvider matched:
      - @ConditionalOnMissingBean (types: org.springframework.boot.actuate.metrics.data.RepositoryTagsProvider; SearchStrategy: all) did not find any beans (OnBeanCondition)

   RestClientAutoConfiguration matched:
      - @ConditionalOnClass found required class 'org.springframework.web.client.RestClient' (OnClassCondition)
      - AnyNestedCondition 1 matched 1 did not; NestedCondition on NotReactiveWebApplicationOrVirtualThreadsExecutorEnabledCondition.VirtualThreadsExecutorEnabled found non-matching nested conditions @ConditionalOnThreading did not find VIRTUAL; NestedCondition on NotReactiveWebApplicationOrVirtualThreadsExecutorEnabledCondition.NotReactiveWebApplication NoneNestedConditions 0 matched 1 did not; NestedCondition on NotReactiveWebApplicationCondition.ReactiveWebApplication not a reactive web application (NotReactiveWebApplicationOrVirtualThreadsExecutorEnabledCondition)

   RestClientAutoConfiguration#httpMessageConvertersRestClientCustomizer matched:
      - @ConditionalOnMissingBean (types: org.springframework.boot.autoconfigure.web.client.HttpMessageConvertersRestClientCustomizer; SearchStrategy: all) did not find any beans (OnBeanCondition)

   RestClientAutoConfiguration#restClientBuilder matched:
      - @ConditionalOnMissingBean (types: org.springframework.web.client.RestClient$Builder; SearchStrategy: all) did not find any beans (OnBeanCondition)

   RestClientAutoConfiguration#restClientBuilderConfigurer matched:
      - @ConditionalOnMissingBean (types: org.springframework.boot.autoconfigure.web.client.RestClientBuilderConfigurer; SearchStrategy: all) did not find any beans (OnBeanCondition)

   RestClientAutoConfiguration#restClientSsl matched:
      - @ConditionalOnBean (types: org.springframework.boot.ssl.SslBundles; SearchStrategy: all) found bean 'sslBundleRegistry'; @ConditionalOnMissingBean (types: org.springframework.boot.autoconfigure.web.client.RestClientSsl; SearchStrategy: all) did not find any beans (OnBeanCondition)

   RestClientObservationConfiguration matched:
      - @ConditionalOnClass found required class 'org.springframework.web.client.RestClient' (OnClassCondition)
      - @ConditionalOnBean (types: org.springframework.web.client.RestClient$Builder; SearchStrategy: all) found bean 'restClientBuilder' (OnBeanCondition)

   RestTemplateAutoConfiguration matched:
      - @ConditionalOnClass found required class 'org.springframework.web.client.RestTemplate' (OnClassCondition)
      - NoneNestedConditions 0 matched 1 did not; NestedCondition on NotReactiveWebApplicationCondition.ReactiveWebApplication not a reactive web application (NotReactiveWebApplicationCondition)

   RestTemplateAutoConfiguration#restTemplateBuilder matched:
      - @ConditionalOnMissingBean (types: org.springframework.boot.web.client.RestTemplateBuilder; SearchStrategy: all) did not find any beans (OnBeanCondition)

   RestTemplateObservationConfiguration matched:
      - @ConditionalOnClass found required class 'org.springframework.web.client.RestTemplate' (OnClassCondition)
      - @ConditionalOnBean (types: org.springframework.boot.web.client.RestTemplateBuilder; SearchStrategy: all) found bean 'restTemplateBuilder' (OnBeanCondition)

   SbomEndpointAutoConfiguration matched:
      - @ConditionalOnAvailableEndpoint marked as exposed by a 'management.endpoints.jmx.exposure' property (OnAvailableEndpointCondition)

   SbomEndpointAutoConfiguration#sbomEndpoint matched:
      - @ConditionalOnMissingBean (types: org.springframework.boot.actuate.sbom.SbomEndpoint; SearchStrategy: all) did not find any beans (OnBeanCondition)

   ScheduledTasksEndpointAutoConfiguration matched:
      - @ConditionalOnAvailableEndpoint marked as exposed by a 'management.endpoints.jmx.exposure' property (OnAvailableEndpointCondition)

   ScheduledTasksEndpointAutoConfiguration#scheduledTasksEndpoint matched:
      - @ConditionalOnMissingBean (types: org.springframework.boot.actuate.scheduling.ScheduledTasksEndpoint; SearchStrategy: all) did not find any beans (OnBeanCondition)

   ScheduledTasksObservabilityAutoConfiguration matched:
      - @ConditionalOnClass found required class 'org.springframework.scheduling.concurrent.ThreadPoolTaskScheduler' (OnClassCondition)
      - @ConditionalOnBean (types: io.micrometer.observation.ObservationRegistry; SearchStrategy: all) found bean 'observationRegistry' (OnBeanCondition)

   ServletEndpointManagementContextConfiguration matched:
      - found 'session' scope (OnWebApplicationCondition)

   ServletEndpointManagementContextConfiguration.WebMvcServletEndpointManagementContextConfiguration matched:
      - @ConditionalOnClass found required class 'org.springframework.web.servlet.DispatcherServlet' (OnClassCondition)

   ServletManagementContextAutoConfiguration matched:
      - @ConditionalOnClass found required class 'jakarta.servlet.Servlet' (OnClassCondition)
      - found 'session' scope (OnWebApplicationCondition)

   ServletWebServerFactoryAutoConfiguration matched:
      - @ConditionalOnClass found required class 'jakarta.servlet.ServletRequest' (OnClassCondition)
      - found 'session' scope (OnWebApplicationCondition)

   ServletWebServerFactoryAutoConfiguration#tomcatServletWebServerFactoryCustomizer matched:
      - @ConditionalOnClass found required class 'org.apache.catalina.startup.Tomcat' (OnClassCondition)

   ServletWebServerFactoryConfiguration.EmbeddedTomcat matched:
      - @ConditionalOnClass found required classes 'jakarta.servlet.Servlet', 'org.apache.catalina.startup.Tomcat', 'org.apache.coyote.UpgradeProtocol' (OnClassCondition)
      - @ConditionalOnMissingBean (types: org.springframework.boot.web.servlet.server.ServletWebServerFactory; SearchStrategy: current) did not find any beans (OnBeanCondition)

   SimpleCacheConfiguration matched:
      - Cache org.springframework.boot.autoconfigure.cache.SimpleCacheConfiguration automatic cache type (CacheCondition)

   SimpleMetricsExportAutoConfiguration matched:
      - @ConditionalOnEnabledMetricsExport management.defaults.metrics.export.enabled is considered true (OnMetricsExportEnabledCondition)
      - @ConditionalOnBean (types: io.micrometer.core.instrument.Clock; SearchStrategy: all) found bean 'micrometerClock'; @ConditionalOnMissingBean (types: io.micrometer.core.instrument.MeterRegistry; SearchStrategy: all) did not find any beans (OnBeanCondition)

   SimpleMetricsExportAutoConfiguration#simpleConfig matched:
      - @ConditionalOnMissingBean (types: io.micrometer.core.instrument.simple.SimpleConfig; SearchStrategy: all) did not find any beans (OnBeanCondition)

   SpringAiRetryAutoConfiguration matched:
      - @ConditionalOnClass found required class 'org.springframework.ai.retry.RetryUtils' (OnClassCondition)

   SpringAiRetryAutoConfiguration#responseErrorHandler matched:
      - @ConditionalOnMissingBean (types: org.springframework.web.client.ResponseErrorHandler; SearchStrategy: all) did not find any beans (OnBeanCondition)

   SpringAiRetryAutoConfiguration#retryTemplate matched:
      - @ConditionalOnMissingBean (types: org.springframework.retry.support.RetryTemplate; SearchStrategy: all) did not find any beans (OnBeanCondition)

   SpringApplicationAdminJmxAutoConfiguration matched:
      - @ConditionalOnBooleanProperty (spring.application.admin.enabled=true) matched (OnPropertyCondition)

   SpringApplicationAdminJmxAutoConfiguration#springApplicationAdminRegistrar matched:
      - @ConditionalOnMissingBean (types: org.springframework.boot.admin.SpringApplicationAdminMXBeanRegistrar; SearchStrategy: all) did not find any beans (OnBeanCondition)

   SpringDataWebAutoConfiguration matched:
      - @ConditionalOnClass found required classes 'org.springframework.data.web.PageableHandlerMethodArgumentResolver', 'org.springframework.web.servlet.config.annotation.WebMvcConfigurer' (OnClassCondition)
      - found 'session' scope (OnWebApplicationCondition)
      - @ConditionalOnMissingBean (types: org.springframework.data.web.PageableHandlerMethodArgumentResolver; SearchStrategy: all) did not find any beans (OnBeanCondition)

   SpringDataWebAutoConfiguration#pageableCustomizer matched:
      - @ConditionalOnMissingBean (types: org.springframework.data.web.config.PageableHandlerMethodArgumentResolverCustomizer; SearchStrategy: all) did not find any beans (OnBeanCondition)

   SpringDataWebAutoConfiguration#sortCustomizer matched:
      - @ConditionalOnMissingBean (types: org.springframework.data.web.config.SortHandlerMethodArgumentResolverCustomizer; SearchStrategy: all) did not find any beans (OnBeanCondition)

   SpringDataWebAutoConfiguration#springDataWebSettings matched:
      - @ConditionalOnMissingBean (types: org.springframework.data.web.config.SpringDataWebSettings; SearchStrategy: all) did not find any beans (OnBeanCondition)

   SqlInitializationAutoConfiguration matched:
      - @ConditionalOnBooleanProperty (spring.sql.init.enabled=true) matched (OnPropertyCondition)
      - NoneNestedConditions 0 matched 1 did not; NestedCondition on SqlInitializationAutoConfiguration.SqlInitializationModeCondition.ModeIsNever @ConditionalOnProperty (spring.sql.init.mode=never) did not find property 'spring.sql.init.mode' (SqlInitializationAutoConfiguration.SqlInitializationModeCondition)

   SslAutoConfiguration#sslBundleRegistry matched:
      - @ConditionalOnMissingBean (types: org.springframework.boot.ssl.SslBundleRegistry,org.springframework.boot.ssl.SslBundles; SearchStrategy: all) did not find any beans (OnBeanCondition)

   SslHealthContributorAutoConfiguration matched:
      - @ConditionalOnEnabledHealthIndicator management.health.defaults.enabled is considered true (OnEnabledHealthIndicatorCondition)

   SslHealthContributorAutoConfiguration#sslHealthIndicator matched:
      - @ConditionalOnMissingBean (names: sslHealthIndicator; SearchStrategy: all) did not find any beans (OnBeanCondition)

   SslHealthContributorAutoConfiguration#sslInfo matched:
      - @ConditionalOnMissingBean (types: org.springframework.boot.info.SslInfo; SearchStrategy: all) did not find any beans (OnBeanCondition)

   SslObservabilityAutoConfiguration matched:
      - @ConditionalOnClass found required class 'io.micrometer.core.instrument.MeterRegistry' (OnClassCondition)
      - @ConditionalOnBean (types: io.micrometer.core.instrument.MeterRegistry,org.springframework.boot.ssl.SslBundles; SearchStrategy: all) found beans 'sslBundleRegistry', 'simpleMeterRegistry' (OnBeanCondition)

   StartupTimeMetricsListenerAutoConfiguration matched:
      - @ConditionalOnClass found required class 'io.micrometer.core.instrument.MeterRegistry' (OnClassCondition)
      - @ConditionalOnBean (types: io.micrometer.core.instrument.MeterRegistry; SearchStrategy: all) found bean 'simpleMeterRegistry' (OnBeanCondition)

   StartupTimeMetricsListenerAutoConfiguration#startupTimeMetrics matched:
      - @ConditionalOnMissingBean (types: org.springframework.boot.actuate.metrics.startup.StartupTimeMetricsListener; SearchStrategy: all) did not find any beans (OnBeanCondition)

   SystemMetricsAutoConfiguration matched:
      - @ConditionalOnClass found required class 'io.micrometer.core.instrument.MeterRegistry' (OnClassCondition)
      - @ConditionalOnBean (types: io.micrometer.core.instrument.MeterRegistry; SearchStrategy: all) found bean 'simpleMeterRegistry' (OnBeanCondition)

   SystemMetricsAutoConfiguration#diskSpaceMetrics matched:
      - @ConditionalOnMissingBean (types: org.springframework.boot.actuate.metrics.system.DiskSpaceMetricsBinder; SearchStrategy: all) did not find any beans (OnBeanCondition)

   SystemMetricsAutoConfiguration#fileDescriptorMetrics matched:
      - @ConditionalOnMissingBean (types: io.micrometer.core.instrument.binder.system.FileDescriptorMetrics; SearchStrategy: all) did not find any beans (OnBeanCondition)

   SystemMetricsAutoConfiguration#processorMetrics matched:
      - @ConditionalOnMissingBean (types: io.micrometer.core.instrument.binder.system.ProcessorMetrics; SearchStrategy: all) did not find any beans (OnBeanCondition)

   SystemMetricsAutoConfiguration#uptimeMetrics matched:
      - @ConditionalOnMissingBean (types: io.micrometer.core.instrument.binder.system.UptimeMetrics; SearchStrategy: all) did not find any beans (OnBeanCondition)

   TaskExecutionAutoConfiguration matched:
      - @ConditionalOnClass found required class 'org.springframework.scheduling.concurrent.ThreadPoolTaskExecutor' (OnClassCondition)

   TaskExecutorConfigurations.AsyncConfigurerConfiguration matched:
      - @ConditionalOnMissingBean (types: org.springframework.scheduling.annotation.AsyncConfigurer; SearchStrategy: all) did not find any beans (OnBeanCondition)

   TaskExecutorConfigurations.AsyncConfigurerConfiguration#applicationTaskExecutorAsyncConfigurer matched:
      - @ConditionalOnMissingBean (types: org.springframework.scheduling.annotation.AsyncConfigurer; SearchStrategy: all) did not find any beans (OnBeanCondition)

   TaskExecutorConfigurations.SimpleAsyncTaskExecutorBuilderConfiguration#simpleAsyncTaskExecutorBuilder matched:
      - @ConditionalOnMissingBean (types: org.springframework.boot.task.SimpleAsyncTaskExecutorBuilder; SearchStrategy: all) did not find any beans (OnBeanCondition)
      - @ConditionalOnThreading found PLATFORM (OnThreadingCondition)

   TaskExecutorConfigurations.TaskExecutorConfiguration matched:
      - AnyNestedCondition 1 matched 1 did not; NestedCondition on TaskExecutorConfigurations.OnExecutorCondition.ModelCondition @ConditionalOnProperty (spring.task.execution.mode=force) did not find property 'spring.task.execution.mode'; NestedCondition on TaskExecutorConfigurations.OnExecutorCondition.ExecutorBeanCondition @ConditionalOnMissingBean (types: java.util.concurrent.Executor; SearchStrategy: all) did not find any beans (TaskExecutorConfigurations.OnExecutorCondition)

   TaskExecutorConfigurations.TaskExecutorConfiguration#applicationTaskExecutor matched:
      - @ConditionalOnThreading found PLATFORM (OnThreadingCondition)

   TaskExecutorConfigurations.ThreadPoolTaskExecutorBuilderConfiguration#threadPoolTaskExecutorBuilder matched:
      - @ConditionalOnMissingBean (types: org.springframework.boot.task.ThreadPoolTaskExecutorBuilder; SearchStrategy: all) did not find any beans (OnBeanCondition)

   TaskExecutorMetricsAutoConfiguration matched:
      - @ConditionalOnClass found required class 'io.micrometer.core.instrument.binder.jvm.ExecutorServiceMetrics' (OnClassCondition)
      - @ConditionalOnBean (types: java.util.concurrent.Executor,io.micrometer.core.instrument.MeterRegistry; SearchStrategy: all) found beans 'applicationTaskExecutor', 'simpleMeterRegistry', 'taskScheduler' (OnBeanCondition)

   TaskSchedulingAutoConfiguration matched:
      - @ConditionalOnClass found required class 'org.springframework.scheduling.concurrent.ThreadPoolTaskScheduler' (OnClassCondition)

   TaskSchedulingAutoConfiguration#scheduledBeanLazyInitializationExcludeFilter matched:
      - @ConditionalOnBean (names: org.springframework.context.annotation.internalScheduledAnnotationProcessor; SearchStrategy: all) found bean 'org.springframework.context.annotation.internalScheduledAnnotationProcessor' (OnBeanCondition)

   TaskSchedulingConfigurations.SimpleAsyncTaskSchedulerBuilderConfiguration#simpleAsyncTaskSchedulerBuilder matched:
      - @ConditionalOnMissingBean (types: org.springframework.boot.task.SimpleAsyncTaskSchedulerBuilder; SearchStrategy: all) did not find any beans (OnBeanCondition)
      - @ConditionalOnThreading found PLATFORM (OnThreadingCondition)

   TaskSchedulingConfigurations.TaskSchedulerConfiguration matched:
      - @ConditionalOnBean (names: org.springframework.context.annotation.internalScheduledAnnotationProcessor; SearchStrategy: all) found bean 'org.springframework.context.annotation.internalScheduledAnnotationProcessor'; @ConditionalOnMissingBean (types: org.springframework.scheduling.TaskScheduler,java.util.concurrent.ScheduledExecutorService; SearchStrategy: all) did not find any beans (OnBeanCondition)

   TaskSchedulingConfigurations.TaskSchedulerConfiguration#taskScheduler matched:
      - @ConditionalOnThreading found PLATFORM (OnThreadingCondition)

   TaskSchedulingConfigurations.ThreadPoolTaskSchedulerBuilderConfiguration#threadPoolTaskSchedulerBuilder matched:
      - @ConditionalOnMissingBean (types: org.springframework.boot.task.ThreadPoolTaskSchedulerBuilder; SearchStrategy: all) did not find any beans (OnBeanCondition)

   ThreadDumpEndpointAutoConfiguration matched:
      - @ConditionalOnAvailableEndpoint marked as exposed by a 'management.endpoints.jmx.exposure' property (OnAvailableEndpointCondition)

   ThreadDumpEndpointAutoConfiguration#dumpEndpoint matched:
      - @ConditionalOnMissingBean (types: org.springframework.boot.actuate.management.ThreadDumpEndpoint; SearchStrategy: all) did not find any beans (OnBeanCondition)

   TomcatMetricsAutoConfiguration matched:
      - @ConditionalOnClass found required classes 'io.micrometer.core.instrument.binder.tomcat.TomcatMetrics', 'org.apache.catalina.Manager' (OnClassCondition)
      - @ConditionalOnWebApplication (required) found 'session' scope (OnWebApplicationCondition)

   TomcatMetricsAutoConfiguration#tomcatMetricsBinder matched:
      - @ConditionalOnBean (types: io.micrometer.core.instrument.MeterRegistry; SearchStrategy: all) found bean 'simpleMeterRegistry'; @ConditionalOnMissingBean (types: io.micrometer.core.instrument.binder.tomcat.TomcatMetrics,org.springframework.boot.actuate.metrics.web.tomcat.TomcatMetricsBinder; SearchStrategy: all) did not find any beans (OnBeanCondition)

   TransactionAutoConfiguration matched:
      - @ConditionalOnClass found required class 'org.springframework.transaction.PlatformTransactionManager' (OnClassCondition)

   TransactionAutoConfiguration.EnableTransactionManagementConfiguration matched:
      - @ConditionalOnBean (types: org.springframework.transaction.TransactionManager; SearchStrategy: all) found bean 'transactionManager'; @ConditionalOnMissingBean (types: org.springframework.transaction.annotation.AbstractTransactionManagementConfiguration; SearchStrategy: all) did not find any beans (OnBeanCondition)

   TransactionAutoConfiguration.EnableTransactionManagementConfiguration.CglibAutoProxyConfiguration matched:
      - @ConditionalOnBooleanProperty (spring.aop.proxy-target-class=true) matched (OnPropertyCondition)

   TransactionAutoConfiguration.TransactionTemplateConfiguration matched:
      - @ConditionalOnSingleCandidate (types: org.springframework.transaction.PlatformTransactionManager; SearchStrategy: all) found a single bean 'transactionManager' (OnBeanCondition)

   TransactionAutoConfiguration.TransactionTemplateConfiguration#transactionTemplate matched:
      - @ConditionalOnMissingBean (types: org.springframework.transaction.support.TransactionOperations; SearchStrategy: all) did not find any beans (OnBeanCondition)

   TransactionManagerCustomizationAutoConfiguration matched:
      - @ConditionalOnClass found required class 'org.springframework.transaction.PlatformTransactionManager' (OnClassCondition)

   TransactionManagerCustomizationAutoConfiguration#platformTransactionManagerCustomizers matched:
      - @ConditionalOnMissingBean (types: org.springframework.boot.autoconfigure.transaction.TransactionManagerCustomizers; SearchStrategy: all) did not find any beans (OnBeanCondition)

   ValidationAutoConfiguration matched:
      - @ConditionalOnClass found required class 'jakarta.validation.executable.ExecutableValidator' (OnClassCondition)
      - @ConditionalOnResource found location classpath:META-INF/services/jakarta.validation.spi.ValidationProvider (OnResourceCondition)

   ValidationAutoConfiguration#defaultValidator matched:
      - @ConditionalOnMissingBean (types: jakarta.validation.Validator; SearchStrategy: all) did not find any beans (OnBeanCondition)

   ValidationAutoConfiguration#methodValidationPostProcessor matched:
      - @ConditionalOnMissingBean (types: org.springframework.validation.beanvalidation.MethodValidationPostProcessor; SearchStrategy: current) did not find any beans (OnBeanCondition)

   VectorStoreObservationAutoConfiguration matched:
      - @ConditionalOnClass found required class 'org.springframework.ai.vectorstore.VectorStore' (OnClassCondition)

   VectorStoreObservationAutoConfiguration.FallbackVectorStoreQueryResponseContentObservationConfiguration matched:
      - @ConditionalOnMissingClass did not find unwanted class 'io.micrometer.tracing.otel.bridge.OtelTracer' (OnClassCondition)

   WebClientAutoConfiguration matched:
      - @ConditionalOnClass found required class 'org.springframework.web.reactive.function.client.WebClient' (OnClassCondition)

   WebClientAutoConfiguration#webClientBuilder matched:
      - @ConditionalOnMissingBean (types: org.springframework.web.reactive.function.client.WebClient$Builder; SearchStrategy: all) did not find any beans (OnBeanCondition)

   WebClientAutoConfiguration#webClientHttpConnectorCustomizer matched:
      - @ConditionalOnBean (types: org.springframework.http.client.reactive.ClientHttpConnector; SearchStrategy: all) found bean 'clientHttpConnector' (OnBeanCondition)

   WebClientAutoConfiguration#webClientSsl matched:
      - @ConditionalOnBean (types: org.springframework.boot.ssl.SslBundles; SearchStrategy: all) found bean 'sslBundleRegistry'; @ConditionalOnMissingBean (types: org.springframework.boot.autoconfigure.web.reactive.function.client.WebClientSsl; SearchStrategy: all) did not find any beans (OnBeanCondition)

   WebClientAutoConfiguration.WebClientCodecsConfiguration matched:
      - @ConditionalOnBean (types: org.springframework.boot.web.codec.CodecCustomizer; SearchStrategy: all) found beans 'jacksonCodecCustomizer', 'defaultCodecCustomizer' (OnBeanCondition)

   WebClientAutoConfiguration.WebClientCodecsConfiguration#exchangeStrategiesCustomizer matched:
      - @ConditionalOnMissingBean (types: org.springframework.boot.autoconfigure.web.reactive.function.client.WebClientCodecCustomizer; SearchStrategy: all) did not find any beans (OnBeanCondition)

   WebClientObservationConfiguration matched:
      - @ConditionalOnClass found required class 'org.springframework.web.reactive.function.client.WebClient' (OnClassCondition)

   WebEndpointAutoConfiguration matched:
      - @ConditionalOnWebApplication (required) found 'session' scope (OnWebApplicationCondition)

   WebEndpointAutoConfiguration#controllerEndpointDiscoverer matched:
      - @ConditionalOnMissingBean (types: org.springframework.boot.actuate.endpoint.web.annotation.ControllerEndpointsSupplier; SearchStrategy: all) did not find any beans (OnBeanCondition)

   WebEndpointAutoConfiguration#endpointMediaTypes matched:
      - @ConditionalOnMissingBean (types: org.springframework.boot.actuate.endpoint.web.EndpointMediaTypes; SearchStrategy: all) did not find any beans (OnBeanCondition)

   WebEndpointAutoConfiguration#pathMappedEndpoints matched:
      - @ConditionalOnMissingBean (types: org.springframework.boot.actuate.endpoint.web.PathMappedEndpoints; SearchStrategy: all) did not find any beans (OnBeanCondition)

   WebEndpointAutoConfiguration#webEndpointDiscoverer matched:
      - @ConditionalOnMissingBean (types: org.springframework.boot.actuate.endpoint.web.WebEndpointsSupplier; SearchStrategy: all) did not find any beans (OnBeanCondition)

   WebEndpointAutoConfiguration.WebEndpointServletConfiguration matched:
      - found 'session' scope (OnWebApplicationCondition)

   WebEndpointAutoConfiguration.WebEndpointServletConfiguration#servletEndpointDiscoverer matched:
      - @ConditionalOnMissingBean (types: org.springframework.boot.actuate.endpoint.web.annotation.ServletEndpointsSupplier; SearchStrategy: all) did not find any beans (OnBeanCondition)

   WebMvcAutoConfiguration matched:
      - @ConditionalOnClass found required classes 'jakarta.servlet.Servlet', 'org.springframework.web.servlet.DispatcherServlet', 'org.springframework.web.servlet.config.annotation.WebMvcConfigurer' (OnClassCondition)
      - found 'session' scope (OnWebApplicationCondition)
      - @ConditionalOnMissingBean (types: org.springframework.web.servlet.config.annotation.WebMvcConfigurationSupport; SearchStrategy: all) did not find any beans (OnBeanCondition)

   WebMvcAutoConfiguration#formContentFilter matched:
      - @ConditionalOnBooleanProperty (spring.mvc.formcontent.filter.enabled=true) matched (OnPropertyCondition)
      - @ConditionalOnMissingBean (types: org.springframework.web.filter.FormContentFilter; SearchStrategy: all) did not find any beans (OnBeanCondition)

   WebMvcAutoConfiguration.EnableWebMvcConfiguration#flashMapManager matched:
      - @ConditionalOnMissingBean (names: flashMapManager; SearchStrategy: all) did not find any beans (OnBeanCondition)

   WebMvcAutoConfiguration.EnableWebMvcConfiguration#localeResolver matched:
      - @ConditionalOnMissingBean (names: localeResolver; SearchStrategy: all) did not find any beans (OnBeanCondition)

   WebMvcAutoConfiguration.EnableWebMvcConfiguration#themeResolver matched:
      - @ConditionalOnMissingBean (names: themeResolver; SearchStrategy: all) did not find any beans (OnBeanCondition)

   WebMvcAutoConfiguration.EnableWebMvcConfiguration#viewNameTranslator matched:
      - @ConditionalOnMissingBean (names: viewNameTranslator; SearchStrategy: all) did not find any beans (OnBeanCondition)

   WebMvcAutoConfiguration.WebMvcAutoConfigurationAdapter#defaultViewResolver matched:
      - @ConditionalOnMissingBean (types: org.springframework.web.servlet.view.InternalResourceViewResolver; SearchStrategy: all) did not find any beans (OnBeanCondition)

   WebMvcAutoConfiguration.WebMvcAutoConfigurationAdapter#requestContextFilter matched:
      - @ConditionalOnMissingBean (types: org.springframework.web.context.request.RequestContextListener,org.springframework.web.filter.RequestContextFilter; SearchStrategy: all) did not find any beans (OnBeanCondition)

   WebMvcAutoConfiguration.WebMvcAutoConfigurationAdapter#viewResolver matched:
      - @ConditionalOnBean (types: org.springframework.web.servlet.ViewResolver; SearchStrategy: all) found beans 'defaultViewResolver', 'beanNameViewResolver', 'mvcViewResolver'; @ConditionalOnMissingBean (names: viewResolver types: org.springframework.web.servlet.view.ContentNegotiatingViewResolver; SearchStrategy: all) did not find any beans (OnBeanCondition)

   WebMvcEndpointManagementContextConfiguration matched:
      - @ConditionalOnClass found required class 'org.springframework.web.servlet.DispatcherServlet' (OnClassCondition)
      - found 'session' scope (OnWebApplicationCondition)
      - @ConditionalOnBean (types: org.springframework.web.servlet.DispatcherServlet,org.springframework.boot.actuate.endpoint.web.WebEndpointsSupplier; SearchStrategy: all) found beans 'webEndpointDiscoverer', 'dispatcherServlet' (OnBeanCondition)

   WebMvcEndpointManagementContextConfiguration#controllerEndpointHandlerMapping matched:
      - @ConditionalOnMissingBean (types: org.springframework.boot.actuate.endpoint.web.servlet.ControllerEndpointHandlerMapping; SearchStrategy: all) did not find any beans (OnBeanCondition)

   WebMvcEndpointManagementContextConfiguration#endpointObjectMapperWebMvcConfigurer matched:
      - @ConditionalOnBean (types: org.springframework.boot.actuate.endpoint.jackson.EndpointObjectMapper; SearchStrategy: all) found bean 'endpointObjectMapper' (OnBeanCondition)

   WebMvcEndpointManagementContextConfiguration#webEndpointServletHandlerMapping matched:
      - @ConditionalOnMissingBean (types: org.springframework.boot.actuate.endpoint.web.servlet.WebMvcEndpointHandlerMapping; SearchStrategy: all) did not find any beans (OnBeanCondition)

   WebMvcObservationAutoConfiguration matched:
      - @ConditionalOnClass found required classes 'org.springframework.web.servlet.DispatcherServlet', 'io.micrometer.observation.Observation' (OnClassCondition)
      - found 'session' scope (OnWebApplicationCondition)
      - @ConditionalOnBean (types: io.micrometer.observation.ObservationRegistry; SearchStrategy: all) found bean 'observationRegistry' (OnBeanCondition)

   WebMvcObservationAutoConfiguration#webMvcObservationFilter matched:
      - @ConditionalOnMissingBean (types: org.springframework.web.filter.ServerHttpObservationFilter; SearchStrategy: all) did not find any beans (OnBeanCondition)

   WebMvcObservationAutoConfiguration.MeterFilterConfiguration matched:
      - @ConditionalOnClass found required class 'io.micrometer.core.instrument.MeterRegistry' (OnClassCondition)
      - @ConditionalOnBean (types: io.micrometer.core.instrument.MeterRegistry; SearchStrategy: all) found bean 'simpleMeterRegistry' (OnBeanCondition)

   WebSocketMessagingAutoConfiguration matched:
      - @ConditionalOnClass found required class 'org.springframework.web.socket.config.annotation.WebSocketMessageBrokerConfigurer' (OnClassCondition)
      - found 'session' scope (OnWebApplicationCondition)

   WebSocketServletAutoConfiguration matched:
      - @ConditionalOnClass found required classes 'jakarta.servlet.Servlet', 'jakarta.websocket.server.ServerContainer' (OnClassCondition)
      - found 'session' scope (OnWebApplicationCondition)

   WebSocketServletAutoConfiguration.TomcatWebSocketConfiguration matched:
      - @ConditionalOnClass found required classes 'org.apache.catalina.startup.Tomcat', 'org.apache.tomcat.websocket.server.WsSci' (OnClassCondition)

   WebSocketServletAutoConfiguration.TomcatWebSocketConfiguration#websocketServletWebServerCustomizer matched:
      - @ConditionalOnMissingBean (names: websocketServletWebServerCustomizer; SearchStrategy: all) did not find any beans (OnBeanCondition)


Negative matches:
-----------------

   ActiveMQAutoConfiguration:
      Did not match:
         - @ConditionalOnClass did not find required class 'jakarta.jms.ConnectionFactory' (OnClassCondition)

   AnthropicAutoConfiguration:
      Did not match:
         - @ConditionalOnClass did not find required class 'org.springframework.ai.anthropic.api.AnthropicApi' (OnClassCondition)

   AopAutoConfiguration.AspectJAutoProxyingConfiguration:
      Did not match:
         - @ConditionalOnClass did not find required class 'org.aspectj.weaver.Advice' (OnClassCondition)

   AppOpticsMetricsExportAutoConfiguration:
      Did not match:
         - @ConditionalOnClass did not find required class 'io.micrometer.appoptics.AppOpticsMeterRegistry' (OnClassCondition)

   ArtemisAutoConfiguration:
      Did not match:
         - @ConditionalOnClass did not find required class 'jakarta.jms.ConnectionFactory' (OnClassCondition)

   AtlasMetricsExportAutoConfiguration:
      Did not match:
         - @ConditionalOnClass did not find required class 'io.micrometer.atlas.AtlasMeterRegistry' (OnClassCondition)

   AuditAutoConfiguration:
      Did not match:
         - @ConditionalOnBean (types: org.springframework.boot.actuate.audit.AuditEventRepository; SearchStrategy: all) did not find any beans of type org.springframework.boot.actuate.audit.AuditEventRepository (OnBeanCondition)
      Matched:
         - @ConditionalOnBooleanProperty (management.auditevents.enabled=true) matched (OnPropertyCondition)

   AuditEventsEndpointAutoConfiguration#auditEventsEndpoint:
      Did not match:
         - @ConditionalOnBean (types: org.springframework.boot.actuate.audit.AuditEventRepository; SearchStrategy: all) did not find any beans of type org.springframework.boot.actuate.audit.AuditEventRepository (OnBeanCondition)

   AvailabilityHealthContributorAutoConfiguration#livenessStateHealthIndicator:
      Did not match:
         - @ConditionalOnBooleanProperty (management.health.livenessstate.enabled=true) did not find property 'management.health.livenessstate.enabled' (OnPropertyCondition)

   AvailabilityHealthContributorAutoConfiguration#readinessStateHealthIndicator:
      Did not match:
         - @ConditionalOnBooleanProperty (management.health.readinessstate.enabled=true) did not find property 'management.health.readinessstate.enabled' (OnPropertyCondition)

   AvailabilityProbesAutoConfiguration:
      Did not match:
         - Probes availability not running on a supported cloud platform (AvailabilityProbesAutoConfiguration.ProbesCondition)

   AzureOpenAiAutoConfiguration:
      Did not match:
         - @ConditionalOnClass did not find required classes 'com.azure.ai.openai.OpenAIClientBuilder', 'org.springframework.ai.azure.openai.AzureOpenAiChatModel' (OnClassCondition)

   AzureVectorStoreAutoConfiguration:
      Did not match:
         - @ConditionalOnClass did not find required classes 'com.azure.search.documents.indexes.SearchIndexClient', 'org.springframework.ai.vectorstore.azure.AzureVectorStore' (OnClassCondition)

   BatchAutoConfiguration:
      Did not match:
         - @ConditionalOnClass did not find required class 'org.springframework.batch.core.launch.JobLauncher' (OnClassCondition)

   BatchObservationAutoConfiguration:
      Did not match:
         - @ConditionalOnClass did not find required class 'org.springframework.batch.core.configuration.annotation.BatchObservabilityBeanPostProcessor' (OnClassCondition)

   BedrockAi21Jurassic2ChatAutoConfiguration:
      Did not match:
         - @ConditionalOnClass did not find required class 'org.springframework.ai.bedrock.jurassic2.api.Ai21Jurassic2ChatBedrockApi' (OnClassCondition)

   BedrockAnthropic3ChatAutoConfiguration:
      Did not match:
         - @ConditionalOnClass did not find required class 'org.springframework.ai.bedrock.anthropic3.api.Anthropic3ChatBedrockApi' (OnClassCondition)

   BedrockAnthropicChatAutoConfiguration:
      Did not match:
         - @ConditionalOnClass did not find required class 'org.springframework.ai.bedrock.anthropic.api.AnthropicChatBedrockApi' (OnClassCondition)

   BedrockCohereChatAutoConfiguration:
      Did not match:
         - @ConditionalOnClass did not find required class 'org.springframework.ai.bedrock.cohere.api.CohereChatBedrockApi' (OnClassCondition)

   BedrockCohereEmbeddingAutoConfiguration:
      Did not match:
         - @ConditionalOnClass did not find required class 'org.springframework.ai.bedrock.cohere.api.CohereEmbeddingBedrockApi' (OnClassCondition)

   BedrockConverseProxyChatAutoConfiguration:
      Did not match:
         - @ConditionalOnClass did not find required classes 'org.springframework.ai.bedrock.converse.BedrockProxyChatModel', 'software.amazon.awssdk.services.bedrockruntime.BedrockRuntimeClient', 'software.amazon.awssdk.services.bedrockruntime.BedrockRuntimeAsyncClient' (OnClassCondition)

   BedrockLlamaChatAutoConfiguration:
      Did not match:
         - @ConditionalOnClass did not find required class 'org.springframework.ai.bedrock.llama.api.LlamaChatBedrockApi' (OnClassCondition)

   BedrockTitanChatAutoConfiguration:
      Did not match:
         - @ConditionalOnClass did not find required class 'org.springframework.ai.bedrock.titan.api.TitanChatBedrockApi' (OnClassCondition)

   BedrockTitanEmbeddingAutoConfiguration:
      Did not match:
         - @ConditionalOnClass did not find required class 'org.springframework.ai.bedrock.titan.api.TitanEmbeddingBedrockApi' (OnClassCondition)

   BraveAutoConfiguration:
      Did not match:
         - @ConditionalOnClass did not find required class 'brave.Tracer' (OnClassCondition)

   Cache2kCacheConfiguration:
      Did not match:
         - @ConditionalOnClass did not find required class 'org.cache2k.Cache2kBuilder' (OnClassCondition)

   CacheAutoConfiguration:
      Did not match:
         - @ConditionalOnMissingBean (names: cacheResolver types: org.springframework.cache.CacheManager; SearchStrategy: all) found beans of type 'org.springframework.cache.CacheManager' cacheManager (OnBeanCondition)
      Matched:
         - @ConditionalOnClass found required class 'org.springframework.cache.CacheManager' (OnClassCondition)

   CacheAutoConfiguration.CacheManagerEntityManagerFactoryDependsOnPostProcessor:
      Did not match:
         - @ConditionalOnClass did not find required class 'org.springframework.orm.jpa.LocalContainerEntityManagerFactoryBean' (OnClassCondition)
         - Ancestor org.springframework.boot.autoconfigure.cache.CacheAutoConfiguration did not match (ConditionEvaluationReport.AncestorsMatchedCondition)

   CacheMeterBinderProvidersConfiguration.Cache2kCacheMeterBinderProviderConfiguration:
      Did not match:
         - @ConditionalOnClass did not find required classes 'org.cache2k.Cache2kBuilder', 'org.cache2k.extra.spring.SpringCache2kCache', 'org.cache2k.extra.micrometer.Cache2kCacheMetrics' (OnClassCondition)

   CacheMeterBinderProvidersConfiguration.HazelcastCacheMeterBinderProviderConfiguration:
      Did not match:
         - @ConditionalOnClass did not find required classes 'com.hazelcast.spring.cache.HazelcastCache', 'com.hazelcast.core.Hazelcast' (OnClassCondition)

   CacheMeterBinderProvidersConfiguration.JCacheCacheMeterBinderProviderConfiguration:
      Did not match:
         - @ConditionalOnClass did not find required class 'javax.cache.CacheManager' (OnClassCondition)

   CacheMeterBinderProvidersConfiguration.RedisCacheMeterBinderProviderConfiguration:
      Did not match:
         - @ConditionalOnClass did not find required class 'org.springframework.data.redis.cache.RedisCache' (OnClassCondition)

   CachesEndpointAutoConfiguration#cachesEndpointWebExtension:
      Did not match:
         - @ConditionalOnAvailableEndpoint not exposed (OnAvailableEndpointCondition)
      Matched:
         - @ConditionalOnBean (types: org.springframework.boot.actuate.cache.CachesEndpoint; SearchStrategy: all) found bean 'cachesEndpoint'; @ConditionalOnMissingBean (types: org.springframework.boot.actuate.cache.CachesEndpointWebExtension; SearchStrategy: all) did not find any beans (OnBeanCondition)

   CassandraAutoConfiguration:
      Did not match:
         - @ConditionalOnClass did not find required class 'com.datastax.oss.driver.api.core.CqlSession' (OnClassCondition)

   CassandraChatMemoryAutoConfiguration:
      Did not match:
         - @ConditionalOnClass did not find required classes 'org.springframework.ai.chat.memory.cassandra.CassandraChatMemory', 'com.datastax.oss.driver.api.core.CqlSession' (OnClassCondition)

   CassandraDataAutoConfiguration:
      Did not match:
         - @ConditionalOnClass did not find required class 'com.datastax.oss.driver.api.core.CqlSession' (OnClassCondition)

   CassandraHealthContributorAutoConfiguration:
      Did not match:
         - @ConditionalOnClass did not find required class 'com.datastax.oss.driver.api.core.CqlSession' (OnClassCondition)

   CassandraReactiveDataAutoConfiguration:
      Did not match:
         - @ConditionalOnClass did not find required class 'com.datastax.oss.driver.api.core.CqlSession' (OnClassCondition)

   CassandraReactiveHealthContributorAutoConfiguration:
      Did not match:
         - @ConditionalOnClass did not find required class 'com.datastax.oss.driver.api.core.CqlSession' (OnClassCondition)

   CassandraReactiveRepositoriesAutoConfiguration:
      Did not match:
         - @ConditionalOnClass did not find required class 'org.springframework.data.cassandra.ReactiveSession' (OnClassCondition)

   CassandraRepositoriesAutoConfiguration:
      Did not match:
         - @ConditionalOnClass did not find required class 'com.datastax.oss.driver.api.core.CqlSession' (OnClassCondition)

   CassandraVectorStoreAutoConfiguration:
      Did not match:
         - @ConditionalOnClass did not find required classes 'org.springframework.ai.vectorstore.cassandra.CassandraVectorStore', 'com.datastax.oss.driver.api.core.CqlSession' (OnClassCondition)

   ChatClientAutoConfiguration#chatClientInputContentObservationFilter:
      Did not match:
         - @ConditionalOnProperty (spring.ai.chat.client.observations.include-input=true) did not find property 'include-input' (OnPropertyCondition)

   ChatObservationAutoConfiguration.FallbackChatContentObservationConfiguration#chatModelCompletionObservationFilter:
      Did not match:
         - @ConditionalOnProperty (spring.ai.chat.observations.include-completion=true) did not find property 'include-completion' (OnPropertyCondition)

   ChatObservationAutoConfiguration.FallbackChatContentObservationConfiguration#chatModelPromptObservationFilter:
      Did not match:
         - @ConditionalOnProperty (spring.ai.chat.observations.include-prompt=true) did not find property 'include-prompt' (OnPropertyCondition)

   ChatObservationAutoConfiguration.PrimaryChatContentObservationConfiguration:
      Did not match:
         - @ConditionalOnClass did not find required class 'io.micrometer.tracing.otel.bridge.OtelTracer' (OnClassCondition)

   ChatObservationAutoConfiguration.TracingChatContentObservationConfiguration:
      Did not match:
         - @ConditionalOnClass did not find required class 'io.micrometer.tracing.Tracer' (OnClassCondition)

   ChromaVectorStoreAutoConfiguration:
      Did not match:
         - @ConditionalOnClass did not find required class 'org.springframework.ai.chroma.vectorstore.ChromaVectorStore' (OnClassCondition)

   CloudFoundryActuatorAutoConfiguration:
      Did not match:
         - @ConditionalOnCloudPlatform did not find CLOUD_FOUNDRY (OnCloudPlatformCondition)
      Matched:
         - @ConditionalOnClass found required class 'org.springframework.web.servlet.DispatcherServlet' (OnClassCondition)
         - found 'session' scope (OnWebApplicationCondition)
         - @ConditionalOnBooleanProperty (management.cloudfoundry.enabled=true) matched (OnPropertyCondition)

   CompositeMeterRegistryConfiguration:
      Did not match:
         - NoneNestedConditions 1 matched 1 did not; NestedCondition on CompositeMeterRegistryConfiguration.MultipleNonPrimaryMeterRegistriesCondition.SingleInjectableMeterRegistry @ConditionalOnSingleCandidate (types: io.micrometer.core.instrument.MeterRegistry; SearchStrategy: all) found a single bean 'simpleMeterRegistry'; NestedCondition on CompositeMeterRegistryConfiguration.MultipleNonPrimaryMeterRegistriesCondition.NoMeterRegistryCondition @ConditionalOnMissingBean (types: io.micrometer.core.instrument.MeterRegistry; SearchStrategy: all) found beans of type 'io.micrometer.core.instrument.MeterRegistry' simpleMeterRegistry (CompositeMeterRegistryConfiguration.MultipleNonPrimaryMeterRegistriesCondition)

   ConfigurationPropertiesReportEndpointAutoConfiguration#configurationPropertiesReportEndpointWebExtension:
      Did not match:
         - @ConditionalOnAvailableEndpoint not exposed (OnAvailableEndpointCondition)
      Matched:
         - @ConditionalOnBean (types: org.springframework.boot.actuate.context.properties.ConfigurationPropertiesReportEndpoint; SearchStrategy: all) found bean 'configurationPropertiesReportEndpoint'; @ConditionalOnMissingBean (types: org.springframework.boot.actuate.context.properties.ConfigurationPropertiesReportEndpointWebExtension; SearchStrategy: all) did not find any beans (OnBeanCondition)

   ConnectionFactoryHealthContributorAutoConfiguration:
      Did not match:
         - @ConditionalOnClass did not find required class 'io.r2dbc.spi.ConnectionFactory' (OnClassCondition)

   ConnectionPoolMetricsAutoConfiguration:
      Did not match:
         - @ConditionalOnClass did not find required class 'io.r2dbc.pool.ConnectionPool' (OnClassCondition)

   CosmosDBVectorStoreAutoConfiguration:
      Did not match:
         - @ConditionalOnClass did not find required classes 'org.springframework.ai.vectorstore.cosmosdb.CosmosDBVectorStore', 'com.azure.cosmos.CosmosAsyncClient' (OnClassCondition)

   CouchbaseAutoConfiguration:
      Did not match:
         - @ConditionalOnClass did not find required class 'com.couchbase.client.java.Cluster' (OnClassCondition)

   CouchbaseCacheConfiguration:
      Did not match:
         - @ConditionalOnClass did not find required class 'com.couchbase.client.java.Cluster' (OnClassCondition)

   CouchbaseDataAutoConfiguration:
      Did not match:
         - @ConditionalOnClass did not find required class 'com.couchbase.client.java.Bucket' (OnClassCondition)

   CouchbaseHealthContributorAutoConfiguration:
      Did not match:
         - @ConditionalOnClass did not find required class 'com.couchbase.client.java.Cluster' (OnClassCondition)

   CouchbaseReactiveDataAutoConfiguration:
      Did not match:
         - @ConditionalOnClass did not find required class 'com.couchbase.client.java.Cluster' (OnClassCondition)

   CouchbaseReactiveHealthContributorAutoConfiguration:
      Did not match:
         - @ConditionalOnClass did not find required class 'com.couchbase.client.java.Cluster' (OnClassCondition)

   CouchbaseReactiveRepositoriesAutoConfiguration:
      Did not match:
         - @ConditionalOnClass did not find required class 'com.couchbase.client.java.Cluster' (OnClassCondition)

   CouchbaseRepositoriesAutoConfiguration:
      Did not match:
         - @ConditionalOnClass did not find required class 'com.couchbase.client.java.Bucket' (OnClassCondition)

   DataSourceAutoConfiguration.EmbeddedDatabaseConfiguration:
      Did not match:
         - EmbeddedDataSource spring.datasource.url is set (DataSourceAutoConfiguration.EmbeddedDatabaseCondition)

   DataSourceCheckpointRestoreConfiguration:
      Did not match:
         - @ConditionalOnClass did not find required class 'org.crac.Resource' (OnClassCondition)

   DataSourceConfiguration.Dbcp2:
      Did not match:
         - @ConditionalOnClass did not find required class 'org.apache.commons.dbcp2.BasicDataSource' (OnClassCondition)

   DataSourceConfiguration.Generic:
      Did not match:
         - @ConditionalOnProperty (spring.datasource.type) did not find property 'spring.datasource.type' (OnPropertyCondition)

   DataSourceConfiguration.OracleUcp:
      Did not match:
         - @ConditionalOnClass did not find required classes 'oracle.ucp.jdbc.PoolDataSourceImpl', 'oracle.jdbc.OracleConnection' (OnClassCondition)

   DataSourceConfiguration.Tomcat:
      Did not match:
         - @ConditionalOnClass did not find required class 'org.apache.tomcat.jdbc.pool.DataSource' (OnClassCondition)

   DataSourceJmxConfiguration.TomcatDataSourceJmxConfiguration:
      Did not match:
         - @ConditionalOnClass did not find required class 'org.apache.tomcat.jdbc.pool.DataSourceProxy' (OnClassCondition)

   DataSourcePoolMetadataProvidersConfiguration.CommonsDbcp2PoolDataSourceMetadataProviderConfiguration:
      Did not match:
         - @ConditionalOnClass did not find required class 'org.apache.commons.dbcp2.BasicDataSource' (OnClassCondition)

   DataSourcePoolMetadataProvidersConfiguration.OracleUcpPoolDataSourceMetadataProviderConfiguration:
      Did not match:
         - @ConditionalOnClass did not find required classes 'oracle.ucp.jdbc.PoolDataSource', 'oracle.jdbc.OracleConnection' (OnClassCondition)

   DataSourcePoolMetadataProvidersConfiguration.TomcatDataSourcePoolMetadataProviderConfiguration:
      Did not match:
         - @ConditionalOnClass did not find required class 'org.apache.tomcat.jdbc.pool.DataSource' (OnClassCondition)

   DatadogMetricsExportAutoConfiguration:
      Did not match:
         - @ConditionalOnClass did not find required class 'io.micrometer.datadog.DatadogMeterRegistry' (OnClassCondition)

   DispatcherServletAutoConfiguration.DispatcherServletConfiguration#multipartResolver:
      Did not match:
         - @ConditionalOnBean (types: org.springframework.web.multipart.MultipartResolver; SearchStrategy: all) did not find any beans of type org.springframework.web.multipart.MultipartResolver (OnBeanCondition)

   DynatraceMetricsExportAutoConfiguration:
      Did not match:
         - @ConditionalOnClass did not find required class 'io.micrometer.dynatrace.DynatraceMeterRegistry' (OnClassCondition)

   ElasticMetricsExportAutoConfiguration:
      Did not match:
         - @ConditionalOnClass did not find required class 'io.micrometer.elastic.ElasticMeterRegistry' (OnClassCondition)

   ElasticsearchClientAutoConfiguration:
      Did not match:
         - @ConditionalOnClass did not find required class 'co.elastic.clients.elasticsearch.ElasticsearchClient' (OnClassCondition)

   ElasticsearchDataAutoConfiguration:
      Did not match:
         - @ConditionalOnClass did not find required class 'org.springframework.data.elasticsearch.client.elc.ElasticsearchTemplate' (OnClassCondition)

   ElasticsearchReactiveHealthContributorAutoConfiguration:
      Did not match:
         - @ConditionalOnClass did not find required class 'org.springframework.data.elasticsearch.client.elc.ReactiveElasticsearchClient' (OnClassCondition)

   ElasticsearchRepositoriesAutoConfiguration:
      Did not match:
         - @ConditionalOnClass did not find required class 'org.springframework.data.elasticsearch.repository.ElasticsearchRepository' (OnClassCondition)

   ElasticsearchRestClientAutoConfiguration:
      Did not match:
         - @ConditionalOnClass did not find required class 'org.elasticsearch.client.RestClientBuilder' (OnClassCondition)

   ElasticsearchRestHealthContributorAutoConfiguration:
      Did not match:
         - @ConditionalOnClass did not find required class 'org.elasticsearch.client.RestClient' (OnClassCondition)

   ElasticsearchVectorStoreAutoConfiguration:
      Did not match:
         - @ConditionalOnClass did not find required classes 'org.springframework.ai.vectorstore.elasticsearch.ElasticsearchVectorStore', 'org.elasticsearch.client.RestClient' (OnClassCondition)

   EmbeddedLdapAutoConfiguration:
      Did not match:
         - @ConditionalOnClass did not find required class 'com.unboundid.ldap.listener.InMemoryDirectoryServer' (OnClassCondition)

   EmbeddedWebServerFactoryCustomizerAutoConfiguration.JettyWebServerFactoryCustomizerConfiguration:
      Did not match:
         - @ConditionalOnClass did not find required classes 'org.eclipse.jetty.server.Server', 'org.eclipse.jetty.util.Loader', 'org.eclipse.jetty.ee10.webapp.WebAppContext' (OnClassCondition)

   EmbeddedWebServerFactoryCustomizerAutoConfiguration.TomcatWebServerFactoryCustomizerConfiguration#tomcatVirtualThreadsProtocolHandlerCustomizer:
      Did not match:
         - @ConditionalOnThreading did not find VIRTUAL (OnThreadingCondition)

   EmbeddedWebServerFactoryCustomizerAutoConfiguration.UndertowWebServerFactoryCustomizerConfiguration:
      Did not match:
         - @ConditionalOnClass did not find required classes 'io.undertow.Undertow', 'org.xnio.SslClientAuthMode' (OnClassCondition)

   EnvironmentEndpointAutoConfiguration#environmentEndpointWebExtension:
      Did not match:
         - @ConditionalOnAvailableEndpoint not exposed (OnAvailableEndpointCondition)
      Matched:
         - @ConditionalOnBean (types: org.springframework.boot.actuate.env.EnvironmentEndpoint; SearchStrategy: all) found bean 'environmentEndpoint'; @ConditionalOnMissingBean (types: org.springframework.boot.actuate.env.EnvironmentEndpointWebExtension; SearchStrategy: all) did not find any beans (OnBeanCondition)

   ErrorWebFluxAutoConfiguration:
      Did not match:
         - not a reactive web application (OnWebApplicationCondition)
      Matched:
         - @ConditionalOnClass found required class 'org.springframework.web.reactive.config.WebFluxConfigurer' (OnClassCondition)

   FlywayAutoConfiguration:
      Did not match:
         - @ConditionalOnClass did not find required class 'org.flywaydb.core.Flyway' (OnClassCondition)

   FlywayEndpointAutoConfiguration:
      Did not match:
         - @ConditionalOnClass did not find required class 'org.flywaydb.core.Flyway' (OnClassCondition)

   FreeMarkerAutoConfiguration:
      Did not match:
         - @ConditionalOnClass did not find required class 'freemarker.template.Configuration' (OnClassCondition)

   GangliaMetricsExportAutoConfiguration:
      Did not match:
         - @ConditionalOnClass did not find required class 'io.micrometer.ganglia.GangliaMeterRegistry' (OnClassCondition)

   GemFireVectorStoreAutoConfiguration:
      Did not match:
         - @ConditionalOnClass did not find required class 'org.springframework.ai.vectorstore.gemfire.GemFireVectorStore' (OnClassCondition)

   GraphQlAutoConfiguration:
      Did not match:
         - @ConditionalOnClass did not find required class 'graphql.GraphQL' (OnClassCondition)

   GraphQlObservationAutoConfiguration:
      Did not match:
         - @ConditionalOnClass did not find required class 'graphql.GraphQL' (OnClassCondition)

   GraphQlQueryByExampleAutoConfiguration:
      Did not match:
         - @ConditionalOnClass did not find required class 'graphql.GraphQL' (OnClassCondition)

   GraphQlQuerydslAutoConfiguration:
      Did not match:
         - @ConditionalOnClass did not find required class 'com.querydsl.core.Query' (OnClassCondition)

   GraphQlRSocketAutoConfiguration:
      Did not match:
         - @ConditionalOnClass did not find required class 'graphql.GraphQL' (OnClassCondition)

   GraphQlReactiveQueryByExampleAutoConfiguration:
      Did not match:
         - @ConditionalOnClass did not find required class 'graphql.GraphQL' (OnClassCondition)

   GraphQlReactiveQuerydslAutoConfiguration:
      Did not match:
         - @ConditionalOnClass did not find required class 'com.querydsl.core.Query' (OnClassCondition)

   GraphQlWebFluxAutoConfiguration:
      Did not match:
         - @ConditionalOnClass did not find required class 'graphql.GraphQL' (OnClassCondition)

   GraphQlWebFluxSecurityAutoConfiguration:
      Did not match:
         - @ConditionalOnClass did not find required class 'graphql.GraphQL' (OnClassCondition)

   GraphQlWebMvcAutoConfiguration:
      Did not match:
         - @ConditionalOnClass did not find required class 'graphql.GraphQL' (OnClassCondition)

   GraphQlWebMvcSecurityAutoConfiguration:
      Did not match:
         - @ConditionalOnClass did not find required class 'graphql.GraphQL' (OnClassCondition)

   GraphiteMetricsExportAutoConfiguration:
      Did not match:
         - @ConditionalOnClass did not find required class 'io.micrometer.graphite.GraphiteMeterRegistry' (OnClassCondition)

   GroovyTemplateAutoConfiguration:
      Did not match:
         - @ConditionalOnClass did not find required class 'groovy.text.markup.MarkupTemplateEngine' (OnClassCondition)

   GsonHttpMessageConvertersConfiguration.GsonHttpMessageConverterConfiguration:
      Did not match:
         - AnyNestedCondition 0 matched 2 did not; NestedCondition on GsonHttpMessageConvertersConfiguration.PreferGsonOrJacksonAndJsonbUnavailableCondition.JacksonJsonbUnavailable NoneNestedConditions 1 matched 1 did not; NestedCondition on GsonHttpMessageConvertersConfiguration.JacksonAndJsonbUnavailableCondition.JsonbPreferred @ConditionalOnPreferredJsonMapper JSONB no property was configured and Jackson is the default; NestedCondition on GsonHttpMessageConvertersConfiguration.JacksonAndJsonbUnavailableCondition.JacksonAvailable @ConditionalOnBean (types: org.springframework.http.converter.json.MappingJackson2HttpMessageConverter; SearchStrategy: all) found bean 'mappingJackson2HttpMessageConverter'; NestedCondition on GsonHttpMessageConvertersConfiguration.PreferGsonOrJacksonAndJsonbUnavailableCondition.GsonPreferred @ConditionalOnPreferredJsonMapper GSON no property was configured and Jackson is the default (GsonHttpMessageConvertersConfiguration.PreferGsonOrJacksonAndJsonbUnavailableCondition)

   H2ConsoleAutoConfiguration:
      Did not match:
         - @ConditionalOnClass did not find required class 'org.h2.server.web.JakartaWebServlet' (OnClassCondition)

   HanaCloudVectorStoreAutoConfiguration:
      Did not match:
         - @ConditionalOnClass did not find required classes 'org.springframework.ai.vectorstore.hanadb.HanaCloudVectorStore', 'org.springframework.ai.vectorstore.hanadb.HanaVectorEntity' (OnClassCondition)

   HazelcastAutoConfiguration:
      Did not match:
         - @ConditionalOnClass did not find required class 'com.hazelcast.core.HazelcastInstance' (OnClassCondition)

   HazelcastCacheConfiguration:
      Did not match:
         - @ConditionalOnClass did not find required class 'com.hazelcast.core.HazelcastInstance' (OnClassCondition)

   HazelcastHealthContributorAutoConfiguration:
      Did not match:
         - @ConditionalOnClass did not find required class 'com.hazelcast.core.HazelcastInstance' (OnClassCondition)

   HazelcastJpaDependencyAutoConfiguration:
      Did not match:
         - @ConditionalOnClass did not find required class 'com.hazelcast.core.HazelcastInstance' (OnClassCondition)

   HealthEndpointReactiveWebExtensionConfiguration:
      Did not match:
         - not a reactive web application (OnWebApplicationCondition)

   HealthEndpointWebExtensionConfiguration.JerseyAdditionalHealthEndpointPathsConfiguration:
      Did not match:
         - @ConditionalOnClass did not find required class 'org.glassfish.jersey.server.ResourceConfig' (OnClassCondition)

   HeapDumpWebEndpointAutoConfiguration:
      Did not match:
         - @ConditionalOnAvailableEndpoint the configured access for endpoint 'heapdump' is NONE (OnAvailableEndpointCondition)

   HibernateJpaAutoConfiguration:
      Did not match:
         - @ConditionalOnClass did not find required class 'jakarta.persistence.EntityManager' (OnClassCondition)

   HibernateMetricsAutoConfiguration:
      Did not match:
         - @ConditionalOnClass did not find required class 'jakarta.persistence.EntityManagerFactory' (OnClassCondition)

   HttpExchangesAutoConfiguration:
      Did not match:
         - @ConditionalOnBean (types: org.springframework.boot.actuate.web.exchanges.HttpExchangeRepository; SearchStrategy: all) did not find any beans of type org.springframework.boot.actuate.web.exchanges.HttpExchangeRepository (OnBeanCondition)
      Matched:
         - @ConditionalOnWebApplication (required) found 'session' scope (OnWebApplicationCondition)
         - @ConditionalOnBooleanProperty (management.httpexchanges.recording.enabled=true) matched (OnPropertyCondition)

   HttpExchangesAutoConfiguration.ReactiveHttpExchangesConfiguration:
      Did not match:
         - not a reactive web application (OnWebApplicationCondition)
         - Ancestor org.springframework.boot.actuate.autoconfigure.web.exchanges.HttpExchangesAutoConfiguration did not match (ConditionEvaluationReport.AncestorsMatchedCondition)

   HttpExchangesAutoConfiguration.ServletHttpExchangesConfiguration:
      Did not match:
         - Ancestor org.springframework.boot.actuate.autoconfigure.web.exchanges.HttpExchangesAutoConfiguration did not match (ConditionEvaluationReport.AncestorsMatchedCondition)
      Matched:
         - found 'session' scope (OnWebApplicationCondition)

   HttpExchangesEndpointAutoConfiguration#httpExchangesEndpoint:
      Did not match:
         - @ConditionalOnBean (types: org.springframework.boot.actuate.web.exchanges.HttpExchangeRepository; SearchStrategy: all) did not find any beans of type org.springframework.boot.actuate.web.exchanges.HttpExchangeRepository (OnBeanCondition)

   HttpHandlerAutoConfiguration:
      Did not match:
         - not a reactive web application (OnWebApplicationCondition)
      Matched:
         - @ConditionalOnClass found required classes 'org.springframework.web.reactive.DispatcherHandler', 'org.springframework.http.server.reactive.HttpHandler' (OnClassCondition)

   HuggingfaceChatAutoConfiguration:
      Did not match:
         - @ConditionalOnClass did not find required class 'org.springframework.ai.huggingface.HuggingfaceChatModel' (OnClassCondition)

   HumioMetricsExportAutoConfiguration:
      Did not match:
         - @ConditionalOnClass did not find required class 'io.micrometer.humio.HumioMeterRegistry' (OnClassCondition)

   HypermediaAutoConfiguration:
      Did not match:
         - @ConditionalOnClass did not find required class 'org.springframework.hateoas.EntityModel' (OnClassCondition)

   ImageObservationAutoConfiguration#imageModelPromptObservationFilter:
      Did not match:
         - @ConditionalOnProperty (spring.ai.image.observations.include-prompt=true) did not find property 'include-prompt' (OnPropertyCondition)

   InfinispanCacheConfiguration:
      Did not match:
         - @ConditionalOnClass did not find required class 'org.infinispan.spring.embedded.provider.SpringEmbeddedCacheManager' (OnClassCondition)

   InfluxMetricsExportAutoConfiguration:
      Did not match:
         - @ConditionalOnClass did not find required class 'io.micrometer.influx.InfluxMeterRegistry' (OnClassCondition)

   InfoContributorAutoConfiguration#buildInfoContributor:
      Did not match:
         - @ConditionalOnSingleCandidate (types: org.springframework.boot.info.BuildProperties; SearchStrategy: all) did not find any beans (OnBeanCondition)
      Matched:
         - @ConditionalOnEnabledInfoContributor management.info.defaults.enabled is considered true (OnEnabledInfoContributorCondition)

   InfoContributorAutoConfiguration#envInfoContributor:
      Did not match:
         - @ConditionalOnEnabledInfoContributor management.info.env.enabled is not true (OnEnabledInfoContributorCondition)

   InfoContributorAutoConfiguration#gitInfoContributor:
      Did not match:
         - @ConditionalOnSingleCandidate (types: org.springframework.boot.info.GitProperties; SearchStrategy: all) did not find any beans (OnBeanCondition)
      Matched:
         - @ConditionalOnEnabledInfoContributor management.info.defaults.enabled is considered true (OnEnabledInfoContributorCondition)

   InfoContributorAutoConfiguration#javaInfoContributor:
      Did not match:
         - @ConditionalOnEnabledInfoContributor management.info.java.enabled is not true (OnEnabledInfoContributorCondition)

   InfoContributorAutoConfiguration#osInfoContributor:
      Did not match:
         - @ConditionalOnEnabledInfoContributor management.info.os.enabled is not true (OnEnabledInfoContributorCondition)

   InfoContributorAutoConfiguration#processInfoContributor:
      Did not match:
         - @ConditionalOnEnabledInfoContributor management.info.process.enabled is not true (OnEnabledInfoContributorCondition)

   InfoContributorAutoConfiguration#sslInfo:
      Did not match:
         - @ConditionalOnEnabledInfoContributor management.info.ssl.enabled is not true (OnEnabledInfoContributorCondition)
      Matched:
         - @ConditionalOnMissingBean (types: org.springframework.boot.info.SslInfo; SearchStrategy: all) did not find any beans (OnBeanCondition)

   InfoContributorAutoConfiguration#sslInfoContributor:
      Did not match:
         - @ConditionalOnEnabledInfoContributor management.info.ssl.enabled is not true (OnEnabledInfoContributorCondition)

   IntegrationAutoConfiguration:
      Did not match:
         - @ConditionalOnClass did not find required class 'org.springframework.integration.config.EnableIntegration' (OnClassCondition)

   IntegrationGraphEndpointAutoConfiguration:
      Did not match:
         - @ConditionalOnClass did not find required class 'org.springframework.integration.graph.IntegrationGraphServer' (OnClassCondition)

   JCacheCacheConfiguration:
      Did not match:
         - @ConditionalOnClass did not find required class 'javax.cache.Caching' (OnClassCondition)

   JacksonHttpMessageConvertersConfiguration.MappingJackson2XmlHttpMessageConverterConfiguration:
      Did not match:
         - @ConditionalOnClass did not find required class 'com.fasterxml.jackson.dataformat.xml.XmlMapper' (OnClassCondition)

   JdbcRepositoriesAutoConfiguration:
      Did not match:
         - @ConditionalOnClass did not find required class 'org.springframework.data.jdbc.repository.config.AbstractJdbcConfiguration' (OnClassCondition)

   JerseyAutoConfiguration:
      Did not match:
         - @ConditionalOnClass did not find required class 'org.glassfish.jersey.server.spring.SpringComponentProvider' (OnClassCondition)

   JerseySameManagementContextConfiguration:
      Did not match:
         - @ConditionalOnClass did not find required class 'org.glassfish.jersey.server.ResourceConfig' (OnClassCondition)

   JerseyServerMetricsAutoConfiguration:
      Did not match:
         - @ConditionalOnClass did not find required class 'org.glassfish.jersey.micrometer.server.ObservationApplicationEventListener' (OnClassCondition)

   JerseyWebEndpointManagementContextConfiguration:
      Did not match:
         - @ConditionalOnClass did not find required class 'org.glassfish.jersey.server.ResourceConfig' (OnClassCondition)

   JettyMetricsAutoConfiguration:
      Did not match:
         - @ConditionalOnClass did not find required class 'org.eclipse.jetty.server.Server' (OnClassCondition)

   JmsAutoConfiguration:
      Did not match:
         - @ConditionalOnClass did not find required class 'jakarta.jms.Message' (OnClassCondition)

   JmsHealthContributorAutoConfiguration:
      Did not match:
         - @ConditionalOnClass did not find required class 'jakarta.jms.ConnectionFactory' (OnClassCondition)

   JmxMetricsExportAutoConfiguration:
      Did not match:
         - @ConditionalOnClass did not find required class 'io.micrometer.jmx.JmxMeterRegistry' (OnClassCondition)

   JndiConnectionFactoryAutoConfiguration:
      Did not match:
         - @ConditionalOnClass did not find required class 'org.springframework.jms.core.JmsTemplate' (OnClassCondition)

   JndiDataSourceAutoConfiguration:
      Did not match:
         - @ConditionalOnProperty (spring.datasource.jndi-name) did not find property 'spring.datasource.jndi-name' (OnPropertyCondition)
      Matched:
         - @ConditionalOnClass found required classes 'javax.sql.DataSource', 'org.springframework.jdbc.datasource.embedded.EmbeddedDatabaseType' (OnClassCondition)

   JooqAutoConfiguration:
      Did not match:
         - @ConditionalOnClass did not find required class 'org.jooq.DSLContext' (OnClassCondition)

   JpaRepositoriesAutoConfiguration:
      Did not match:
         - @ConditionalOnClass did not find required class 'org.springframework.data.jpa.repository.JpaRepository' (OnClassCondition)

   JsonbAutoConfiguration:
      Did not match:
         - @ConditionalOnClass did not find required class 'jakarta.json.bind.Jsonb' (OnClassCondition)

   JsonbHttpMessageConvertersConfiguration:
      Did not match:
         - @ConditionalOnClass did not find required class 'jakarta.json.bind.Jsonb' (OnClassCondition)

   JtaAutoConfiguration:
      Did not match:
         - @ConditionalOnClass did not find required class 'jakarta.transaction.Transaction' (OnClassCondition)

   JvmMetricsAutoConfiguration#virtualThreadMetrics:
      Did not match:
         - @ConditionalOnClass did not find required class 'io.micrometer.java21.instrument.binder.jdk.VirtualThreadMetrics' (OnClassCondition)

   KafkaAutoConfiguration:
      Did not match:
         - @ConditionalOnClass did not find required class 'org.springframework.kafka.core.KafkaTemplate' (OnClassCondition)

   KafkaMetricsAutoConfiguration:
      Did not match:
         - @ConditionalOnClass did not find required class 'org.springframework.kafka.core.ProducerFactory' (OnClassCondition)

   KairosMetricsExportAutoConfiguration:
      Did not match:
         - @ConditionalOnClass did not find required class 'io.micrometer.kairos.KairosMeterRegistry' (OnClassCondition)

   LdapAutoConfiguration:
      Did not match:
         - @ConditionalOnClass did not find required class 'org.springframework.ldap.core.ContextSource' (OnClassCondition)

   LdapHealthContributorAutoConfiguration:
      Did not match:
         - @ConditionalOnClass did not find required class 'org.springframework.ldap.core.LdapOperations' (OnClassCondition)

   LdapRepositoriesAutoConfiguration:
      Did not match:
         - @ConditionalOnClass did not find required class 'org.springframework.data.ldap.repository.LdapRepository' (OnClassCondition)

   LettuceMetricsAutoConfiguration:
      Did not match:
         - @ConditionalOnClass did not find required class 'io.lettuce.core.metrics.MicrometerCommandLatencyRecorder' (OnClassCondition)

   LiquibaseAutoConfiguration:
      Did not match:
         - @ConditionalOnClass did not find required class 'liquibase.change.DatabaseChange' (OnClassCondition)

   LiquibaseEndpointAutoConfiguration:
      Did not match:
         - @ConditionalOnClass did not find required class 'liquibase.integration.spring.SpringLiquibase' (OnClassCondition)

   Log4J2MetricsAutoConfiguration:
      Did not match:
         - @ConditionalOnClass did not find required class 'org.apache.logging.log4j.core.LoggerContext' (OnClassCondition)

   LogFileWebEndpointAutoConfiguration#logFileWebEndpoint:
      Did not match:
         - Log File did not find logging file (LogFileWebEndpointAutoConfiguration.LogFileCondition)

   MailHealthContributorAutoConfiguration:
      Did not match:
         - @ConditionalOnBean (types: org.springframework.mail.javamail.JavaMailSenderImpl; SearchStrategy: all) did not find any beans of type org.springframework.mail.javamail.JavaMailSenderImpl (OnBeanCondition)
      Matched:
         - @ConditionalOnClass found required class 'org.springframework.mail.javamail.JavaMailSenderImpl' (OnClassCondition)
         - @ConditionalOnEnabledHealthIndicator management.health.defaults.enabled is considered true (OnEnabledHealthIndicatorCondition)

   MailSenderAutoConfiguration:
      Did not match:
         - AnyNestedCondition 0 matched 2 did not; NestedCondition on MailSenderAutoConfiguration.MailSenderCondition.JndiNameProperty @ConditionalOnProperty (spring.mail.jndi-name) did not find property 'spring.mail.jndi-name'; NestedCondition on MailSenderAutoConfiguration.MailSenderCondition.HostProperty @ConditionalOnProperty (spring.mail.host) did not find property 'spring.mail.host' (MailSenderAutoConfiguration.MailSenderCondition)
      Matched:
         - @ConditionalOnClass found required classes 'jakarta.mail.internet.MimeMessage', 'jakarta.activation.MimeType', 'org.springframework.mail.MailSender' (OnClassCondition)

   MailSenderValidatorAutoConfiguration:
      Did not match:
         - @ConditionalOnBooleanProperty (spring.mail.test-connection=true) did not find property 'spring.mail.test-connection' (OnPropertyCondition)

   ManagementContextAutoConfiguration.DifferentManagementContextConfiguration:
      Did not match:
         - Management Port actual port type (SAME) did not match required type (DIFFERENT) (OnManagementPortCondition)

   ManagementWebSecurityAutoConfiguration:
      Did not match:
         - AllNestedConditions 1 matched 1 did not; NestedCondition on DefaultWebSecurityCondition.Beans @ConditionalOnMissingBean (types: ?; SearchStrategy: all) did not find any beans; NestedCondition on DefaultWebSecurityCondition.Classes @ConditionalOnClass did not find required classes 'org.springframework.security.web.SecurityFilterChain', 'org.springframework.security.config.annotation.web.builders.HttpSecurity' (DefaultWebSecurityCondition)
      Matched:
         - found 'session' scope (OnWebApplicationCondition)

   MappingsEndpointAutoConfiguration.ReactiveWebConfiguration:
      Did not match:
         - not a reactive web application (OnWebApplicationCondition)
      Matched:
         - @ConditionalOnClass found required class 'org.springframework.web.reactive.DispatcherHandler' (OnClassCondition)

   MariaDbStoreAutoConfiguration:
      Did not match:
         - @ConditionalOnClass did not find required class 'org.springframework.ai.vectorstore.mariadb.MariaDBVectorStore' (OnClassCondition)

   MessageSourceAutoConfiguration:
      Did not match:
         - ResourceBundle did not find bundle with basename messages (MessageSourceAutoConfiguration.ResourceBundleCondition)

   MetricsAspectsAutoConfiguration:
      Did not match:
         - @ConditionalOnClass did not find required class 'org.aspectj.weaver.Advice' (OnClassCondition)

   MicrometerTracingAutoConfiguration:
      Did not match:
         - @ConditionalOnClass did not find required class 'io.micrometer.tracing.Tracer' (OnClassCondition)

   MilvusVectorStoreAutoConfiguration:
      Did not match:
         - @ConditionalOnClass did not find required class 'org.springframework.ai.vectorstore.milvus.MilvusVectorStore' (OnClassCondition)

   MiniMaxAutoConfiguration:
      Did not match:
         - @ConditionalOnClass did not find required class 'org.springframework.ai.minimax.api.MiniMaxApi' (OnClassCondition)

   MistralAiAutoConfiguration:
      Did not match:
         - @ConditionalOnClass did not find required class 'org.springframework.ai.mistralai.api.MistralAiApi' (OnClassCondition)

   MongoDBAtlasVectorStoreAutoConfiguration:
      Did not match:
         - @ConditionalOnClass did not find required class 'org.springframework.ai.vectorstore.mongodb.atlas.MongoDBAtlasVectorStore' (OnClassCondition)

   MongoDataAutoConfiguration#mongoConnectionDetails:
      Did not match:
         - @ConditionalOnMissingBean (types: org.springframework.boot.autoconfigure.mongo.MongoConnectionDetails; SearchStrategy: all) found beans of type 'org.springframework.boot.autoconfigure.mongo.MongoConnectionDetails' mongoConnectionDetails (OnBeanCondition)

   MongoReactiveAutoConfiguration:
      Did not match:
         - @ConditionalOnClass did not find required class 'com.mongodb.reactivestreams.client.MongoClient' (OnClassCondition)

   MongoReactiveDataAutoConfiguration:
      Did not match:
         - @ConditionalOnClass did not find required class 'com.mongodb.reactivestreams.client.MongoClient' (OnClassCondition)

   MongoReactiveHealthContributorAutoConfiguration:
      Did not match:
         - @ConditionalOnBean (types: org.springframework.data.mongodb.core.ReactiveMongoTemplate; SearchStrategy: all) did not find any beans of type org.springframework.data.mongodb.core.ReactiveMongoTemplate (OnBeanCondition)
      Matched:
         - @ConditionalOnClass found required classes 'org.springframework.data.mongodb.core.ReactiveMongoTemplate', 'reactor.core.publisher.Flux' (OnClassCondition)
         - @ConditionalOnEnabledHealthIndicator management.health.defaults.enabled is considered true (OnEnabledHealthIndicatorCondition)

   MongoReactiveRepositoriesAutoConfiguration:
      Did not match:
         - @ConditionalOnClass did not find required class 'com.mongodb.reactivestreams.client.MongoClient' (OnClassCondition)

   MoonshotAutoConfiguration:
      Did not match:
         - @ConditionalOnClass did not find required class 'org.springframework.ai.moonshot.api.MoonshotApi' (OnClassCondition)

   MustacheAutoConfiguration:
      Did not match:
         - @ConditionalOnClass did not find required class 'com.samskivert.mustache.Mustache' (OnClassCondition)

   MybatisLanguageDriverAutoConfiguration.FreeMarkerConfiguration:
      Did not match:
         - @ConditionalOnClass did not find required classes 'org.mybatis.scripting.freemarker.FreeMarkerLanguageDriver', 'org.mybatis.scripting.freemarker.FreeMarkerLanguageDriverConfig' (OnClassCondition)

   MybatisLanguageDriverAutoConfiguration.LegacyFreeMarkerConfiguration:
      Did not match:
         - @ConditionalOnClass did not find required class 'org.mybatis.scripting.freemarker.FreeMarkerLanguageDriver' (OnClassCondition)

   MybatisLanguageDriverAutoConfiguration.LegacyVelocityConfiguration:
      Did not match:
         - @ConditionalOnClass did not find required class 'org.mybatis.scripting.velocity.Driver' (OnClassCondition)

   MybatisLanguageDriverAutoConfiguration.ThymeleafConfiguration:
      Did not match:
         - @ConditionalOnClass did not find required class 'org.mybatis.scripting.thymeleaf.ThymeleafLanguageDriver' (OnClassCondition)

   MybatisLanguageDriverAutoConfiguration.VelocityConfiguration:
      Did not match:
         - @ConditionalOnClass did not find required classes 'org.mybatis.scripting.velocity.VelocityLanguageDriver', 'org.mybatis.scripting.velocity.VelocityLanguageDriverConfig' (OnClassCondition)

   Neo4jAutoConfiguration:
      Did not match:
         - @ConditionalOnClass did not find required class 'org.neo4j.driver.Driver' (OnClassCondition)

   Neo4jDataAutoConfiguration:
      Did not match:
         - @ConditionalOnClass did not find required class 'org.neo4j.driver.Driver' (OnClassCondition)

   Neo4jHealthContributorAutoConfiguration:
      Did not match:
         - @ConditionalOnClass did not find required class 'org.neo4j.driver.Driver' (OnClassCondition)

   Neo4jReactiveDataAutoConfiguration:
      Did not match:
         - @ConditionalOnClass did not find required class 'org.neo4j.driver.Driver' (OnClassCondition)

   Neo4jReactiveRepositoriesAutoConfiguration:
      Did not match:
         - @ConditionalOnClass did not find required class 'org.neo4j.driver.Driver' (OnClassCondition)

   Neo4jRepositoriesAutoConfiguration:
      Did not match:
         - @ConditionalOnClass did not find required class 'org.neo4j.driver.Driver' (OnClassCondition)

   Neo4jVectorStoreAutoConfiguration:
      Did not match:
         - @ConditionalOnClass did not find required classes 'org.springframework.ai.vectorstore.neo4j.Neo4jVectorStore', 'org.neo4j.driver.Driver' (OnClassCondition)

   NewRelicMetricsExportAutoConfiguration:
      Did not match:
         - @ConditionalOnClass did not find required class 'io.micrometer.newrelic.NewRelicMeterRegistry' (OnClassCondition)

   NoOpMeterRegistryConfiguration:
      Did not match:
         - @ConditionalOnMissingBean (types: io.micrometer.core.instrument.MeterRegistry; SearchStrategy: all) found beans of type 'io.micrometer.core.instrument.MeterRegistry' simpleMeterRegistry (OnBeanCondition)

   NoopTracerAutoConfiguration:
      Did not match:
         - @ConditionalOnClass did not find required class 'io.micrometer.tracing.Tracer' (OnClassCondition)

   OAuth2AuthorizationServerAutoConfiguration:
      Did not match:
         - @ConditionalOnClass did not find required class 'org.springframework.security.oauth2.server.authorization.OAuth2Authorization' (OnClassCondition)

   OAuth2AuthorizationServerJwtAutoConfiguration:
      Did not match:
         - @ConditionalOnClass did not find required class 'com.nimbusds.jose.jwk.source.JWKSource' (OnClassCondition)

   OAuth2ClientAutoConfiguration:
      Did not match:
         - @ConditionalOnClass did not find required class 'org.springframework.security.oauth2.client.registration.ClientRegistration' (OnClassCondition)

   OAuth2ClientWebSecurityAutoConfiguration:
      Did not match:
         - @ConditionalOnClass did not find required class 'org.springframework.security.config.annotation.web.configuration.EnableWebSecurity' (OnClassCondition)

   OAuth2ResourceServerAutoConfiguration:
      Did not match:
         - @ConditionalOnClass did not find required class 'org.springframework.security.oauth2.server.resource.authentication.BearerTokenAuthenticationToken' (OnClassCondition)

   OCIGenAiAutoConfiguration:
      Did not match:
         - @ConditionalOnClass did not find required classes 'com.oracle.bmc.generativeaiinference.GenerativeAiInferenceClient', 'org.springframework.ai.oci.OCIEmbeddingModel' (OnClassCondition)

   ObservationAutoConfiguration.MeterObservationHandlerConfiguration.TracingAndMetricsObservationHandlerConfiguration:
      Did not match:
         - @ConditionalOnBean did not find required type 'io.micrometer.tracing.Tracer' (OnBeanCondition)
         - @ConditionalOnBean (types: ?; SearchStrategy: all) did not find any beans of type ? (OnBeanCondition)

   ObservationAutoConfiguration.MetricsWithTracingConfiguration:
      Did not match:
         - @ConditionalOnClass did not find required class 'io.micrometer.tracing.Tracer' (OnClassCondition)

   ObservationAutoConfiguration.ObservedAspectConfiguration:
      Did not match:
         - @ConditionalOnClass did not find required class 'org.aspectj.weaver.Advice' (OnClassCondition)

   ObservationAutoConfiguration.OnlyTracingConfiguration:
      Did not match:
         - @ConditionalOnClass did not find required class 'io.micrometer.tracing.Tracer' (OnClassCondition)

   OllamaAutoConfiguration:
      Did not match:
         - @ConditionalOnClass did not find required class 'org.springframework.ai.ollama.api.OllamaApi' (OnClassCondition)

   OpenAiAutoConfiguration:
      Did not match:
         - @ConditionalOnClass did not find required class 'org.springframework.ai.openai.api.OpenAiApi' (OnClassCondition)

   OpenSearchVectorStoreAutoConfiguration:
      Did not match:
         - @ConditionalOnClass did not find required classes 'org.springframework.ai.vectorstore.opensearch.OpenSearchVectorStore', 'org.opensearch.client.opensearch.OpenSearchClient' (OnClassCondition)

   OpenTelemetryAutoConfiguration:
      Did not match:
         - @ConditionalOnClass did not find required class 'io.opentelemetry.sdk.OpenTelemetrySdk' (OnClassCondition)

   OpenTelemetryLoggingAutoConfiguration:
      Did not match:
         - @ConditionalOnClass did not find required class 'io.opentelemetry.api.OpenTelemetry' (OnClassCondition)

   OpenTelemetryTracingAutoConfiguration:
      Did not match:
         - @ConditionalOnClass did not find required class 'io.micrometer.tracing.otel.bridge.OtelTracer' (OnClassCondition)

   OracleVectorStoreAutoConfiguration:
      Did not match:
         - @ConditionalOnClass did not find required class 'org.springframework.ai.vectorstore.oracle.OracleVectorStore' (OnClassCondition)

   OtlpLoggingAutoConfiguration:
      Did not match:
         - @ConditionalOnClass did not find required class 'io.opentelemetry.api.OpenTelemetry' (OnClassCondition)

   OtlpMetricsExportAutoConfiguration:
      Did not match:
         - @ConditionalOnClass did not find required class 'io.micrometer.registry.otlp.OtlpMeterRegistry' (OnClassCondition)

   OtlpTracingAutoConfiguration:
      Did not match:
         - @ConditionalOnClass did not find required class 'io.micrometer.tracing.otel.bridge.OtelTracer' (OnClassCondition)

   PgVectorStoreAutoConfiguration:
      Did not match:
         - @ConditionalOnClass did not find required class 'org.springframework.ai.vectorstore.pgvector.PgVectorStore' (OnClassCondition)

   PineconeVectorStoreAutoConfiguration:
      Did not match:
         - @ConditionalOnClass did not find required class 'org.springframework.ai.vectorstore.pinecone.PineconeVectorStore' (OnClassCondition)

   PostgresMlAutoConfiguration:
      Did not match:
         - @ConditionalOnClass did not find required class 'org.springframework.ai.postgresml.PostgresMlEmbeddingModel' (OnClassCondition)

   ProjectInfoAutoConfiguration#buildProperties:
      Did not match:
         - @ConditionalOnResource did not find resource '${spring.info.build.location:classpath:META-INF/build-info.properties}' (OnResourceCondition)

   ProjectInfoAutoConfiguration#gitProperties:
      Did not match:
         - GitResource did not find git info at classpath:git.properties (ProjectInfoAutoConfiguration.GitResourceAvailableCondition)

   PrometheusExemplarsAutoConfiguration:
      Did not match:
         - @ConditionalOnClass did not find required class 'io.micrometer.tracing.Tracer' (OnClassCondition)

   PrometheusMetricsExportAutoConfiguration:
      Did not match:
         - @ConditionalOnClass did not find required class 'io.micrometer.prometheusmetrics.PrometheusMeterRegistry' (OnClassCondition)

   PulsarAutoConfiguration:
      Did not match:
         - @ConditionalOnClass did not find required class 'org.apache.pulsar.client.api.PulsarClient' (OnClassCondition)

   PulsarReactiveAutoConfiguration:
      Did not match:
         - @ConditionalOnClass did not find required class 'org.apache.pulsar.client.api.PulsarClient' (OnClassCondition)

   QdrantVectorStoreAutoConfiguration:
      Did not match:
         - @ConditionalOnClass did not find required class 'org.springframework.ai.vectorstore.qdrant.QdrantVectorStore' (OnClassCondition)

   QianFanAutoConfiguration:
      Did not match:
         - @ConditionalOnClass did not find required class 'org.springframework.ai.qianfan.api.QianFanApi' (OnClassCondition)

   QuartzAutoConfiguration:
      Did not match:
         - @ConditionalOnClass did not find required class 'org.quartz.Scheduler' (OnClassCondition)

   QuartzEndpointAutoConfiguration:
      Did not match:
         - @ConditionalOnClass did not find required class 'org.quartz.Scheduler' (OnClassCondition)

   R2dbcAutoConfiguration:
      Did not match:
         - @ConditionalOnClass did not find required class 'io.r2dbc.spi.ConnectionFactory' (OnClassCondition)

   R2dbcDataAutoConfiguration:
      Did not match:
         - @ConditionalOnClass did not find required class 'org.springframework.data.r2dbc.core.R2dbcEntityTemplate' (OnClassCondition)

   R2dbcInitializationConfiguration:
      Did not match:
         - @ConditionalOnClass did not find required classes 'io.r2dbc.spi.ConnectionFactory', 'org.springframework.r2dbc.connection.init.DatabasePopulator' (OnClassCondition)

   R2dbcObservationAutoConfiguration:
      Did not match:
         - @ConditionalOnClass did not find required class 'io.r2dbc.proxy.ProxyConnectionFactory' (OnClassCondition)

   R2dbcProxyAutoConfiguration:
      Did not match:
         - @ConditionalOnClass did not find required class 'io.r2dbc.proxy.ProxyConnectionFactory' (OnClassCondition)

   R2dbcRepositoriesAutoConfiguration:
      Did not match:
         - @ConditionalOnClass did not find required class 'io.r2dbc.spi.ConnectionFactory' (OnClassCondition)

   R2dbcTransactionManagerAutoConfiguration:
      Did not match:
         - @ConditionalOnClass did not find required class 'org.springframework.r2dbc.connection.R2dbcTransactionManager' (OnClassCondition)

   RSocketGraphQlClientAutoConfiguration:
      Did not match:
         - @ConditionalOnClass did not find required class 'graphql.GraphQL' (OnClassCondition)

   RSocketMessagingAutoConfiguration:
      Did not match:
         - @ConditionalOnClass did not find required class 'io.rsocket.RSocket' (OnClassCondition)

   RSocketRequesterAutoConfiguration:
      Did not match:
         - @ConditionalOnClass did not find required class 'io.rsocket.RSocket' (OnClassCondition)

   RSocketSecurityAutoConfiguration:
      Did not match:
         - @ConditionalOnClass did not find required class 'org.springframework.security.rsocket.core.SecuritySocketAcceptorInterceptor' (OnClassCondition)

   RSocketServerAutoConfiguration:
      Did not match:
         - @ConditionalOnClass did not find required class 'io.rsocket.core.RSocketServer' (OnClassCondition)

   RSocketStrategiesAutoConfiguration:
      Did not match:
         - @ConditionalOnClass did not find required class 'io.rsocket.RSocket' (OnClassCondition)

   RabbitAutoConfiguration:
      Did not match:
         - @ConditionalOnClass did not find required class 'com.rabbitmq.client.Channel' (OnClassCondition)

   RabbitHealthContributorAutoConfiguration:
      Did not match:
         - @ConditionalOnClass did not find required class 'org.springframework.amqp.rabbit.core.RabbitTemplate' (OnClassCondition)

   RabbitMetricsAutoConfiguration:
      Did not match:
         - @ConditionalOnClass did not find required class 'com.rabbitmq.client.ConnectionFactory' (OnClassCondition)

   ReactiveCloudFoundryActuatorAutoConfiguration:
      Did not match:
         - not a reactive web application (OnWebApplicationCondition)

   ReactiveElasticsearchClientAutoConfiguration:
      Did not match:
         - @ConditionalOnClass did not find required class 'co.elastic.clients.transport.ElasticsearchTransport' (OnClassCondition)

   ReactiveElasticsearchRepositoriesAutoConfiguration:
      Did not match:
         - @ConditionalOnClass did not find required class 'org.springframework.data.elasticsearch.client.elc.ReactiveElasticsearchClient' (OnClassCondition)

   ReactiveManagementContextAutoConfiguration:
      Did not match:
         - not a reactive web application (OnWebApplicationCondition)
      Matched:
         - @ConditionalOnClass found required class 'reactor.core.publisher.Flux' (OnClassCondition)

   ReactiveManagementWebSecurityAutoConfiguration:
      Did not match:
         - @ConditionalOnClass did not find required class 'org.springframework.security.config.annotation.web.reactive.EnableWebFluxSecurity' (OnClassCondition)

   ReactiveMultipartAutoConfiguration:
      Did not match:
         - not a reactive web application (OnWebApplicationCondition)
      Matched:
         - @ConditionalOnClass found required classes 'org.springframework.http.codec.multipart.DefaultPartHttpMessageReader', 'org.springframework.web.reactive.config.WebFluxConfigurer' (OnClassCondition)

   ReactiveOAuth2ClientAutoConfiguration:
      Did not match:
         - @ConditionalOnClass did not find required class 'org.springframework.security.oauth2.client.registration.ClientRegistration' (OnClassCondition)

   ReactiveOAuth2ClientWebSecurityAutoConfiguration:
      Did not match:
         - @ConditionalOnClass did not find required class 'org.springframework.security.config.annotation.web.reactive.EnableWebFluxSecurity' (OnClassCondition)

   ReactiveOAuth2ResourceServerAutoConfiguration:
      Did not match:
         - @ConditionalOnClass did not find required class 'org.springframework.security.config.annotation.web.reactive.EnableWebFluxSecurity' (OnClassCondition)

   ReactiveSecurityAutoConfiguration:
      Did not match:
         - @ConditionalOnClass did not find required class 'org.springframework.security.config.annotation.web.reactive.EnableWebFluxSecurity' (OnClassCondition)

   ReactiveUserDetailsServiceAutoConfiguration:
      Did not match:
         - @ConditionalOnClass did not find required class 'org.springframework.security.authentication.ReactiveAuthenticationManager' (OnClassCondition)

   ReactiveWebServerFactoryAutoConfiguration:
      Did not match:
         - not a reactive web application (OnWebApplicationCondition)
      Matched:
         - @ConditionalOnClass found required class 'org.springframework.http.ReactiveHttpInputMessage' (OnClassCondition)

   RedisAutoConfiguration:
      Did not match:
         - @ConditionalOnClass did not find required class 'org.springframework.data.redis.core.RedisOperations' (OnClassCondition)

   RedisCacheConfiguration:
      Did not match:
         - @ConditionalOnClass did not find required class 'org.springframework.data.redis.connection.RedisConnectionFactory' (OnClassCondition)

   RedisHealthContributorAutoConfiguration:
      Did not match:
         - @ConditionalOnClass did not find required class 'org.springframework.data.redis.connection.RedisConnectionFactory' (OnClassCondition)

   RedisReactiveAutoConfiguration:
      Did not match:
         - @ConditionalOnClass did not find required class 'org.springframework.data.redis.connection.ReactiveRedisConnectionFactory' (OnClassCondition)

   RedisReactiveHealthContributorAutoConfiguration:
      Did not match:
         - @ConditionalOnClass did not find required class 'org.springframework.data.redis.connection.ReactiveRedisConnectionFactory' (OnClassCondition)

   RedisRepositoriesAutoConfiguration:
      Did not match:
         - @ConditionalOnClass did not find required class 'org.springframework.data.redis.repository.configuration.EnableRedisRepositories' (OnClassCondition)

   RedisVectorStoreAutoConfiguration:
      Did not match:
         - @ConditionalOnClass did not find required classes 'redis.clients.jedis.JedisPooled', 'org.springframework.data.redis.connection.jedis.JedisConnectionFactory', 'org.springframework.ai.vectorstore.redis.RedisVectorStore' (OnClassCondition)

   RepositoryRestMvcAutoConfiguration:
      Did not match:
         - @ConditionalOnClass did not find required class 'org.springframework.data.rest.webmvc.config.RepositoryRestMvcConfiguration' (OnClassCondition)

   Saml2RelyingPartyAutoConfiguration:
      Did not match:
         - @ConditionalOnClass did not find required class 'org.springframework.security.saml2.provider.service.registration.RelyingPartyRegistrationRepository' (OnClassCondition)

   SbomEndpointAutoConfiguration#sbomEndpointWebExtension:
      Did not match:
         - @ConditionalOnAvailableEndpoint not exposed (OnAvailableEndpointCondition)
      Matched:
         - @ConditionalOnBean (types: org.springframework.boot.actuate.sbom.SbomEndpoint; SearchStrategy: all) found bean 'sbomEndpoint'; @ConditionalOnMissingBean (types: org.springframework.boot.actuate.sbom.SbomEndpointWebExtension; SearchStrategy: all) did not find any beans (OnBeanCondition)

   SecurityAutoConfiguration:
      Did not match:
         - @ConditionalOnClass did not find required class 'org.springframework.security.authentication.DefaultAuthenticationEventPublisher' (OnClassCondition)

   SecurityFilterAutoConfiguration:
      Did not match:
         - @ConditionalOnClass did not find required class 'org.springframework.security.config.http.SessionCreationPolicy' (OnClassCondition)

   SecurityRequestMatchersManagementContextConfiguration:
      Did not match:
         - @ConditionalOnClass did not find required class 'org.springframework.security.web.util.matcher.RequestMatcher' (OnClassCondition)

   SendGridAutoConfiguration:
      Did not match:
         - @ConditionalOnClass did not find required class 'com.sendgrid.SendGrid' (OnClassCondition)

   ServletEndpointManagementContextConfiguration.JerseyServletEndpointManagementContextConfiguration:
      Did not match:
         - @ConditionalOnClass did not find required class 'org.glassfish.jersey.server.ResourceConfig' (OnClassCondition)

   ServletManagementContextAutoConfiguration.ApplicationContextFilterConfiguration:
      Did not match:
         - @ConditionalOnBooleanProperty (management.server.add-application-context-header=true) did not find property 'management.server.add-application-context-header' (OnPropertyCondition)

   ServletWebServerFactoryAutoConfiguration.ForwardedHeaderFilterConfiguration:
      Did not match:
         - @ConditionalOnProperty (server.forward-headers-strategy=framework) did not find property 'server.forward-headers-strategy' (OnPropertyCondition)

   ServletWebServerFactoryConfiguration.EmbeddedJetty:
      Did not match:
         - @ConditionalOnClass did not find required classes 'org.eclipse.jetty.server.Server', 'org.eclipse.jetty.util.Loader', 'org.eclipse.jetty.ee10.webapp.WebAppContext' (OnClassCondition)

   ServletWebServerFactoryConfiguration.EmbeddedUndertow:
      Did not match:
         - @ConditionalOnClass did not find required classes 'io.undertow.Undertow', 'org.xnio.SslClientAuthMode' (OnClassCondition)

   SessionAutoConfiguration:
      Did not match:
         - @ConditionalOnClass did not find required class 'org.springframework.session.Session' (OnClassCondition)

   SessionsEndpointAutoConfiguration:
      Did not match:
         - @ConditionalOnClass did not find required class 'org.springframework.session.Session' (OnClassCondition)

   ShutdownEndpointAutoConfiguration:
      Did not match:
         - @ConditionalOnAvailableEndpoint the configured access for endpoint 'shutdown' is NONE (OnAvailableEndpointCondition)

   SignalFxMetricsExportAutoConfiguration:
      Did not match:
         - @ConditionalOnClass did not find required class 'io.micrometer.signalfx.SignalFxMeterRegistry' (OnClassCondition)

   SslObservabilityAutoConfiguration#sslInfoProvider:
      Did not match:
         - @ConditionalOnMissingBean (types: org.springframework.boot.info.SslInfo; SearchStrategy: all) found beans of type 'org.springframework.boot.info.SslInfo' sslInfo (OnBeanCondition)

   StabilityAiImageAutoConfiguration:
      Did not match:
         - @ConditionalOnClass did not find required class 'org.springframework.ai.stabilityai.api.StabilityAiApi' (OnClassCondition)

   StackdriverMetricsExportAutoConfiguration:
      Did not match:
         - @ConditionalOnClass did not find required class 'io.micrometer.stackdriver.StackdriverMeterRegistry' (OnClassCondition)

   StartupEndpointAutoConfiguration:
      Did not match:
         - ApplicationStartup configured applicationStartup is of type class org.springframework.core.metrics.DefaultApplicationStartup, expected BufferingApplicationStartup. (StartupEndpointAutoConfiguration.ApplicationStartupCondition)

   StatsdMetricsExportAutoConfiguration:
      Did not match:
         - @ConditionalOnClass did not find required class 'io.micrometer.statsd.StatsdMeterRegistry' (OnClassCondition)

   TaskExecutorConfigurations.SimpleAsyncTaskExecutorBuilderConfiguration#simpleAsyncTaskExecutorBuilderVirtualThreads:
      Did not match:
         - @ConditionalOnMissingBean (types: org.springframework.boot.task.SimpleAsyncTaskExecutorBuilder; SearchStrategy: all) found beans of type 'org.springframework.boot.task.SimpleAsyncTaskExecutorBuilder' simpleAsyncTaskExecutorBuilder (OnBeanCondition)

   TaskExecutorConfigurations.TaskExecutorConfiguration#applicationTaskExecutorVirtualThreads:
      Did not match:
         - @ConditionalOnThreading did not find VIRTUAL (OnThreadingCondition)

   TaskSchedulingConfigurations.SimpleAsyncTaskSchedulerBuilderConfiguration#simpleAsyncTaskSchedulerBuilderVirtualThreads:
      Did not match:
         - @ConditionalOnMissingBean (types: org.springframework.boot.task.SimpleAsyncTaskSchedulerBuilder; SearchStrategy: all) found beans of type 'org.springframework.boot.task.SimpleAsyncTaskSchedulerBuilder' simpleAsyncTaskSchedulerBuilder (OnBeanCondition)

   TaskSchedulingConfigurations.TaskSchedulerConfiguration#taskSchedulerVirtualThreads:
      Did not match:
         - @ConditionalOnThreading did not find VIRTUAL (OnThreadingCondition)

   ThymeleafAutoConfiguration:
      Did not match:
         - @ConditionalOnClass did not find required class 'org.thymeleaf.spring6.SpringTemplateEngine' (OnClassCondition)

   TransactionAutoConfiguration#transactionalOperator:
      Did not match:
         - @ConditionalOnSingleCandidate (types: org.springframework.transaction.ReactiveTransactionManager; SearchStrategy: all) did not find any beans (OnBeanCondition)

   TransactionAutoConfiguration.AspectJTransactionManagementConfiguration:
      Did not match:
         - @ConditionalOnBean did not find required type 'org.springframework.transaction.aspectj.AbstractTransactionAspect' (OnBeanCondition)
         - @ConditionalOnBean (types: ?; SearchStrategy: all) did not find any beans of type ? (OnBeanCondition)

   TransactionAutoConfiguration.EnableTransactionManagementConfiguration.JdkDynamicAutoProxyConfiguration:
      Did not match:
         - @ConditionalOnBooleanProperty (spring.aop.proxy-target-class=false) did not find property 'spring.aop.proxy-target-class' (OnPropertyCondition)

   TransformersEmbeddingModelAutoConfiguration:
      Did not match:
         - @ConditionalOnClass did not find required classes 'ai.onnxruntime.OrtSession', 'ai.djl.huggingface.tokenizers.HuggingFaceTokenizer', 'org.springframework.ai.transformers.TransformersEmbeddingModel' (OnClassCondition)

   TypesenseVectorStoreAutoConfiguration:
      Did not match:
         - @ConditionalOnClass did not find required class 'org.springframework.ai.vectorstore.typesense.TypesenseVectorStore' (OnClassCondition)

   UserDetailsServiceAutoConfiguration:
      Did not match:
         - @ConditionalOnClass did not find required class 'org.springframework.security.authentication.AuthenticationManager' (OnClassCondition)

   VectorStoreObservationAutoConfiguration.FallbackVectorStoreQueryResponseContentObservationConfiguration#vectorStoreQueryResponseContentObservationFilter:
      Did not match:
         - @ConditionalOnProperty (spring.ai.vectorstore.observations.include-query-response=true) did not find property 'include-query-response' (OnPropertyCondition)

   VectorStoreObservationAutoConfiguration.PrimaryVectorStoreQueryResponseContentObservationConfiguration:
      Did not match:
         - @ConditionalOnClass did not find required class 'io.micrometer.tracing.otel.bridge.OtelTracer' (OnClassCondition)

   VertexAiEmbeddingAutoConfiguration:
      Did not match:
         - @ConditionalOnClass did not find required classes 'com.google.cloud.vertexai.VertexAI', 'org.springframework.ai.vertexai.embedding.text.VertexAiTextEmbeddingModel' (OnClassCondition)

   VertexAiGeminiAutoConfiguration:
      Did not match:
         - @ConditionalOnClass did not find required classes 'com.google.cloud.vertexai.VertexAI', 'org.springframework.ai.vertexai.gemini.VertexAiGeminiChatModel' (OnClassCondition)

   WatsonxAiAutoConfiguration:
      Did not match:
         - @ConditionalOnClass did not find required class 'org.springframework.ai.watsonx.api.WatsonxAiApi' (OnClassCondition)

   WavefrontAutoConfiguration:
      Did not match:
         - @ConditionalOnClass did not find required class 'com.wavefront.sdk.common.application.ApplicationTags' (OnClassCondition)

   WavefrontMetricsExportAutoConfiguration:
      Did not match:
         - @ConditionalOnClass did not find required class 'com.wavefront.sdk.common.WavefrontSender' (OnClassCondition)

   WavefrontTracingAutoConfiguration:
      Did not match:
         - @ConditionalOnClass did not find required class 'com.wavefront.sdk.common.WavefrontSender' (OnClassCondition)

   WeaviateVectorStoreAutoConfiguration:
      Did not match:
         - @ConditionalOnClass did not find required class 'org.springframework.ai.vectorstore.weaviate.WeaviateVectorStore' (OnClassCondition)

   WebFluxAutoConfiguration:
      Did not match:
         - not a reactive web application (OnWebApplicationCondition)
      Matched:
         - @ConditionalOnClass found required class 'org.springframework.web.reactive.config.WebFluxConfigurer' (OnClassCondition)

   WebFluxEndpointManagementContextConfiguration:
      Did not match:
         - not a reactive web application (OnWebApplicationCondition)
      Matched:
         - @ConditionalOnClass found required classes 'org.springframework.web.reactive.DispatcherHandler', 'org.springframework.http.server.reactive.HttpHandler' (OnClassCondition)

   WebFluxObservationAutoConfiguration:
      Did not match:
         - not a reactive web application (OnWebApplicationCondition)
      Matched:
         - @ConditionalOnClass found required classes 'io.micrometer.observation.Observation', 'io.micrometer.core.instrument.MeterRegistry' (OnClassCondition)

   WebMvcAutoConfiguration#hiddenHttpMethodFilter:
      Did not match:
         - @ConditionalOnBooleanProperty (spring.mvc.hiddenmethod.filter.enabled=true) did not find property 'spring.mvc.hiddenmethod.filter.enabled' (OnPropertyCondition)

   WebMvcAutoConfiguration.ProblemDetailsErrorHandlingConfiguration:
      Did not match:
         - @ConditionalOnBooleanProperty (spring.mvc.problemdetails.enabled=true) did not find property 'spring.mvc.problemdetails.enabled' (OnPropertyCondition)

   WebMvcAutoConfiguration.ResourceChainCustomizerConfiguration:
      Did not match:
         - @ConditionalOnEnabledResourceChain did not find class org.webjars.WebJarVersionLocator (OnEnabledResourceChainCondition)

   WebMvcAutoConfiguration.WebMvcAutoConfigurationAdapter#beanNameViewResolver:
      Did not match:
         - @ConditionalOnMissingBean (types: org.springframework.web.servlet.view.BeanNameViewResolver; SearchStrategy: all) found beans of type 'org.springframework.web.servlet.view.BeanNameViewResolver' beanNameViewResolver (OnBeanCondition)

   WebMvcEndpointManagementContextConfiguration#managementHealthEndpointWebMvcHandlerMapping:
      Did not match:
         - Management Port actual port type (SAME) did not match required type (DIFFERENT) (OnManagementPortCondition)

   WebServiceTemplateAutoConfiguration:
      Did not match:
         - @ConditionalOnClass did not find required class 'org.springframework.oxm.Marshaller' (OnClassCondition)

   WebServicesAutoConfiguration:
      Did not match:
         - @ConditionalOnClass did not find required class 'org.springframework.ws.transport.http.MessageDispatcherServlet' (OnClassCondition)

   WebSessionIdResolverAutoConfiguration:
      Did not match:
         - not a reactive web application (OnWebApplicationCondition)
      Matched:
         - @ConditionalOnClass found required classes 'org.springframework.web.server.session.WebSessionManager', 'reactor.core.publisher.Mono' (OnClassCondition)

   WebSocketMessagingAutoConfiguration.WebSocketMessageConverterConfiguration:
      Did not match:
         - @ConditionalOnBean (types: org.springframework.web.socket.config.annotation.DelegatingWebSocketMessageBrokerConfiguration,com.fasterxml.jackson.databind.ObjectMapper; SearchStrategy: all) did not find any beans of type org.springframework.web.socket.config.annotation.DelegatingWebSocketMessageBrokerConfiguration (OnBeanCondition)
      Matched:
         - @ConditionalOnClass found required classes 'com.fasterxml.jackson.databind.ObjectMapper', 'org.springframework.messaging.simp.config.AbstractMessageBrokerConfiguration' (OnClassCondition)

   WebSocketReactiveAutoConfiguration:
      Did not match:
         - not a reactive web application (OnWebApplicationCondition)
      Matched:
         - @ConditionalOnClass found required classes 'jakarta.servlet.Servlet', 'jakarta.websocket.server.ServerContainer' (OnClassCondition)

   WebSocketServletAutoConfiguration.JettyWebSocketConfiguration:
      Did not match:
         - @ConditionalOnClass did not find required class 'org.eclipse.jetty.ee10.websocket.jakarta.server.config.JakartaWebSocketServletContainerInitializer' (OnClassCondition)

   WebSocketServletAutoConfiguration.UndertowWebSocketConfiguration:
      Did not match:
         - @ConditionalOnClass did not find required class 'io.undertow.websockets.jsr.Bootstrap' (OnClassCondition)

   XADataSourceAutoConfiguration:
      Did not match:
         - @ConditionalOnClass did not find required class 'jakarta.transaction.TransactionManager' (OnClassCondition)

   ZhiPuAiAutoConfiguration:
      Did not match:
         - @ConditionalOnClass did not find required class 'org.springframework.ai.zhipuai.api.ZhiPuAiApi' (OnClassCondition)

   ZipkinAutoConfiguration:
      Did not match:
         - @ConditionalOnClass did not find required class 'zipkin2.reporter.Encoding' (OnClassCondition)


Exclusions:
-----------

    None


Unconditional classes:
----------------------

    com.alibaba.cloud.ai.autoconfigure.prompt.PromptTemplateAutoConfiguration

    org.springframework.boot.autoconfigure.context.ConfigurationPropertiesAutoConfiguration

    org.springframework.boot.actuate.autoconfigure.availability.AvailabilityHealthContributorAutoConfiguration

    org.springframework.boot.autoconfigure.ssl.SslAutoConfiguration

    org.springframework.boot.actuate.autoconfigure.info.InfoContributorAutoConfiguration

    org.springframework.boot.autoconfigure.context.PropertyPlaceholderAutoConfiguration

    org.springframework.boot.autoconfigure.context.LifecycleAutoConfiguration

    com.alibaba.cloud.nacos.NacosConfigAutoConfiguration

    org.springframework.boot.actuate.autoconfigure.metrics.integration.IntegrationMetricsAutoConfiguration

    org.springframework.boot.actuate.autoconfigure.endpoint.EndpointAutoConfiguration

    org.springframework.boot.actuate.autoconfigure.web.server.ManagementContextAutoConfiguration

    org.springframework.boot.actuate.autoconfigure.health.HealthContributorAutoConfiguration

    org.springframework.boot.actuate.autoconfigure.endpoint.jackson.JacksonEndpointAutoConfiguration

    cn.hutool.extra.spring.SpringUtil

    org.springframework.boot.autoconfigure.availability.ApplicationAvailabilityAutoConfiguration

    org.springframework.boot.autoconfigure.info.ProjectInfoAutoConfiguration



2026-04-15 22:39:36.992 [main] DEBUG o.s.boot.availability.ApplicationAvailabilityBean - Application availability state LivenessState changed to CORRECT
2026-04-15 22:39:36.995 [main] DEBUG o.s.boot.availability.ApplicationAvailabilityBean - Application availability state ReadinessState changed to ACCEPTING_TRAFFIC
2026-04-15 22:39:37.312 [RMI TCP Connection(4)-10.16.160.77] DEBUG org.springframework.web.servlet.DispatcherServlet - Detected StandardServletMultipartResolver
2026-04-15 22:39:37.312 [RMI TCP Connection(4)-10.16.160.77] DEBUG org.springframework.web.servlet.DispatcherServlet - Detected AcceptHeaderLocaleResolver
2026-04-15 22:39:37.313 [RMI TCP Connection(4)-10.16.160.77] DEBUG org.springframework.web.servlet.DispatcherServlet - Detected FixedThemeResolver
2026-04-15 22:39:37.313 [RMI TCP Connection(4)-10.16.160.77] DEBUG org.springframework.web.servlet.DispatcherServlet - Detected org.springframework.web.servlet.view.DefaultRequestToViewNameTranslator@701bd6e8
2026-04-15 22:39:37.314 [RMI TCP Connection(4)-10.16.160.77] DEBUG org.springframework.web.servlet.DispatcherServlet - Detected org.springframework.web.servlet.support.SessionFlashMapManager@7f36cd8f
2026-04-15 22:39:37.314 [RMI TCP Connection(4)-10.16.160.77] DEBUG org.springframework.web.servlet.DispatcherServlet - enableLoggingRequestDetails='false': request parameters and headers will be masked to prevent unsafe logging of potentially sensitive data
2026-04-15 22:39:37.362 [RMI TCP Connection(5)-10.16.160.77] DEBUG org.mongodb.driver.cluster - Server selection started for operation with ID 5. Selector: ReadPreferenceServerSelector{readPreference=primary}, topology description: {type=STANDALONE, servers=[{address=localhost:27017, type=STANDALONE, roundTripTime=34.7 ms, state=CONNECTED}]
2026-04-15 22:39:37.366 [RMI TCP Connection(5)-10.16.160.77] DEBUG org.mongodb.driver.cluster - Server selection succeeded for operation with ID 5. Selected server: localhost:27017. Selector: ReadPreferenceServerSelector{readPreference=primary}, topology description: {type=STANDALONE, servers=[{address=localhost:27017, type=STANDALONE, roundTripTime=34.7 ms, state=CONNECTED}]
2026-04-15 22:39:37.367 [RMI TCP Connection(5)-10.16.160.77] DEBUG org.mongodb.driver.connection - Checkout started for connection to localhost:27017
2026-04-15 22:39:37.370 [RMI TCP Connection(5)-10.16.160.77] DEBUG org.mongodb.driver.connection - Connection created: address=localhost:27017, driver-generated ID=3
2026-04-15 22:39:37.372 [RMI TCP Connection(5)-10.16.160.77] DEBUG org.mongodb.driver.connection - Connection ready: address=localhost:27017, driver-generated ID=3, established in=2 ms
2026-04-15 22:39:37.372 [RMI TCP Connection(5)-10.16.160.77] DEBUG org.mongodb.driver.connection - Connection checked out: address=localhost:27017, driver-generated ID=3, duration=5 ms
2026-04-15 22:39:37.390 [RMI TCP Connection(5)-10.16.160.77] DEBUG org.mongodb.driver.protocol.command - Command "hello" started on database "xsjf1" using a connection with driver-generated ID 3 and server-generated ID 107 to localhost:27017. The request ID is 5 and the operation ID is 5. Command: {"hello": 1, "$db": "xsjf1", "lsid": {"id": {"$binary": {"base64": "1oi2C8nZSZC/4zsW0bEWdg==", "subType": "04"}}}}
2026-04-15 22:39:37.397 [RMI TCP Connection(5)-10.16.160.77] DEBUG org.mongodb.driver.protocol.command - Command "hello" succeeded on database "xsjf1" in 11.4311 ms using a connection with driver-generated ID 3 and server-generated ID 107 to localhost:27017. The request ID is 5 and the operation ID is 5. Command reply: {"isWritablePrimary": true, "topologyVersion": {"processId": {"$oid": "69d7b253ff8743ac85c71d7c"}, "counter": 0}, "maxBsonObjectSize": 16777216, "maxMessageSizeBytes": 48000000, "maxWriteBatchSize": 100000, "localTime": {"$date": "2026-04-15T14:39:37.393Z"}, "logicalSessionTimeoutMinutes": 30, "connectionId": 107, "minWireVersion": 0, "maxWireVersion": 27, "readOnly": false, "ok": 1.0}
2026-04-15 22:39:37.398 [RMI TCP Connection(5)-10.16.160.77] DEBUG org.mongodb.driver.connection - Connection checked in: address=localhost:27017, driver-generated ID=3
2026-04-15 22:39:37.402 [RMI TCP Connection(5)-10.16.160.77] DEBUG o.springframework.jdbc.datasource.DataSourceUtils - Fetching JDBC Connection from DataSource
2026-04-15 22:39:37.403 [RMI TCP Connection(5)-10.16.160.77] DEBUG com.zaxxer.hikari.HikariConfig - HikariPool-1 - configuration:
2026-04-15 22:39:37.405 [RMI TCP Connection(5)-10.16.160.77] DEBUG com.zaxxer.hikari.HikariConfig - allowPoolSuspension.............false
2026-04-15 22:39:37.405 [RMI TCP Connection(5)-10.16.160.77] DEBUG com.zaxxer.hikari.HikariConfig - autoCommit......................true
2026-04-15 22:39:37.405 [RMI TCP Connection(5)-10.16.160.77] DEBUG com.zaxxer.hikari.HikariConfig - catalog.........................none
2026-04-15 22:39:37.405 [RMI TCP Connection(5)-10.16.160.77] DEBUG com.zaxxer.hikari.HikariConfig - connectionInitSql...............none
2026-04-15 22:39:37.405 [RMI TCP Connection(5)-10.16.160.77] DEBUG com.zaxxer.hikari.HikariConfig - connectionTestQuery.............none
2026-04-15 22:39:37.405 [RMI TCP Connection(5)-10.16.160.77] DEBUG com.zaxxer.hikari.HikariConfig - connectionTimeout...............30000
2026-04-15 22:39:37.405 [RMI TCP Connection(5)-10.16.160.77] DEBUG com.zaxxer.hikari.HikariConfig - credentials.....................com.zaxxer.hikari.util.Credentials@4ff8c11d
2026-04-15 22:39:37.405 [RMI TCP Connection(5)-10.16.160.77] DEBUG com.zaxxer.hikari.HikariConfig - dataSource......................none
2026-04-15 22:39:37.405 [RMI TCP Connection(5)-10.16.160.77] DEBUG com.zaxxer.hikari.HikariConfig - dataSourceClassName.............none
2026-04-15 22:39:37.405 [RMI TCP Connection(5)-10.16.160.77] DEBUG com.zaxxer.hikari.HikariConfig - dataSourceJNDI..................none
2026-04-15 22:39:37.405 [RMI TCP Connection(5)-10.16.160.77] DEBUG com.zaxxer.hikari.HikariConfig - dataSourceProperties............{password=<masked>}
2026-04-15 22:39:37.405 [RMI TCP Connection(5)-10.16.160.77] DEBUG com.zaxxer.hikari.HikariConfig - driverClassName................."com.mysql.cj.jdbc.Driver"
2026-04-15 22:39:37.405 [RMI TCP Connection(5)-10.16.160.77] DEBUG com.zaxxer.hikari.HikariConfig - exceptionOverride...............none
2026-04-15 22:39:37.405 [RMI TCP Connection(5)-10.16.160.77] DEBUG com.zaxxer.hikari.HikariConfig - exceptionOverrideClassName......none
2026-04-15 22:39:37.405 [RMI TCP Connection(5)-10.16.160.77] DEBUG com.zaxxer.hikari.HikariConfig - healthCheckProperties...........{}
2026-04-15 22:39:37.405 [RMI TCP Connection(5)-10.16.160.77] DEBUG com.zaxxer.hikari.HikariConfig - healthCheckRegistry.............none
2026-04-15 22:39:37.405 [RMI TCP Connection(5)-10.16.160.77] DEBUG com.zaxxer.hikari.HikariConfig - idleTimeout.....................600000
2026-04-15 22:39:37.405 [RMI TCP Connection(5)-10.16.160.77] DEBUG com.zaxxer.hikari.HikariConfig - initializationFailTimeout.......1
2026-04-15 22:39:37.405 [RMI TCP Connection(5)-10.16.160.77] DEBUG com.zaxxer.hikari.HikariConfig - isolateInternalQueries..........false
2026-04-15 22:39:37.406 [RMI TCP Connection(5)-10.16.160.77] DEBUG com.zaxxer.hikari.HikariConfig - jdbcUrl.........................jdbc:mysql://localhost:3306/XSJF1
2026-04-15 22:39:37.406 [RMI TCP Connection(5)-10.16.160.77] DEBUG com.zaxxer.hikari.HikariConfig - keepaliveTime...................120000
2026-04-15 22:39:37.406 [RMI TCP Connection(5)-10.16.160.77] DEBUG com.zaxxer.hikari.HikariConfig - leakDetectionThreshold..........0
2026-04-15 22:39:37.406 [RMI TCP Connection(5)-10.16.160.77] DEBUG com.zaxxer.hikari.HikariConfig - maxLifetime.....................1800000
2026-04-15 22:39:37.406 [RMI TCP Connection(5)-10.16.160.77] DEBUG com.zaxxer.hikari.HikariConfig - maximumPoolSize.................10
2026-04-15 22:39:37.406 [RMI TCP Connection(5)-10.16.160.77] DEBUG com.zaxxer.hikari.HikariConfig - metricRegistry..................none
2026-04-15 22:39:37.406 [RMI TCP Connection(5)-10.16.160.77] DEBUG com.zaxxer.hikari.HikariConfig - metricsTrackerFactory...........com.zaxxer.hikari.metrics.micrometer.MicrometerMetricsTrackerFactory@4092e4fe
2026-04-15 22:39:37.406 [RMI TCP Connection(5)-10.16.160.77] DEBUG com.zaxxer.hikari.HikariConfig - minimumIdle.....................10
2026-04-15 22:39:37.406 [RMI TCP Connection(5)-10.16.160.77] DEBUG com.zaxxer.hikari.HikariConfig - password........................<masked>
2026-04-15 22:39:37.406 [RMI TCP Connection(5)-10.16.160.77] DEBUG com.zaxxer.hikari.HikariConfig - poolName........................"HikariPool-1"
2026-04-15 22:39:37.406 [RMI TCP Connection(5)-10.16.160.77] DEBUG com.zaxxer.hikari.HikariConfig - readOnly........................false
2026-04-15 22:39:37.406 [RMI TCP Connection(5)-10.16.160.77] DEBUG com.zaxxer.hikari.HikariConfig - registerMbeans..................false
2026-04-15 22:39:37.406 [RMI TCP Connection(5)-10.16.160.77] DEBUG com.zaxxer.hikari.HikariConfig - scheduledExecutor...............none
2026-04-15 22:39:37.406 [RMI TCP Connection(5)-10.16.160.77] DEBUG com.zaxxer.hikari.HikariConfig - schema..........................none
2026-04-15 22:39:37.406 [RMI TCP Connection(5)-10.16.160.77] DEBUG com.zaxxer.hikari.HikariConfig - threadFactory...................internal
2026-04-15 22:39:37.406 [RMI TCP Connection(5)-10.16.160.77] DEBUG com.zaxxer.hikari.HikariConfig - transactionIsolation............default
2026-04-15 22:39:37.406 [RMI TCP Connection(5)-10.16.160.77] DEBUG com.zaxxer.hikari.HikariConfig - username........................"root"
2026-04-15 22:39:37.406 [RMI TCP Connection(5)-10.16.160.77] DEBUG com.zaxxer.hikari.HikariConfig - validationTimeout...............5000
2026-04-15 22:39:37.422 [RMI TCP Connection(5)-10.16.160.77] DEBUG com.zaxxer.hikari.pool.PoolBase - HikariPool-1 - Attempting to create/setup new connection (41bfec50-3255-46ba-992d-ee68fba18860)
2026-04-15 22:39:37.782 [RMI TCP Connection(5)-10.16.160.77] DEBUG com.zaxxer.hikari.pool.PoolBase - HikariPool-1 - Established new connection (41bfec50-3255-46ba-992d-ee68fba18860)
2026-04-15 22:39:37.802 [RMI TCP Connection(5)-10.16.160.77] DEBUG o.springframework.jdbc.datasource.DataSourceUtils - Fetching JDBC Connection from DataSource
2026-04-15 22:39:37.891 [HikariPool-1:housekeeper] DEBUG com.zaxxer.hikari.pool.HikariPool - HikariPool-1 - Pool stats (total=1/10, idle=1/10, active=0, waiting=0)
2026-04-15 22:39:37.892 [HikariPool-1:connection-adder] DEBUG com.zaxxer.hikari.pool.PoolBase - HikariPool-1 - Attempting to create/setup new connection (4b85eba1-2410-476a-b797-df68ecb117db)
2026-04-15 22:39:37.934 [HikariPool-1:connection-adder] DEBUG com.zaxxer.hikari.pool.PoolBase - HikariPool-1 - Established new connection (4b85eba1-2410-476a-b797-df68ecb117db)
2026-04-15 22:39:37.934 [HikariPool-1:connection-adder] DEBUG com.zaxxer.hikari.pool.HikariPool - HikariPool-1 - Added connection com.mysql.cj.jdbc.ConnectionImpl@1057c3c4
2026-04-15 22:39:37.969 [HikariPool-1:connection-adder] DEBUG com.zaxxer.hikari.pool.HikariPool - HikariPool-1 - After adding stats (total=2/10, idle=2/10, active=0, waiting=0)
2026-04-15 22:39:37.971 [HikariPool-1:connection-adder] DEBUG com.zaxxer.hikari.pool.PoolBase - HikariPool-1 - Attempting to create/setup new connection (503eea11-8292-4cf8-af93-6b065df13a99)
2026-04-15 22:39:38.011 [HikariPool-1:connection-adder] DEBUG com.zaxxer.hikari.pool.PoolBase - HikariPool-1 - Established new connection (503eea11-8292-4cf8-af93-6b065df13a99)
2026-04-15 22:39:38.011 [HikariPool-1:connection-adder] DEBUG com.zaxxer.hikari.pool.HikariPool - HikariPool-1 - Added connection com.mysql.cj.jdbc.ConnectionImpl@6793b824
2026-04-15 22:39:38.046 [HikariPool-1:connection-adder] DEBUG com.zaxxer.hikari.pool.HikariPool - HikariPool-1 - After adding stats (total=3/10, idle=3/10, active=0, waiting=0)
2026-04-15 22:39:38.047 [HikariPool-1:connection-adder] DEBUG com.zaxxer.hikari.pool.PoolBase - HikariPool-1 - Attempting to create/setup new connection (a15456f9-2dd1-4188-8bd3-0fd79d43e991)
2026-04-15 22:39:38.079 [HikariPool-1:connection-adder] DEBUG com.zaxxer.hikari.pool.PoolBase - HikariPool-1 - Established new connection (a15456f9-2dd1-4188-8bd3-0fd79d43e991)
2026-04-15 22:39:38.080 [HikariPool-1:connection-adder] DEBUG com.zaxxer.hikari.pool.HikariPool - HikariPool-1 - Added connection com.mysql.cj.jdbc.ConnectionImpl@5f5011b2
2026-04-15 22:39:38.125 [HikariPool-1:connection-adder] DEBUG com.zaxxer.hikari.pool.HikariPool - HikariPool-1 - After adding stats (total=4/10, idle=4/10, active=0, waiting=0)
2026-04-15 22:39:38.125 [HikariPool-1:connection-adder] DEBUG com.zaxxer.hikari.pool.PoolBase - HikariPool-1 - Attempting to create/setup new connection (fe289831-8ef5-4b3d-abcc-64f36fc048c5)
2026-04-15 22:39:38.149 [HikariPool-1:connection-adder] DEBUG com.zaxxer.hikari.pool.PoolBase - HikariPool-1 - Established new connection (fe289831-8ef5-4b3d-abcc-64f36fc048c5)
2026-04-15 22:39:38.149 [HikariPool-1:connection-adder] DEBUG com.zaxxer.hikari.pool.HikariPool - HikariPool-1 - Added connection com.mysql.cj.jdbc.ConnectionImpl@7b43f3a2
2026-04-15 22:39:38.185 [HikariPool-1:connection-adder] DEBUG com.zaxxer.hikari.pool.HikariPool - HikariPool-1 - After adding stats (total=5/10, idle=5/10, active=0, waiting=0)
2026-04-15 22:39:38.185 [HikariPool-1:connection-adder] DEBUG com.zaxxer.hikari.pool.PoolBase - HikariPool-1 - Attempting to create/setup new connection (dc5a11a2-bda6-4b44-8974-670694f949d8)
2026-04-15 22:39:38.204 [HikariPool-1:connection-adder] DEBUG com.zaxxer.hikari.pool.PoolBase - HikariPool-1 - Established new connection (dc5a11a2-bda6-4b44-8974-670694f949d8)
2026-04-15 22:39:38.204 [HikariPool-1:connection-adder] DEBUG com.zaxxer.hikari.pool.HikariPool - HikariPool-1 - Added connection com.mysql.cj.jdbc.ConnectionImpl@3bcdbbaa
2026-04-15 22:39:38.247 [HikariPool-1:connection-adder] DEBUG com.zaxxer.hikari.pool.HikariPool - HikariPool-1 - After adding stats (total=6/10, idle=6/10, active=0, waiting=0)
2026-04-15 22:39:38.247 [HikariPool-1:connection-adder] DEBUG com.zaxxer.hikari.pool.PoolBase - HikariPool-1 - Attempting to create/setup new connection (85f2710c-fb61-476c-a9ca-4142140c74b2)
2026-04-15 22:39:38.267 [HikariPool-1:connection-adder] DEBUG com.zaxxer.hikari.pool.PoolBase - HikariPool-1 - Established new connection (85f2710c-fb61-476c-a9ca-4142140c74b2)
2026-04-15 22:39:38.267 [HikariPool-1:connection-adder] DEBUG com.zaxxer.hikari.pool.HikariPool - HikariPool-1 - Added connection com.mysql.cj.jdbc.ConnectionImpl@71819bc6
2026-04-15 22:39:38.311 [HikariPool-1:connection-adder] DEBUG com.zaxxer.hikari.pool.HikariPool - HikariPool-1 - After adding stats (total=7/10, idle=7/10, active=0, waiting=0)
2026-04-15 22:39:38.311 [HikariPool-1:connection-adder] DEBUG com.zaxxer.hikari.pool.PoolBase - HikariPool-1 - Attempting to create/setup new connection (6d47d6c4-ccfe-446c-95fe-0f9593c37d13)
2026-04-15 22:39:38.325 [HikariPool-1:connection-adder] DEBUG com.zaxxer.hikari.pool.PoolBase - HikariPool-1 - Established new connection (6d47d6c4-ccfe-446c-95fe-0f9593c37d13)
2026-04-15 22:39:38.325 [HikariPool-1:connection-adder] DEBUG com.zaxxer.hikari.pool.HikariPool - HikariPool-1 - Added connection com.mysql.cj.jdbc.ConnectionImpl@6b79ea1d
2026-04-15 22:39:38.357 [HikariPool-1:connection-adder] DEBUG com.zaxxer.hikari.pool.HikariPool - HikariPool-1 - After adding stats (total=8/10, idle=8/10, active=0, waiting=0)
2026-04-15 22:39:38.357 [HikariPool-1:connection-adder] DEBUG com.zaxxer.hikari.pool.PoolBase - HikariPool-1 - Attempting to create/setup new connection (0b657653-4b04-4fc4-bc9a-630da84d3b91)
2026-04-15 22:39:38.369 [HikariPool-1:connection-adder] DEBUG com.zaxxer.hikari.pool.PoolBase - HikariPool-1 - Established new connection (0b657653-4b04-4fc4-bc9a-630da84d3b91)
2026-04-15 22:39:38.369 [HikariPool-1:connection-adder] DEBUG com.zaxxer.hikari.pool.HikariPool - HikariPool-1 - Added connection com.mysql.cj.jdbc.ConnectionImpl@5a14c7aa
2026-04-15 22:39:38.403 [HikariPool-1:connection-adder] DEBUG com.zaxxer.hikari.pool.HikariPool - HikariPool-1 - After adding stats (total=9/10, idle=9/10, active=0, waiting=0)
2026-04-15 22:39:38.403 [HikariPool-1:connection-adder] DEBUG com.zaxxer.hikari.pool.PoolBase - HikariPool-1 - Attempting to create/setup new connection (9143ceea-277b-45c3-92ec-4d0ba83c5c52)
2026-04-15 22:39:38.427 [HikariPool-1:connection-adder] DEBUG com.zaxxer.hikari.pool.PoolBase - HikariPool-1 - Established new connection (9143ceea-277b-45c3-92ec-4d0ba83c5c52)
2026-04-15 22:39:38.427 [HikariPool-1:connection-adder] DEBUG com.zaxxer.hikari.pool.HikariPool - HikariPool-1 - Added connection com.mysql.cj.jdbc.ConnectionImpl@3cf0e9b6
2026-04-15 22:39:38.465 [HikariPool-1:connection-adder] DEBUG com.zaxxer.hikari.pool.HikariPool - HikariPool-1 - After adding stats (total=10/10, idle=10/10, active=0, waiting=0)
2026-04-15 22:39:43.228 [cluster-ClusterId{value='69dfa325a88562ec101c348a', description='null'}-localhost:27017] DEBUG org.mongodb.driver.cluster - Updating cluster description to  {type=STANDALONE, servers=[{address=localhost:27017, type=STANDALONE, roundTripTime=28.3 ms, state=CONNECTED}]
2026-04-15 22:39:43.229 [cluster-ClusterId{value='69dfa325a88562ec101c348a', description='null'}-localhost:27017] DEBUG org.mongodb.driver.cluster - Checking status of localhost:27017
2026-04-15 22:39:53.221 [cluster-ClusterId{value='69dfa325a88562ec101c348a', description='null'}-localhost:27017] DEBUG org.mongodb.driver.cluster - Updating cluster description to  {type=STANDALONE, servers=[{address=localhost:27017, type=STANDALONE, roundTripTime=24.2 ms, state=CONNECTED}]
2026-04-15 22:39:53.221 [cluster-ClusterId{value='69dfa325a88562ec101c348a', description='null'}-localhost:27017] DEBUG org.mongodb.driver.cluster - Checking status of localhost:27017
2026-04-15 22:39:59.033 [http-nio-8080-exec-1] DEBUG org.springframework.web.servlet.DispatcherServlet - GET "/admin/getdataease", parameters={}
2026-04-15 22:39:59.038 [http-nio-8080-exec-1] DEBUG o.s.w.s.m.m.a.RequestMappingHandlerMapping - Mapped to com.example.XSJ.Controller.Manager.Manager.Manager#getdataease()
2026-04-15 22:39:59.075 [http-nio-8080-exec-1] DEBUG org.springframework.web.servlet.DispatcherServlet - Completed 401 UNAUTHORIZED
2026-04-15 22:40:03.222 [cluster-ClusterId{value='69dfa325a88562ec101c348a', description='null'}-localhost:27017] DEBUG org.mongodb.driver.cluster - Updating cluster description to  {type=STANDALONE, servers=[{address=localhost:27017, type=STANDALONE, roundTripTime=19.4 ms, state=CONNECTED}]
2026-04-15 22:40:03.222 [cluster-ClusterId{value='69dfa325a88562ec101c348a', description='null'}-localhost:27017] DEBUG org.mongodb.driver.cluster - Checking status of localhost:27017
2026-04-15 22:40:06.633 [http-nio-8080-exec-2] DEBUG org.springframework.web.servlet.DispatcherServlet - POST "/admin/login?phone=13831532331&password=Li530412", parameters={masked}
2026-04-15 22:40:06.633 [http-nio-8080-exec-2] DEBUG o.s.w.s.m.m.a.RequestMappingHandlerMapping - Mapped to com.example.XSJ.Controller.Manager.Manager.Manager#login(String, String)
2026-04-15 22:40:06.665 [http-nio-8080-exec-2] DEBUG org.mybatis.spring.SqlSessionUtils - Creating a new SqlSession
2026-04-15 22:40:06.673 [http-nio-8080-exec-2] DEBUG org.mybatis.spring.SqlSessionUtils - SqlSession [org.apache.ibatis.session.defaults.DefaultSqlSession@4f52cf2b] was not registered for synchronization because synchronization is not active
2026-04-15 22:40:06.678 [http-nio-8080-exec-2] DEBUG o.springframework.jdbc.datasource.DataSourceUtils - Fetching JDBC Connection from DataSource
2026-04-15 22:40:06.681 [http-nio-8080-exec-2] DEBUG o.m.spring.transaction.SpringManagedTransaction - JDBC Connection [HikariProxyConnection@516538857 wrapping com.mysql.cj.jdbc.ConnectionImpl@45a4efa4] will not be managed by Spring
2026-04-15 22:40:06.683 [http-nio-8080-exec-2] DEBUG c.e.X.M.System.ManagerMapper.getUserMessageByPhone - ==>  Preparing: select EnCode,PassWord,RoleBase from user where Phone =?
2026-04-15 22:40:06.700 [http-nio-8080-exec-2] DEBUG c.e.X.M.System.ManagerMapper.getUserMessageByPhone - ==> Parameters: 13831532331(String)
2026-04-15 22:40:06.744 [http-nio-8080-exec-2] DEBUG c.e.X.M.System.ManagerMapper.getUserMessageByPhone - <==      Total: 1
2026-04-15 22:40:06.745 [http-nio-8080-exec-2] DEBUG org.mybatis.spring.SqlSessionUtils - Closing non transactional SqlSession [org.apache.ibatis.session.defaults.DefaultSqlSession@4f52cf2b]
2026-04-15 22:40:06.757 [http-nio-8080-exec-2] DEBUG o.s.w.s.m.m.a.RequestResponseBodyMethodProcessor - Using 'application/json', given [application/json, text/plain, */*] and supported [application/json, application/*+json]
2026-04-15 22:40:06.758 [http-nio-8080-exec-2] DEBUG o.s.w.s.m.m.a.RequestResponseBodyMethodProcessor - Writing [Result(code=0, message=操作成功, data=eyJhbGciOiJIUzI1NiIsInR5cCI6IkpXVCJ9.eyJjbGFpbXMiOnsiUm9sZUJhc2UiO (truncated)...]
2026-04-15 22:40:06.765 [http-nio-8080-exec-2] DEBUG org.springframework.web.servlet.DispatcherServlet - Completed 200 OK
2026-04-15 22:40:06.771 [http-nio-8080-exec-3] DEBUG org.springframework.web.servlet.DispatcherServlet - GET "/admin/getManagerMessage", parameters={}
2026-04-15 22:40:06.771 [http-nio-8080-exec-3] DEBUG o.s.w.s.m.m.a.RequestMappingHandlerMapping - Mapped to com.example.XSJ.Controller.Manager.Manager.Manager#getManagerMessage()
2026-04-15 22:40:06.775 [http-nio-8080-exec-3] DEBUG org.mybatis.spring.SqlSessionUtils - Creating a new SqlSession
2026-04-15 22:40:06.775 [http-nio-8080-exec-3] DEBUG org.mybatis.spring.SqlSessionUtils - SqlSession [org.apache.ibatis.session.defaults.DefaultSqlSession@4df95d2d] was not registered for synchronization because synchronization is not active
2026-04-15 22:40:06.775 [http-nio-8080-exec-3] DEBUG o.springframework.jdbc.datasource.DataSourceUtils - Fetching JDBC Connection from DataSource
2026-04-15 22:40:06.775 [http-nio-8080-exec-3] DEBUG o.m.spring.transaction.SpringManagedTransaction - JDBC Connection [HikariProxyConnection@1290043119 wrapping com.mysql.cj.jdbc.ConnectionImpl@45a4efa4] will not be managed by Spring
2026-04-15 22:40:06.775 [http-nio-8080-exec-3] DEBUG c.e.X.M.System.ManagerMapper.getManagerMessage - ==>  Preparing: SELECT realName, nickName, phone, enCode, email, avatar, gender, birthDay, roleBase, uiMember, creatTime, leavel, address, country, school, language, age, status FROM User WHERE enCode = ?
2026-04-15 22:40:06.775 [http-nio-8080-exec-3] DEBUG c.e.X.M.System.ManagerMapper.getManagerMessage - ==> Parameters: USER_EM_RBAUMOI2_77267(String)
2026-04-15 22:40:06.778 [http-nio-8080-exec-3] DEBUG c.e.X.M.System.ManagerMapper.getManagerMessage - <==      Total: 1
2026-04-15 22:40:06.779 [http-nio-8080-exec-3] DEBUG org.mybatis.spring.SqlSessionUtils - Closing non transactional SqlSession [org.apache.ibatis.session.defaults.DefaultSqlSession@4df95d2d]
2026-04-15 22:40:06.779 [http-nio-8080-exec-3] DEBUG o.s.w.s.m.m.a.RequestResponseBodyMethodProcessor - Using 'application/json', given [application/json, text/plain, */*] and supported [application/json, application/*+json]
2026-04-15 22:40:06.786 [http-nio-8080-exec-3] DEBUG o.s.w.s.m.m.a.RequestResponseBodyMethodProcessor - Writing [Result(code=0, message=操作成功, data=Result(code=0, message=操作成功, data=UserMessageDTO(realName=大苏, nick (truncated)...]
2026-04-15 22:40:06.787 [http-nio-8080-exec-3] DEBUG org.springframework.web.servlet.DispatcherServlet - Completed 200 OK
2026-04-15 22:40:06.822 [http-nio-8080-exec-4] DEBUG org.springframework.web.servlet.DispatcherServlet - GET "/admin/getdataease", parameters={}
2026-04-15 22:40:06.823 [http-nio-8080-exec-4] DEBUG o.s.w.s.m.m.a.RequestMappingHandlerMapping - Mapped to com.example.XSJ.Controller.Manager.Manager.Manager#getdataease()
2026-04-15 22:40:06.825 [http-nio-8080-exec-4] DEBUG org.mybatis.spring.SqlSessionUtils - Creating a new SqlSession
2026-04-15 22:40:06.825 [http-nio-8080-exec-4] DEBUG org.mybatis.spring.SqlSessionUtils - SqlSession [org.apache.ibatis.session.defaults.DefaultSqlSession@2982d663] was not registered for synchronization because synchronization is not active
2026-04-15 22:40:06.825 [http-nio-8080-exec-4] DEBUG o.springframework.jdbc.datasource.DataSourceUtils - Fetching JDBC Connection from DataSource
2026-04-15 22:40:06.825 [http-nio-8080-exec-4] DEBUG o.m.spring.transaction.SpringManagedTransaction - JDBC Connection [HikariProxyConnection@1820347703 wrapping com.mysql.cj.jdbc.ConnectionImpl@45a4efa4] will not be managed by Spring
2026-04-15 22:40:06.825 [http-nio-8080-exec-4] DEBUG c.e.XSJ.Mapper.UserMapper.UserMapper.getUserStats - ==>  Preparing: SELECT COUNT(DISTINCT UserId) AS totalUsers, SUM(CASE WHEN DATE(CreatTime) = CURDATE() AND DeleteMark = 0 THEN 1 ELSE 0 END) AS todayUsers, ROUND((SUM(CASE WHEN DATE(CreatTime) = CURDATE() THEN 1 ELSE 0 END) - SUM(CASE WHEN DATE(CreatTime) = DATE_SUB(CURDATE(), INTERVAL 1 DAY) THEN 1 ELSE 0 END)) * 100.0 / NULLIF(SUM(CASE WHEN DATE(CreatTime) = DATE_SUB(CURDATE(), INTERVAL 1 DAY) THEN 1 ELSE 0 END), 0), 2) AS todayUserGrowth, ROUND((SUM(CASE WHEN CreatTime >= DATE_SUB(CURDATE(), INTERVAL 7 DAY) THEN 1 ELSE 0 END) / 7 - SUM(CASE WHEN CreatTime >= DATE_SUB(CURDATE(), INTERVAL 14 DAY) AND CreatTime < DATE_SUB(CURDATE(), INTERVAL 7 DAY) THEN 1 ELSE 0 END) / 7) * 100.0 / NULLIF(SUM(CASE WHEN CreatTime >= DATE_SUB(CURDATE(), INTERVAL 14 DAY) AND CreatTime < DATE_SUB(CURDATE(), INTERVAL 7 DAY) THEN 1 ELSE 0 END) / 7, 0), 2) AS userGrowth FROM `user` WHERE DeleteMark = 0
2026-04-15 22:40:06.826 [http-nio-8080-exec-4] DEBUG c.e.XSJ.Mapper.UserMapper.UserMapper.getUserStats - ==> Parameters: 
2026-04-15 22:40:06.842 [http-nio-8080-exec-4] DEBUG c.e.XSJ.Mapper.UserMapper.UserMapper.getUserStats - <==      Total: 1
2026-04-15 22:40:06.843 [http-nio-8080-exec-4] DEBUG org.mybatis.spring.SqlSessionUtils - Closing non transactional SqlSession [org.apache.ibatis.session.defaults.DefaultSqlSession@2982d663]
2026-04-15 22:40:06.844 [http-nio-8080-exec-4] DEBUG org.mybatis.spring.SqlSessionUtils - Creating a new SqlSession
2026-04-15 22:40:06.844 [http-nio-8080-exec-4] DEBUG org.mybatis.spring.SqlSessionUtils - SqlSession [org.apache.ibatis.session.defaults.DefaultSqlSession@314a0413] was not registered for synchronization because synchronization is not active
2026-04-15 22:40:06.844 [http-nio-8080-exec-4] DEBUG o.springframework.jdbc.datasource.DataSourceUtils - Fetching JDBC Connection from DataSource
2026-04-15 22:40:06.844 [http-nio-8080-exec-4] DEBUG o.m.spring.transaction.SpringManagedTransaction - JDBC Connection [HikariProxyConnection@1580492202 wrapping com.mysql.cj.jdbc.ConnectionImpl@45a4efa4] will not be managed by Spring
2026-04-15 22:40:06.844 [http-nio-8080-exec-4] DEBUG c.e.X.Mapper.VideoMapper.VideoMapper.getVideoStats - ==>  Preparing: SELECT (SELECT COUNT(*) FROM video WHERE IsDelete = 0) AS totalVideos, SUM(CASE WHEN vp.VideoStatus = 1 THEN 1 ELSE 0 END) AS passedVideos, SUM(CASE WHEN vp.VideoStatus = 2 THEN 1 ELSE 0 END) AS pendingVideos, (SELECT IFNULL(SUM(ViewCount), 0) FROM video WHERE IsDelete = 0) AS totalViews, ROUND(SUM(CASE WHEN vp.VideoStatus = 1 THEN 1 ELSE 0 END) * 100.0 / NULLIF(COUNT(vp.VideoPendingId), 0), 2) AS passRate, ROUND(SUM(CASE WHEN vp.VideoStatus = 2 THEN 1 ELSE 0 END) * 100.0 / NULLIF(COUNT(vp.VideoPendingId), 0), 2) AS pendingRate FROM videopending vp WHERE vp.IsDelete = 0
2026-04-15 22:40:06.845 [http-nio-8080-exec-4] DEBUG c.e.X.Mapper.VideoMapper.VideoMapper.getVideoStats - ==> Parameters: 
2026-04-15 22:40:06.851 [http-nio-8080-exec-4] DEBUG c.e.X.Mapper.VideoMapper.VideoMapper.getVideoStats - <==      Total: 1
2026-04-15 22:40:06.851 [http-nio-8080-exec-4] DEBUG org.mybatis.spring.SqlSessionUtils - Closing non transactional SqlSession [org.apache.ibatis.session.defaults.DefaultSqlSession@314a0413]
2026-04-15 22:40:06.852 [http-nio-8080-exec-4] DEBUG org.mybatis.spring.SqlSessionUtils - Creating a new SqlSession
2026-04-15 22:40:06.853 [http-nio-8080-exec-4] DEBUG org.mybatis.spring.SqlSessionUtils - SqlSession [org.apache.ibatis.session.defaults.DefaultSqlSession@69ea2de5] was not registered for synchronization because synchronization is not active
2026-04-15 22:40:06.853 [http-nio-8080-exec-4] DEBUG o.springframework.jdbc.datasource.DataSourceUtils - Fetching JDBC Connection from DataSource
2026-04-15 22:40:06.853 [http-nio-8080-exec-4] DEBUG o.m.spring.transaction.SpringManagedTransaction - JDBC Connection [HikariProxyConnection@336469063 wrapping com.mysql.cj.jdbc.ConnectionImpl@45a4efa4] will not be managed by Spring
2026-04-15 22:40:06.853 [http-nio-8080-exec-4] DEBUG c.e.X.M.UserMapper.UserMapper.getUserWeekGrowth - ==>  Preparing: SELECT SUM(CASE WHEN DATE(CreatTime) = DATE_SUB(CURDATE(), INTERVAL 6 DAY) THEN 1 ELSE 0 END) AS day1, SUM(CASE WHEN DATE(CreatTime) = DATE_SUB(CURDATE(), INTERVAL 5 DAY) THEN 1 ELSE 0 END) AS day2, SUM(CASE WHEN DATE(CreatTime) = DATE_SUB(CURDATE(), INTERVAL 4 DAY) THEN 1 ELSE 0 END) AS day3, SUM(CASE WHEN DATE(CreatTime) = DATE_SUB(CURDATE(), INTERVAL 3 DAY) THEN 1 ELSE 0 END) AS day4, SUM(CASE WHEN DATE(CreatTime) = DATE_SUB(CURDATE(), INTERVAL 2 DAY) THEN 1 ELSE 0 END) AS day5, SUM(CASE WHEN DATE(CreatTime) = DATE_SUB(CURDATE(), INTERVAL 1 DAY) THEN 1 ELSE 0 END) AS day6, SUM(CASE WHEN DATE(CreatTime) = CURDATE() THEN 1 ELSE 0 END) AS day7 FROM `user` WHERE DeleteMark = 0
2026-04-15 22:40:06.853 [http-nio-8080-exec-4] DEBUG c.e.X.M.UserMapper.UserMapper.getUserWeekGrowth - ==> Parameters: 
2026-04-15 22:40:06.854 [http-nio-8080-exec-4] DEBUG c.e.X.M.UserMapper.UserMapper.getUserWeekGrowth - <==      Total: 1
2026-04-15 22:40:06.854 [http-nio-8080-exec-4] DEBUG org.mybatis.spring.SqlSessionUtils - Closing non transactional SqlSession [org.apache.ibatis.session.defaults.DefaultSqlSession@69ea2de5]
2026-04-15 22:40:06.854 [http-nio-8080-exec-4] DEBUG org.mybatis.spring.SqlSessionUtils - Creating a new SqlSession
2026-04-15 22:40:06.854 [http-nio-8080-exec-4] DEBUG org.mybatis.spring.SqlSessionUtils - SqlSession [org.apache.ibatis.session.defaults.DefaultSqlSession@fd1626c] was not registered for synchronization because synchronization is not active
2026-04-15 22:40:06.854 [http-nio-8080-exec-4] DEBUG o.springframework.jdbc.datasource.DataSourceUtils - Fetching JDBC Connection from DataSource
2026-04-15 22:40:06.854 [http-nio-8080-exec-4] DEBUG o.m.spring.transaction.SpringManagedTransaction - JDBC Connection [HikariProxyConnection@938271606 wrapping com.mysql.cj.jdbc.ConnectionImpl@45a4efa4] will not be managed by Spring
2026-04-15 22:40:06.854 [http-nio-8080-exec-4] DEBUG c.e.X.M.UserMapper.UserMapper.getUserMonthTrend - ==>  Preparing: SELECT DATE_FORMAT(CreatTime, '%Y-%m') AS month, COUNT(*) AS num FROM user GROUP BY month ORDER BY month
2026-04-15 22:40:06.854 [http-nio-8080-exec-4] DEBUG c.e.X.M.UserMapper.UserMapper.getUserMonthTrend - ==> Parameters: 
2026-04-15 22:40:06.858 [http-nio-8080-exec-4] DEBUG c.e.X.M.UserMapper.UserMapper.getUserMonthTrend - <==      Total: 4
2026-04-15 22:40:06.858 [http-nio-8080-exec-4] DEBUG org.mybatis.spring.SqlSessionUtils - Closing non transactional SqlSession [org.apache.ibatis.session.defaults.DefaultSqlSession@fd1626c]
2026-04-15 22:40:06.858 [http-nio-8080-exec-4] DEBUG org.mybatis.spring.SqlSessionUtils - Creating a new SqlSession
2026-04-15 22:40:06.858 [http-nio-8080-exec-4] DEBUG org.mybatis.spring.SqlSessionUtils - SqlSession [org.apache.ibatis.session.defaults.DefaultSqlSession@77ff4383] was not registered for synchronization because synchronization is not active
2026-04-15 22:40:06.858 [http-nio-8080-exec-4] DEBUG o.springframework.jdbc.datasource.DataSourceUtils - Fetching JDBC Connection from DataSource
2026-04-15 22:40:06.858 [http-nio-8080-exec-4] DEBUG o.m.spring.transaction.SpringManagedTransaction - JDBC Connection [HikariProxyConnection@1941540114 wrapping com.mysql.cj.jdbc.ConnectionImpl@45a4efa4] will not be managed by Spring
2026-04-15 22:40:06.858 [http-nio-8080-exec-4] DEBUG c.e.X.M.UserMapper.UserMapper.getVideoMonthTrend - ==>  Preparing: SELECT DATE_FORMAT(CreateTime, '%Y-%m') AS month, COUNT(*) AS num FROM video WHERE IsDelete = 0 GROUP BY month ORDER BY month
2026-04-15 22:40:06.859 [http-nio-8080-exec-4] DEBUG c.e.X.M.UserMapper.UserMapper.getVideoMonthTrend - ==> Parameters: 
2026-04-15 22:40:06.860 [http-nio-8080-exec-4] DEBUG c.e.X.M.UserMapper.UserMapper.getVideoMonthTrend - <==      Total: 3
2026-04-15 22:40:06.860 [http-nio-8080-exec-4] DEBUG org.mybatis.spring.SqlSessionUtils - Closing non transactional SqlSession [org.apache.ibatis.session.defaults.DefaultSqlSession@77ff4383]
2026-04-15 22:40:06.860 [http-nio-8080-exec-4] DEBUG org.mybatis.spring.SqlSessionUtils - Creating a new SqlSession
2026-04-15 22:40:06.860 [http-nio-8080-exec-4] DEBUG org.mybatis.spring.SqlSessionUtils - SqlSession [org.apache.ibatis.session.defaults.DefaultSqlSession@5eb496a6] was not registered for synchronization because synchronization is not active
2026-04-15 22:40:06.860 [http-nio-8080-exec-4] DEBUG o.springframework.jdbc.datasource.DataSourceUtils - Fetching JDBC Connection from DataSource
2026-04-15 22:40:06.860 [http-nio-8080-exec-4] DEBUG o.m.spring.transaction.SpringManagedTransaction - JDBC Connection [HikariProxyConnection@1225808197 wrapping com.mysql.cj.jdbc.ConnectionImpl@45a4efa4] will not be managed by Spring
2026-04-15 22:40:06.860 [http-nio-8080-exec-4] DEBUG c.e.X.M.UserMapper.UserMapper.getViewMonthTrend - ==>  Preparing: SELECT DATE_FORMAT(CreateTime, '%Y-%m') AS month, IFNULL(SUM(ViewCount), 0) AS num FROM video WHERE IsDelete = 0 GROUP BY month ORDER BY month
2026-04-15 22:40:06.860 [http-nio-8080-exec-4] DEBUG c.e.X.M.UserMapper.UserMapper.getViewMonthTrend - ==> Parameters: 
2026-04-15 22:40:06.862 [http-nio-8080-exec-4] DEBUG c.e.X.M.UserMapper.UserMapper.getViewMonthTrend - <==      Total: 3
2026-04-15 22:40:06.862 [http-nio-8080-exec-4] DEBUG org.mybatis.spring.SqlSessionUtils - Closing non transactional SqlSession [org.apache.ibatis.session.defaults.DefaultSqlSession@5eb496a6]
2026-04-15 22:40:06.863 [http-nio-8080-exec-4] DEBUG org.mybatis.spring.SqlSessionUtils - Creating a new SqlSession
2026-04-15 22:40:06.863 [http-nio-8080-exec-4] DEBUG org.mybatis.spring.SqlSessionUtils - SqlSession [org.apache.ibatis.session.defaults.DefaultSqlSession@765a8235] was not registered for synchronization because synchronization is not active
2026-04-15 22:40:06.863 [http-nio-8080-exec-4] DEBUG o.springframework.jdbc.datasource.DataSourceUtils - Fetching JDBC Connection from DataSource
2026-04-15 22:40:06.863 [http-nio-8080-exec-4] DEBUG o.m.spring.transaction.SpringManagedTransaction - JDBC Connection [HikariProxyConnection@959660491 wrapping com.mysql.cj.jdbc.ConnectionImpl@45a4efa4] will not be managed by Spring
2026-04-15 22:40:06.863 [http-nio-8080-exec-4] DEBUG c.e.X.M.U.UserMapper.getEducationDistribution - ==>  Preparing: SELECT Leavel AS name, COUNT(*) AS value FROM user WHERE Leavel IS NOT NULL AND Leavel != '' GROUP BY Leavel ORDER BY value DESC
2026-04-15 22:40:06.863 [http-nio-8080-exec-4] DEBUG c.e.X.M.U.UserMapper.getEducationDistribution - ==> Parameters: 
2026-04-15 22:40:06.864 [http-nio-8080-exec-4] DEBUG c.e.X.M.U.UserMapper.getEducationDistribution - <==      Total: 3
2026-04-15 22:40:06.864 [http-nio-8080-exec-4] DEBUG org.mybatis.spring.SqlSessionUtils - Closing non transactional SqlSession [org.apache.ibatis.session.defaults.DefaultSqlSession@765a8235]
2026-04-15 22:40:06.865 [http-nio-8080-exec-4] DEBUG org.mybatis.spring.SqlSessionUtils - Creating a new SqlSession
2026-04-15 22:40:06.865 [http-nio-8080-exec-4] DEBUG org.mybatis.spring.SqlSessionUtils - SqlSession [org.apache.ibatis.session.defaults.DefaultSqlSession@23915b5] was not registered for synchronization because synchronization is not active
2026-04-15 22:40:06.865 [http-nio-8080-exec-4] DEBUG o.springframework.jdbc.datasource.DataSourceUtils - Fetching JDBC Connection from DataSource
2026-04-15 22:40:06.865 [http-nio-8080-exec-4] DEBUG o.m.spring.transaction.SpringManagedTransaction - JDBC Connection [HikariProxyConnection@535449532 wrapping com.mysql.cj.jdbc.ConnectionImpl@45a4efa4] will not be managed by Spring
2026-04-15 22:40:06.865 [http-nio-8080-exec-4] DEBUG c.e.X.M.U.UserMapper.getLanguageDistribution - ==>  Preparing: SELECT Language AS name, COUNT(*) AS value FROM user WHERE Language IS NOT NULL AND Language != '' GROUP BY Language ORDER BY value DESC
2026-04-15 22:40:06.865 [http-nio-8080-exec-4] DEBUG c.e.X.M.U.UserMapper.getLanguageDistribution - ==> Parameters: 
2026-04-15 22:40:06.866 [http-nio-8080-exec-4] DEBUG c.e.X.M.U.UserMapper.getLanguageDistribution - <==      Total: 2
2026-04-15 22:40:06.866 [http-nio-8080-exec-4] DEBUG org.mybatis.spring.SqlSessionUtils - Closing non transactional SqlSession [org.apache.ibatis.session.defaults.DefaultSqlSession@23915b5]
2026-04-15 22:40:06.866 [http-nio-8080-exec-4] DEBUG org.mybatis.spring.SqlSessionUtils - Creating a new SqlSession
2026-04-15 22:40:06.866 [http-nio-8080-exec-4] DEBUG org.mybatis.spring.SqlSessionUtils - SqlSession [org.apache.ibatis.session.defaults.DefaultSqlSession@4d5d9bf5] was not registered for synchronization because synchronization is not active
2026-04-15 22:40:06.866 [http-nio-8080-exec-4] DEBUG o.springframework.jdbc.datasource.DataSourceUtils - Fetching JDBC Connection from DataSource
2026-04-15 22:40:06.866 [http-nio-8080-exec-4] DEBUG o.m.spring.transaction.SpringManagedTransaction - JDBC Connection [HikariProxyConnection@126069590 wrapping com.mysql.cj.jdbc.ConnectionImpl@45a4efa4] will not be managed by Spring
2026-04-15 22:40:06.866 [http-nio-8080-exec-4] DEBUG c.e.X.M.V.VideoMapper.getVideoTypeDistribution - ==>  Preparing: SELECT vt.TypeName AS name, COUNT(DISTINCT v.VideoId) AS count, ROUND(COUNT(DISTINCT v.VideoId) * 100.0 / total.total, 0) AS percent FROM videotype vt LEFT JOIN videoandtype vat ON vt.VideoTypeId = vat.TypeId LEFT JOIN video v ON vat.VideoId = v.VideoId AND v.IsDelete = 0 LEFT JOIN (SELECT COUNT(DISTINCT VideoId) AS total FROM video WHERE IsDelete = 0) AS total ON 1=1 GROUP BY vt.TypeName, total.total ORDER BY count DESC
2026-04-15 22:40:06.866 [http-nio-8080-exec-4] DEBUG c.e.X.M.V.VideoMapper.getVideoTypeDistribution - ==> Parameters: 
2026-04-15 22:40:06.872 [http-nio-8080-exec-4] DEBUG c.e.X.M.V.VideoMapper.getVideoTypeDistribution - <==      Total: 10
2026-04-15 22:40:06.872 [http-nio-8080-exec-4] DEBUG org.mybatis.spring.SqlSessionUtils - Closing non transactional SqlSession [org.apache.ibatis.session.defaults.DefaultSqlSession@4d5d9bf5]
2026-04-15 22:40:06.874 [http-nio-8080-exec-4] DEBUG org.mybatis.spring.SqlSessionUtils - Creating a new SqlSession
2026-04-15 22:40:06.874 [http-nio-8080-exec-4] DEBUG org.mybatis.spring.SqlSessionUtils - SqlSession [org.apache.ibatis.session.defaults.DefaultSqlSession@61dccbff] was not registered for synchronization because synchronization is not active
2026-04-15 22:40:06.874 [http-nio-8080-exec-4] DEBUG o.springframework.jdbc.datasource.DataSourceUtils - Fetching JDBC Connection from DataSource
2026-04-15 22:40:06.874 [http-nio-8080-exec-4] DEBUG o.m.spring.transaction.SpringManagedTransaction - JDBC Connection [HikariProxyConnection@1398458083 wrapping com.mysql.cj.jdbc.ConnectionImpl@45a4efa4] will not be managed by Spring
2026-04-15 22:40:06.874 [http-nio-8080-exec-4] DEBUG c.e.X.M.VideoMapper.VideoMapper.getAiModelCount - ==>  Preparing: SELECT COUNT(*) AS modelCount FROM aiconfig
2026-04-15 22:40:06.874 [http-nio-8080-exec-4] DEBUG c.e.X.M.VideoMapper.VideoMapper.getAiModelCount - ==> Parameters: 
2026-04-15 22:40:06.875 [http-nio-8080-exec-4] DEBUG c.e.X.M.VideoMapper.VideoMapper.getAiModelCount - <==      Total: 1
2026-04-15 22:40:06.875 [http-nio-8080-exec-4] DEBUG org.mybatis.spring.SqlSessionUtils - Closing non transactional SqlSession [org.apache.ibatis.session.defaults.DefaultSqlSession@61dccbff]
2026-04-15 22:40:06.875 [http-nio-8080-exec-4] DEBUG org.mybatis.spring.SqlSessionUtils - Creating a new SqlSession
2026-04-15 22:40:06.875 [http-nio-8080-exec-4] DEBUG org.mybatis.spring.SqlSessionUtils - SqlSession [org.apache.ibatis.session.defaults.DefaultSqlSession@44f4dec9] was not registered for synchronization because synchronization is not active
2026-04-15 22:40:06.875 [http-nio-8080-exec-4] DEBUG o.springframework.jdbc.datasource.DataSourceUtils - Fetching JDBC Connection from DataSource
2026-04-15 22:40:06.875 [http-nio-8080-exec-4] DEBUG o.m.spring.transaction.SpringManagedTransaction - JDBC Connection [HikariProxyConnection@1931778625 wrapping com.mysql.cj.jdbc.ConnectionImpl@45a4efa4] will not be managed by Spring
2026-04-15 22:40:06.875 [http-nio-8080-exec-4] DEBUG c.e.X.M.V.VideoMapper.getTotalCommentCount - ==>  Preparing: SELECT COUNT(DISTINCT VideoCommentId) AS commentCount FROM videocomment WHERE Status = 1
2026-04-15 22:40:06.875 [http-nio-8080-exec-4] DEBUG c.e.X.M.V.VideoMapper.getTotalCommentCount - ==> Parameters: 
2026-04-15 22:40:06.877 [http-nio-8080-exec-4] DEBUG c.e.X.M.V.VideoMapper.getTotalCommentCount - <==      Total: 1
2026-04-15 22:40:06.877 [http-nio-8080-exec-4] DEBUG org.mybatis.spring.SqlSessionUtils - Closing non transactional SqlSession [org.apache.ibatis.session.defaults.DefaultSqlSession@44f4dec9]
2026-04-15 22:40:06.877 [http-nio-8080-exec-4] DEBUG org.mybatis.spring.SqlSessionUtils - Creating a new SqlSession
2026-04-15 22:40:06.877 [http-nio-8080-exec-4] DEBUG org.mybatis.spring.SqlSessionUtils - SqlSession [org.apache.ibatis.session.defaults.DefaultSqlSession@51428e90] was not registered for synchronization because synchronization is not active
2026-04-15 22:40:06.877 [http-nio-8080-exec-4] DEBUG o.springframework.jdbc.datasource.DataSourceUtils - Fetching JDBC Connection from DataSource
2026-04-15 22:40:06.877 [http-nio-8080-exec-4] DEBUG o.m.spring.transaction.SpringManagedTransaction - JDBC Connection [HikariProxyConnection@866255079 wrapping com.mysql.cj.jdbc.ConnectionImpl@45a4efa4] will not be managed by Spring
2026-04-15 22:40:06.877 [http-nio-8080-exec-4] DEBUG c.e.X.M.VideoMapper.VideoMapper.getTotalFileCount - ==>  Preparing: SELECT COUNT(*) FROM videoresolution
2026-04-15 22:40:06.877 [http-nio-8080-exec-4] DEBUG c.e.X.M.VideoMapper.VideoMapper.getTotalFileCount - ==> Parameters: 
2026-04-15 22:40:06.878 [http-nio-8080-exec-4] DEBUG c.e.X.M.VideoMapper.VideoMapper.getTotalFileCount - <==      Total: 1
2026-04-15 22:40:06.878 [http-nio-8080-exec-4] DEBUG org.mybatis.spring.SqlSessionUtils - Closing non transactional SqlSession [org.apache.ibatis.session.defaults.DefaultSqlSession@51428e90]
2026-04-15 22:40:06.878 [http-nio-8080-exec-4] DEBUG org.mybatis.spring.SqlSessionUtils - Creating a new SqlSession
2026-04-15 22:40:06.878 [http-nio-8080-exec-4] DEBUG org.mybatis.spring.SqlSessionUtils - SqlSession [org.apache.ibatis.session.defaults.DefaultSqlSession@caac5f] was not registered for synchronization because synchronization is not active
2026-04-15 22:40:06.878 [http-nio-8080-exec-4] DEBUG o.springframework.jdbc.datasource.DataSourceUtils - Fetching JDBC Connection from DataSource
2026-04-15 22:40:06.878 [http-nio-8080-exec-4] DEBUG o.m.spring.transaction.SpringManagedTransaction - JDBC Connection [HikariProxyConnection@1161401560 wrapping com.mysql.cj.jdbc.ConnectionImpl@45a4efa4] will not be managed by Spring
2026-04-15 22:40:06.879 [http-nio-8080-exec-4] DEBUG c.e.X.M.U.UserMapper.getAiUsageDistribution - ==>  Preparing: SELECT AiId AS name, COUNT(*) AS value FROM userandai WHERE IsDeleted = 1 GROUP BY AiId ORDER BY value DESC
2026-04-15 22:40:06.879 [http-nio-8080-exec-4] DEBUG c.e.X.M.U.UserMapper.getAiUsageDistribution - ==> Parameters: 
2026-04-15 22:40:06.880 [http-nio-8080-exec-4] DEBUG c.e.X.M.U.UserMapper.getAiUsageDistribution - <==      Total: 4
2026-04-15 22:40:06.881 [http-nio-8080-exec-4] DEBUG org.mybatis.spring.SqlSessionUtils - Closing non transactional SqlSession [org.apache.ibatis.session.defaults.DefaultSqlSession@caac5f]
2026-04-15 22:40:06.881 [http-nio-8080-exec-4] DEBUG o.s.w.s.m.m.a.RequestResponseBodyMethodProcessor - Using 'application/json', given [application/json, text/plain, */*] and supported [application/json, application/*+json]
2026-04-15 22:40:06.886 [http-nio-8080-exec-4] DEBUG o.s.w.s.m.m.a.RequestResponseBodyMethodProcessor - Writing [Result(code=0, message=操作成功, data=DashboardResponseDTO(userData=UserStatsDTO(totalUsers=12, userGrow (truncated)...]
2026-04-15 22:40:06.892 [http-nio-8080-exec-4] DEBUG org.springframework.web.servlet.DispatcherServlet - Completed 200 OK
2026-04-15 22:40:07.900 [HikariPool-1:housekeeper] DEBUG com.zaxxer.hikari.pool.HikariPool - HikariPool-1 - Pool stats (total=10/10, idle=10/10, active=0, waiting=0)
2026-04-15 22:40:07.900 [HikariPool-1:housekeeper] DEBUG com.zaxxer.hikari.pool.HikariPool - HikariPool-1 - Fill pool skipped, pool has sufficient level or currently being filled.
2026-04-15 22:40:11.821 [http-nio-8080-exec-5] DEBUG org.springframework.web.servlet.DispatcherServlet - GET "/user/date", parameters={}
2026-04-15 22:40:11.821 [http-nio-8080-exec-5] DEBUG o.s.w.s.m.m.a.RequestMappingHandlerMapping - Mapped to com.example.XSJ.Controller.User.User#GetUserMessageDate()
2026-04-15 22:40:11.824 [http-nio-8080-exec-5] DEBUG org.springframework.web.servlet.DispatcherServlet - Completed 401 UNAUTHORIZED
2026-04-15 22:40:11.851 [http-nio-8080-exec-6] DEBUG org.springframework.web.servlet.DispatcherServlet - GET "/user/home", parameters={}
2026-04-15 22:40:11.852 [http-nio-8080-exec-6] DEBUG o.s.w.s.m.m.a.RequestMappingHandlerMapping - Mapped to com.example.XSJ.Controller.User.User#FirstHomeSourse()
2026-04-15 22:40:11.852 [http-nio-8080-exec-6] DEBUG org.mybatis.spring.SqlSessionUtils - Creating a new SqlSession
2026-04-15 22:40:11.854 [http-nio-8080-exec-6] DEBUG org.mybatis.spring.SqlSessionUtils - SqlSession [org.apache.ibatis.session.defaults.DefaultSqlSession@43e0a79b] was not registered for synchronization because synchronization is not active
2026-04-15 22:40:11.855 [http-nio-8080-exec-6] DEBUG o.springframework.jdbc.datasource.DataSourceUtils - Fetching JDBC Connection from DataSource
2026-04-15 22:40:11.855 [http-nio-8080-exec-6] DEBUG o.m.spring.transaction.SpringManagedTransaction - JDBC Connection [HikariProxyConnection@498531710 wrapping com.mysql.cj.jdbc.ConnectionImpl@45a4efa4] will not be managed by Spring
2026-04-15 22:40:11.855 [http-nio-8080-exec-6] DEBUG c.e.X.M.S.H.selectAllEnableResourse - ==>  Preparing: SELECT * FROM HomeResources WHERE IsUse = ?
2026-04-15 22:40:11.856 [http-nio-8080-exec-6] DEBUG c.e.X.M.S.H.selectAllEnableResourse - ==> Parameters: 1(Integer)
2026-04-15 22:40:11.867 [http-nio-8080-exec-6] DEBUG c.e.X.M.S.H.selectAllEnableResourse - <==      Total: 24
2026-04-15 22:40:11.868 [http-nio-8080-exec-6] DEBUG org.mybatis.spring.SqlSessionUtils - Closing non transactional SqlSession [org.apache.ibatis.session.defaults.DefaultSqlSession@43e0a79b]
2026-04-15 22:40:11.870 [http-nio-8080-exec-6] DEBUG o.s.w.s.m.m.a.RequestResponseBodyMethodProcessor - Using 'application/json', given [application/json, text/plain, */*] and supported [application/json, application/*+json]
2026-04-15 22:40:11.870 [http-nio-8080-exec-6] DEBUG o.s.w.s.m.m.a.RequestResponseBodyMethodProcessor - Writing [Result(code=0, message=操作成功, data={aiShowcase=https://picsum.photos/500/400?random=20, advantages=[h (truncated)...]
2026-04-15 22:40:11.871 [http-nio-8080-exec-6] DEBUG org.springframework.web.servlet.DispatcherServlet - Completed 200 OK
2026-04-15 22:40:13.224 [cluster-ClusterId{value='69dfa325a88562ec101c348a', description='null'}-localhost:27017] DEBUG org.mongodb.driver.cluster - Updating cluster description to  {type=STANDALONE, servers=[{address=localhost:27017, type=STANDALONE, roundTripTime=15.7 ms, state=CONNECTED}]
2026-04-15 22:40:13.224 [cluster-ClusterId{value='69dfa325a88562ec101c348a', description='null'}-localhost:27017] DEBUG org.mongodb.driver.cluster - Checking status of localhost:27017
2026-04-15 22:40:23.224 [cluster-ClusterId{value='69dfa325a88562ec101c348a', description='null'}-localhost:27017] DEBUG org.mongodb.driver.cluster - Updating cluster description to  {type=STANDALONE, servers=[{address=localhost:27017, type=STANDALONE, roundTripTime=13.3 ms, state=CONNECTED}]
2026-04-15 22:40:23.224 [cluster-ClusterId{value='69dfa325a88562ec101c348a', description='null'}-localhost:27017] DEBUG org.mongodb.driver.cluster - Checking status of localhost:27017
2026-04-15 22:40:33.224 [cluster-ClusterId{value='69dfa325a88562ec101c348a', description='null'}-localhost:27017] DEBUG org.mongodb.driver.cluster - Updating cluster description to  {type=STANDALONE, servers=[{address=localhost:27017, type=STANDALONE, roundTripTime=11.1 ms, state=CONNECTED}]
2026-04-15 22:40:33.224 [cluster-ClusterId{value='69dfa325a88562ec101c348a', description='null'}-localhost:27017] DEBUG org.mongodb.driver.cluster - Checking status of localhost:27017
2026-04-15 22:40:37.909 [HikariPool-1:housekeeper] DEBUG com.zaxxer.hikari.pool.HikariPool - HikariPool-1 - Pool stats (total=10/10, idle=10/10, active=0, waiting=0)
2026-04-15 22:40:37.909 [HikariPool-1:housekeeper] DEBUG com.zaxxer.hikari.pool.HikariPool - HikariPool-1 - Fill pool skipped, pool has sufficient level or currently being filled.
2026-04-15 22:40:43.224 [cluster-ClusterId{value='69dfa325a88562ec101c348a', description='null'}-localhost:27017] DEBUG org.mongodb.driver.cluster - Updating cluster description to  {type=STANDALONE, servers=[{address=localhost:27017, type=STANDALONE, roundTripTime=8.9 ms, state=CONNECTED}]
2026-04-15 22:40:43.224 [cluster-ClusterId{value='69dfa325a88562ec101c348a', description='null'}-localhost:27017] DEBUG org.mongodb.driver.cluster - Checking status of localhost:27017
2026-04-15 22:40:53.226 [cluster-ClusterId{value='69dfa325a88562ec101c348a', description='null'}-localhost:27017] DEBUG org.mongodb.driver.cluster - Updating cluster description to  {type=STANDALONE, servers=[{address=localhost:27017, type=STANDALONE, roundTripTime=7.3 ms, state=CONNECTED}]
2026-04-15 22:40:53.226 [cluster-ClusterId{value='69dfa325a88562ec101c348a', description='null'}-localhost:27017] DEBUG org.mongodb.driver.cluster - Checking status of localhost:27017
2026-04-15 22:41:03.227 [cluster-ClusterId{value='69dfa325a88562ec101c348a', description='null'}-localhost:27017] DEBUG org.mongodb.driver.cluster - Updating cluster description to  {type=STANDALONE, servers=[{address=localhost:27017, type=STANDALONE, roundTripTime=6.0 ms, state=CONNECTED}]
2026-04-15 22:41:03.227 [cluster-ClusterId{value='69dfa325a88562ec101c348a', description='null'}-localhost:27017] DEBUG org.mongodb.driver.cluster - Checking status of localhost:27017
2026-04-15 22:41:07.913 [HikariPool-1:housekeeper] DEBUG com.zaxxer.hikari.pool.HikariPool - HikariPool-1 - Pool stats (total=10/10, idle=10/10, active=0, waiting=0)
2026-04-15 22:41:07.913 [HikariPool-1:housekeeper] DEBUG com.zaxxer.hikari.pool.HikariPool - HikariPool-1 - Fill pool skipped, pool has sufficient level or currently being filled.
2026-04-15 22:41:13.227 [cluster-ClusterId{value='69dfa325a88562ec101c348a', description='null'}-localhost:27017] DEBUG org.mongodb.driver.cluster - Updating cluster description to  {type=STANDALONE, servers=[{address=localhost:27017, type=STANDALONE, roundTripTime=4.9 ms, state=CONNECTED}]
2026-04-15 22:41:13.227 [cluster-ClusterId{value='69dfa325a88562ec101c348a', description='null'}-localhost:27017] DEBUG org.mongodb.driver.cluster - Checking status of localhost:27017
2026-04-15 22:41:15.251 [HikariPool-1:housekeeper] DEBUG com.zaxxer.hikari.pool.HikariPool - HikariPool-1 - keepalive: connection com.mysql.cj.jdbc.ConnectionImpl@5a14c7aa is alive
2026-04-15 22:41:17.759 [HikariPool-1:housekeeper] DEBUG com.zaxxer.hikari.pool.HikariPool - HikariPool-1 - keepalive: connection com.mysql.cj.jdbc.ConnectionImpl@3bcdbbaa is alive
2026-04-15 22:41:21.989 [HikariPool-1:housekeeper] DEBUG com.zaxxer.hikari.pool.HikariPool - HikariPool-1 - keepalive: connection com.mysql.cj.jdbc.ConnectionImpl@7b43f3a2 is alive
2026-04-15 22:41:23.227 [cluster-ClusterId{value='69dfa325a88562ec101c348a', description='null'}-localhost:27017] DEBUG org.mongodb.driver.cluster - Updating cluster description to  {type=STANDALONE, servers=[{address=localhost:27017, type=STANDALONE, roundTripTime=4.0 ms, state=CONNECTED}]
2026-04-15 22:41:23.227 [cluster-ClusterId{value='69dfa325a88562ec101c348a', description='null'}-localhost:27017] DEBUG org.mongodb.driver.cluster - Checking status of localhost:27017
2026-04-15 22:41:24.170 [HikariPool-1:housekeeper] DEBUG com.zaxxer.hikari.pool.HikariPool - HikariPool-1 - keepalive: connection com.mysql.cj.jdbc.ConnectionImpl@6793b824 is alive
2026-04-15 22:41:24.628 [HikariPool-1:housekeeper] DEBUG com.zaxxer.hikari.pool.HikariPool - HikariPool-1 - keepalive: connection com.mysql.cj.jdbc.ConnectionImpl@71819bc6 is alive
2026-04-15 22:41:24.882 [HikariPool-1:housekeeper] DEBUG com.zaxxer.hikari.pool.HikariPool - HikariPool-1 - keepalive: connection com.mysql.cj.jdbc.ConnectionImpl@3cf0e9b6 is alive
2026-04-15 22:41:28.645 [HikariPool-1:housekeeper] DEBUG com.zaxxer.hikari.pool.HikariPool - HikariPool-1 - keepalive: connection com.mysql.cj.jdbc.ConnectionImpl@45a4efa4 is alive
2026-04-15 22:41:31.359 [HikariPool-1:housekeeper] DEBUG com.zaxxer.hikari.pool.HikariPool - HikariPool-1 - keepalive: connection com.mysql.cj.jdbc.ConnectionImpl@1057c3c4 is alive
2026-04-15 22:41:31.423 [HikariPool-1:housekeeper] DEBUG com.zaxxer.hikari.pool.HikariPool - HikariPool-1 - keepalive: connection com.mysql.cj.jdbc.ConnectionImpl@5f5011b2 is alive
2026-04-15 22:41:33.228 [cluster-ClusterId{value='69dfa325a88562ec101c348a', description='null'}-localhost:27017] DEBUG org.mongodb.driver.cluster - Updating cluster description to  {type=STANDALONE, servers=[{address=localhost:27017, type=STANDALONE, roundTripTime=3.4 ms, state=CONNECTED}]
2026-04-15 22:41:33.228 [cluster-ClusterId{value='69dfa325a88562ec101c348a', description='null'}-localhost:27017] DEBUG org.mongodb.driver.cluster - Checking status of localhost:27017
2026-04-15 22:41:35.651 [HikariPool-1:housekeeper] DEBUG com.zaxxer.hikari.pool.HikariPool - HikariPool-1 - keepalive: connection com.mysql.cj.jdbc.ConnectionImpl@6b79ea1d is alive
2026-04-15 22:41:37.928 [HikariPool-1:housekeeper] DEBUG com.zaxxer.hikari.pool.HikariPool - HikariPool-1 - Pool stats (total=10/10, idle=10/10, active=0, waiting=0)
2026-04-15 22:41:37.928 [HikariPool-1:housekeeper] DEBUG com.zaxxer.hikari.pool.HikariPool - HikariPool-1 - Fill pool skipped, pool has sufficient level or currently being filled.
2026-04-15 22:41:43.229 [cluster-ClusterId{value='69dfa325a88562ec101c348a', description='null'}-localhost:27017] DEBUG org.mongodb.driver.cluster - Updating cluster description to  {type=STANDALONE, servers=[{address=localhost:27017, type=STANDALONE, roundTripTime=2.8 ms, state=CONNECTED}]
2026-04-15 22:41:43.229 [cluster-ClusterId{value='69dfa325a88562ec101c348a', description='null'}-localhost:27017] DEBUG org.mongodb.driver.cluster - Checking status of localhost:27017
2026-04-15 22:41:53.229 [cluster-ClusterId{value='69dfa325a88562ec101c348a', description='null'}-localhost:27017] DEBUG org.mongodb.driver.cluster - Updating cluster description to  {type=STANDALONE, servers=[{address=localhost:27017, type=STANDALONE, roundTripTime=2.3 ms, state=CONNECTED}]
2026-04-15 22:41:53.229 [cluster-ClusterId{value='69dfa325a88562ec101c348a', description='null'}-localhost:27017] DEBUG org.mongodb.driver.cluster - Checking status of localhost:27017
2026-04-15 22:42:03.232 [cluster-ClusterId{value='69dfa325a88562ec101c348a', description='null'}-localhost:27017] DEBUG org.mongodb.driver.cluster - Updating cluster description to  {type=STANDALONE, servers=[{address=localhost:27017, type=STANDALONE, roundTripTime=2.0 ms, state=CONNECTED}]
2026-04-15 22:42:03.232 [cluster-ClusterId{value='69dfa325a88562ec101c348a', description='null'}-localhost:27017] DEBUG org.mongodb.driver.cluster - Checking status of localhost:27017
2026-04-15 22:42:07.935 [HikariPool-1:housekeeper] DEBUG com.zaxxer.hikari.pool.HikariPool - HikariPool-1 - Pool stats (total=10/10, idle=10/10, active=0, waiting=0)
2026-04-15 22:42:07.935 [HikariPool-1:housekeeper] DEBUG com.zaxxer.hikari.pool.HikariPool - HikariPool-1 - Fill pool skipped, pool has sufficient level or currently being filled.
2026-04-15 22:42:13.233 [cluster-ClusterId{value='69dfa325a88562ec101c348a', description='null'}-localhost:27017] DEBUG org.mongodb.driver.cluster - Updating cluster description to  {type=STANDALONE, servers=[{address=localhost:27017, type=STANDALONE, roundTripTime=1.7 ms, state=CONNECTED}]
2026-04-15 22:42:13.233 [cluster-ClusterId{value='69dfa325a88562ec101c348a', description='null'}-localhost:27017] DEBUG org.mongodb.driver.cluster - Checking status of localhost:27017
2026-04-15 22:42:23.233 [cluster-ClusterId{value='69dfa325a88562ec101c348a', description='null'}-localhost:27017] DEBUG org.mongodb.driver.cluster - Updating cluster description to  {type=STANDALONE, servers=[{address=localhost:27017, type=STANDALONE, roundTripTime=1.5 ms, state=CONNECTED}]
2026-04-15 22:42:23.233 [cluster-ClusterId{value='69dfa325a88562ec101c348a', description='null'}-localhost:27017] DEBUG org.mongodb.driver.cluster - Checking status of localhost:27017
2026-04-15 22:42:33.234 [cluster-ClusterId{value='69dfa325a88562ec101c348a', description='null'}-localhost:27017] DEBUG org.mongodb.driver.cluster - Updating cluster description to  {type=STANDALONE, servers=[{address=localhost:27017, type=STANDALONE, roundTripTime=1.3 ms, state=CONNECTED}]
2026-04-15 22:42:33.234 [cluster-ClusterId{value='69dfa325a88562ec101c348a', description='null'}-localhost:27017] DEBUG org.mongodb.driver.cluster - Checking status of localhost:27017
2026-04-15 22:42:37.945 [HikariPool-1:housekeeper] DEBUG com.zaxxer.hikari.pool.HikariPool - HikariPool-1 - Pool stats (total=10/10, idle=10/10, active=0, waiting=0)
2026-04-15 22:42:37.945 [HikariPool-1:housekeeper] DEBUG com.zaxxer.hikari.pool.HikariPool - HikariPool-1 - Fill pool skipped, pool has sufficient level or currently being filled.
2026-04-15 22:42:43.235 [cluster-ClusterId{value='69dfa325a88562ec101c348a', description='null'}-localhost:27017] DEBUG org.mongodb.driver.cluster - Updating cluster description to  {type=STANDALONE, servers=[{address=localhost:27017, type=STANDALONE, roundTripTime=1.2 ms, state=CONNECTED}]
2026-04-15 22:42:43.235 [cluster-ClusterId{value='69dfa325a88562ec101c348a', description='null'}-localhost:27017] DEBUG org.mongodb.driver.cluster - Checking status of localhost:27017
2026-04-15 22:42:52.135 [HikariPool-1:housekeeper] DEBUG com.zaxxer.hikari.pool.HikariPool - HikariPool-1 - keepalive: connection com.mysql.cj.jdbc.ConnectionImpl@5a14c7aa is alive
2026-04-15 22:42:53.236 [cluster-ClusterId{value='69dfa325a88562ec101c348a', description='null'}-localhost:27017] DEBUG org.mongodb.driver.cluster - Updating cluster description to  {type=STANDALONE, servers=[{address=localhost:27017, type=STANDALONE, roundTripTime=1.1 ms, state=CONNECTED}]
2026-04-15 22:42:53.236 [cluster-ClusterId{value='69dfa325a88562ec101c348a', description='null'}-localhost:27017] DEBUG org.mongodb.driver.cluster - Checking status of localhost:27017
2026-04-15 22:42:57.309 [HikariPool-1:housekeeper] DEBUG com.zaxxer.hikari.pool.HikariPool - HikariPool-1 - keepalive: connection com.mysql.cj.jdbc.ConnectionImpl@3bcdbbaa is alive
2026-04-15 22:43:03.236 [cluster-ClusterId{value='69dfa325a88562ec101c348a', description='null'}-localhost:27017] DEBUG org.mongodb.driver.cluster - Updating cluster description to  {type=STANDALONE, servers=[{address=localhost:27017, type=STANDALONE, roundTripTime=1.0 ms, state=CONNECTED}]
2026-04-15 22:43:03.236 [cluster-ClusterId{value='69dfa325a88562ec101c348a', description='null'}-localhost:27017] DEBUG org.mongodb.driver.cluster - Checking status of localhost:27017
2026-04-15 22:43:05.827 [HikariPool-1:housekeeper] DEBUG com.zaxxer.hikari.pool.HikariPool - HikariPool-1 - keepalive: connection com.mysql.cj.jdbc.ConnectionImpl@7b43f3a2 is alive
2026-04-15 22:43:07.956 [HikariPool-1:housekeeper] DEBUG com.zaxxer.hikari.pool.HikariPool - HikariPool-1 - Pool stats (total=10/10, idle=10/10, active=0, waiting=0)
2026-04-15 22:43:07.956 [HikariPool-1:housekeeper] DEBUG com.zaxxer.hikari.pool.HikariPool - HikariPool-1 - Fill pool skipped, pool has sufficient level or currently being filled.
2026-04-15 22:43:10.339 [HikariPool-1:housekeeper] DEBUG com.zaxxer.hikari.pool.HikariPool - HikariPool-1 - keepalive: connection com.mysql.cj.jdbc.ConnectionImpl@6793b824 is alive
2026-04-15 22:43:11.000 [HikariPool-1:housekeeper] DEBUG com.zaxxer.hikari.pool.HikariPool - HikariPool-1 - keepalive: connection com.mysql.cj.jdbc.ConnectionImpl@71819bc6 is alive
2026-04-15 22:43:11.348 [HikariPool-1:housekeeper] DEBUG com.zaxxer.hikari.pool.HikariPool - HikariPool-1 - keepalive: connection com.mysql.cj.jdbc.ConnectionImpl@3cf0e9b6 is alive
2026-04-15 22:43:13.237 [cluster-ClusterId{value='69dfa325a88562ec101c348a', description='null'}-localhost:27017] DEBUG org.mongodb.driver.cluster - Updating cluster description to  {type=STANDALONE, servers=[{address=localhost:27017, type=STANDALONE, roundTripTime=0.9 ms, state=CONNECTED}]
2026-04-15 22:43:13.237 [cluster-ClusterId{value='69dfa325a88562ec101c348a', description='null'}-localhost:27017] DEBUG org.mongodb.driver.cluster - Checking status of localhost:27017
2026-04-15 22:43:19.506 [HikariPool-1:housekeeper] DEBUG com.zaxxer.hikari.pool.HikariPool - HikariPool-1 - keepalive: connection com.mysql.cj.jdbc.ConnectionImpl@45a4efa4 is alive
2026-04-15 22:43:23.238 [cluster-ClusterId{value='69dfa325a88562ec101c348a', description='null'}-localhost:27017] DEBUG org.mongodb.driver.cluster - Updating cluster description to  {type=STANDALONE, servers=[{address=localhost:27017, type=STANDALONE, roundTripTime=0.8 ms, state=CONNECTED}]
2026-04-15 22:43:23.238 [cluster-ClusterId{value='69dfa325a88562ec101c348a', description='null'}-localhost:27017] DEBUG org.mongodb.driver.cluster - Checking status of localhost:27017
2026-04-15 22:43:24.767 [HikariPool-1:housekeeper] DEBUG com.zaxxer.hikari.pool.HikariPool - HikariPool-1 - keepalive: connection com.mysql.cj.jdbc.ConnectionImpl@5f5011b2 is alive
2026-04-15 22:43:24.783 [HikariPool-1:housekeeper] DEBUG com.zaxxer.hikari.pool.HikariPool - HikariPool-1 - keepalive: connection com.mysql.cj.jdbc.ConnectionImpl@1057c3c4 is alive
2026-04-15 22:43:32.971 [HikariPool-1:housekeeper] DEBUG com.zaxxer.hikari.pool.HikariPool - HikariPool-1 - keepalive: connection com.mysql.cj.jdbc.ConnectionImpl@6b79ea1d is alive
2026-04-15 22:43:33.239 [cluster-ClusterId{value='69dfa325a88562ec101c348a', description='null'}-localhost:27017] DEBUG org.mongodb.driver.cluster - Updating cluster description to  {type=STANDALONE, servers=[{address=localhost:27017, type=STANDALONE, roundTripTime=0.8 ms, state=CONNECTED}]
2026-04-15 22:43:33.239 [cluster-ClusterId{value='69dfa325a88562ec101c348a', description='null'}-localhost:27017] DEBUG org.mongodb.driver.cluster - Checking status of localhost:27017
2026-04-15 22:43:37.965 [HikariPool-1:housekeeper] DEBUG com.zaxxer.hikari.pool.HikariPool - HikariPool-1 - Pool stats (total=10/10, idle=10/10, active=0, waiting=0)
2026-04-15 22:43:37.965 [HikariPool-1:housekeeper] DEBUG com.zaxxer.hikari.pool.HikariPool - HikariPool-1 - Fill pool skipped, pool has sufficient level or currently being filled.
2026-04-15 22:43:43.240 [cluster-ClusterId{value='69dfa325a88562ec101c348a', description='null'}-localhost:27017] DEBUG org.mongodb.driver.cluster - Updating cluster description to  {type=STANDALONE, servers=[{address=localhost:27017, type=STANDALONE, roundTripTime=0.7 ms, state=CONNECTED}]
2026-04-15 22:43:43.240 [cluster-ClusterId{value='69dfa325a88562ec101c348a', description='null'}-localhost:27017] DEBUG org.mongodb.driver.cluster - Checking status of localhost:27017
2026-04-15 22:43:53.241 [cluster-ClusterId{value='69dfa325a88562ec101c348a', description='null'}-localhost:27017] DEBUG org.mongodb.driver.cluster - Updating cluster description to  {type=STANDALONE, servers=[{address=localhost:27017, type=STANDALONE, roundTripTime=0.7 ms, state=CONNECTED}]
2026-04-15 22:43:53.241 [cluster-ClusterId{value='69dfa325a88562ec101c348a', description='null'}-localhost:27017] DEBUG org.mongodb.driver.cluster - Checking status of localhost:27017
2026-04-15 22:44:03.242 [cluster-ClusterId{value='69dfa325a88562ec101c348a', description='null'}-localhost:27017] DEBUG org.mongodb.driver.cluster - Updating cluster description to  {type=STANDALONE, servers=[{address=localhost:27017, type=STANDALONE, roundTripTime=0.7 ms, state=CONNECTED}]
2026-04-15 22:44:03.242 [cluster-ClusterId{value='69dfa325a88562ec101c348a', description='null'}-localhost:27017] DEBUG org.mongodb.driver.cluster - Checking status of localhost:27017
2026-04-15 22:44:07.965 [HikariPool-1:housekeeper] DEBUG com.zaxxer.hikari.pool.HikariPool - HikariPool-1 - Pool stats (total=10/10, idle=10/10, active=0, waiting=0)
2026-04-15 22:44:07.965 [HikariPool-1:housekeeper] DEBUG com.zaxxer.hikari.pool.HikariPool - HikariPool-1 - Fill pool skipped, pool has sufficient level or currently being filled.
2026-04-15 22:44:13.242 [cluster-ClusterId{value='69dfa325a88562ec101c348a', description='null'}-localhost:27017] DEBUG org.mongodb.driver.cluster - Updating cluster description to  {type=STANDALONE, servers=[{address=localhost:27017, type=STANDALONE, roundTripTime=0.7 ms, state=CONNECTED}]
2026-04-15 22:44:13.242 [cluster-ClusterId{value='69dfa325a88562ec101c348a', description='null'}-localhost:27017] DEBUG org.mongodb.driver.cluster - Checking status of localhost:27017
2026-04-15 22:44:23.243 [cluster-ClusterId{value='69dfa325a88562ec101c348a', description='null'}-localhost:27017] DEBUG org.mongodb.driver.cluster - Updating cluster description to  {type=STANDALONE, servers=[{address=localhost:27017, type=STANDALONE, roundTripTime=0.7 ms, state=CONNECTED}]
2026-04-15 22:44:23.243 [cluster-ClusterId{value='69dfa325a88562ec101c348a', description='null'}-localhost:27017] DEBUG org.mongodb.driver.cluster - Checking status of localhost:27017
2026-04-15 22:44:29.020 [HikariPool-1:housekeeper] DEBUG com.zaxxer.hikari.pool.HikariPool - HikariPool-1 - keepalive: connection com.mysql.cj.jdbc.ConnectionImpl@5a14c7aa is alive
2026-04-15 22:44:33.244 [cluster-ClusterId{value='69dfa325a88562ec101c348a', description='null'}-localhost:27017] DEBUG org.mongodb.driver.cluster - Updating cluster description to  {type=STANDALONE, servers=[{address=localhost:27017, type=STANDALONE, roundTripTime=0.7 ms, state=CONNECTED}]
2026-04-15 22:44:33.244 [cluster-ClusterId{value='69dfa325a88562ec101c348a', description='null'}-localhost:27017] DEBUG org.mongodb.driver.cluster - Checking status of localhost:27017
2026-04-15 22:44:36.863 [HikariPool-1:housekeeper] DEBUG com.zaxxer.hikari.pool.HikariPool - HikariPool-1 - keepalive: connection com.mysql.cj.jdbc.ConnectionImpl@3bcdbbaa is alive
2026-04-15 22:44:37.980 [HikariPool-1:housekeeper] DEBUG com.zaxxer.hikari.pool.HikariPool - HikariPool-1 - Pool stats (total=10/10, idle=10/10, active=0, waiting=0)
2026-04-15 22:44:37.980 [HikariPool-1:housekeeper] DEBUG com.zaxxer.hikari.pool.HikariPool - HikariPool-1 - Fill pool skipped, pool has sufficient level or currently being filled.
2026-04-15 22:44:43.244 [cluster-ClusterId{value='69dfa325a88562ec101c348a', description='null'}-localhost:27017] DEBUG org.mongodb.driver.cluster - Updating cluster description to  {type=STANDALONE, servers=[{address=localhost:27017, type=STANDALONE, roundTripTime=0.7 ms, state=CONNECTED}]
2026-04-15 22:44:43.244 [cluster-ClusterId{value='69dfa325a88562ec101c348a', description='null'}-localhost:27017] DEBUG org.mongodb.driver.cluster - Checking status of localhost:27017
2026-04-15 22:44:49.672 [HikariPool-1:housekeeper] DEBUG com.zaxxer.hikari.pool.HikariPool - HikariPool-1 - keepalive: connection com.mysql.cj.jdbc.ConnectionImpl@7b43f3a2 is alive
2026-04-15 22:44:53.244 [cluster-ClusterId{value='69dfa325a88562ec101c348a', description='null'}-localhost:27017] DEBUG org.mongodb.driver.cluster - Updating cluster description to  {type=STANDALONE, servers=[{address=localhost:27017, type=STANDALONE, roundTripTime=0.6 ms, state=CONNECTED}]
2026-04-15 22:44:53.244 [cluster-ClusterId{value='69dfa325a88562ec101c348a', description='null'}-localhost:27017] DEBUG org.mongodb.driver.cluster - Checking status of localhost:27017
2026-04-15 22:44:56.508 [HikariPool-1:housekeeper] DEBUG com.zaxxer.hikari.pool.HikariPool - HikariPool-1 - keepalive: connection com.mysql.cj.jdbc.ConnectionImpl@6793b824 is alive
2026-04-15 22:44:57.363 [HikariPool-1:housekeeper] DEBUG com.zaxxer.hikari.pool.HikariPool - HikariPool-1 - keepalive: connection com.mysql.cj.jdbc.ConnectionImpl@71819bc6 is alive
2026-04-15 22:44:57.803 [HikariPool-1:housekeeper] DEBUG com.zaxxer.hikari.pool.HikariPool - HikariPool-1 - keepalive: connection com.mysql.cj.jdbc.ConnectionImpl@3cf0e9b6 is alive
2026-04-15 22:45:03.244 [cluster-ClusterId{value='69dfa325a88562ec101c348a', description='null'}-localhost:27017] DEBUG org.mongodb.driver.cluster - Updating cluster description to  {type=STANDALONE, servers=[{address=localhost:27017, type=STANDALONE, roundTripTime=0.6 ms, state=CONNECTED}]
2026-04-15 22:45:03.244 [cluster-ClusterId{value='69dfa325a88562ec101c348a', description='null'}-localhost:27017] DEBUG org.mongodb.driver.cluster - Checking status of localhost:27017
2026-04-15 22:45:07.985 [HikariPool-1:housekeeper] DEBUG com.zaxxer.hikari.pool.HikariPool - HikariPool-1 - Pool stats (total=10/10, idle=10/10, active=0, waiting=0)
2026-04-15 22:45:07.985 [HikariPool-1:housekeeper] DEBUG com.zaxxer.hikari.pool.HikariPool - HikariPool-1 - Fill pool skipped, pool has sufficient level or currently being filled.
2026-04-15 22:45:10.363 [HikariPool-1:housekeeper] DEBUG com.zaxxer.hikari.pool.HikariPool - HikariPool-1 - keepalive: connection com.mysql.cj.jdbc.ConnectionImpl@45a4efa4 is alive
2026-04-15 22:45:12.134 [http-nio-8080-exec-7] DEBUG org.springframework.web.servlet.DispatcherServlet - GET "/user/date", parameters={}
2026-04-15 22:45:12.134 [http-nio-8080-exec-7] DEBUG o.s.w.s.m.m.a.RequestMappingHandlerMapping - Mapped to com.example.XSJ.Controller.User.User#GetUserMessageDate()
2026-04-15 22:45:12.135 [http-nio-8080-exec-7] DEBUG org.springframework.web.servlet.DispatcherServlet - Completed 401 UNAUTHORIZED
2026-04-15 22:45:13.245 [cluster-ClusterId{value='69dfa325a88562ec101c348a', description='null'}-localhost:27017] DEBUG org.mongodb.driver.cluster - Updating cluster description to  {type=STANDALONE, servers=[{address=localhost:27017, type=STANDALONE, roundTripTime=0.6 ms, state=CONNECTED}]
2026-04-15 22:45:13.245 [cluster-ClusterId{value='69dfa325a88562ec101c348a', description='null'}-localhost:27017] DEBUG org.mongodb.driver.cluster - Checking status of localhost:27017
2026-04-15 22:45:18.107 [HikariPool-1:housekeeper] DEBUG com.zaxxer.hikari.pool.HikariPool - HikariPool-1 - keepalive: connection com.mysql.cj.jdbc.ConnectionImpl@5f5011b2 is alive
2026-04-15 22:45:18.201 [HikariPool-1:housekeeper] DEBUG com.zaxxer.hikari.pool.HikariPool - HikariPool-1 - keepalive: connection com.mysql.cj.jdbc.ConnectionImpl@1057c3c4 is alive
2026-04-15 22:45:23.246 [cluster-ClusterId{value='69dfa325a88562ec101c348a', description='null'}-localhost:27017] DEBUG org.mongodb.driver.cluster - Updating cluster description to  {type=STANDALONE, servers=[{address=localhost:27017, type=STANDALONE, roundTripTime=0.7 ms, state=CONNECTED}]
2026-04-15 22:45:23.246 [cluster-ClusterId{value='69dfa325a88562ec101c348a', description='null'}-localhost:27017] DEBUG org.mongodb.driver.cluster - Checking status of localhost:27017
2026-04-15 22:45:30.292 [HikariPool-1:housekeeper] DEBUG com.zaxxer.hikari.pool.HikariPool - HikariPool-1 - keepalive: connection com.mysql.cj.jdbc.ConnectionImpl@6b79ea1d is alive
2026-04-15 22:45:33.246 [cluster-ClusterId{value='69dfa325a88562ec101c348a', description='null'}-localhost:27017] DEBUG org.mongodb.driver.cluster - Updating cluster description to  {type=STANDALONE, servers=[{address=localhost:27017, type=STANDALONE, roundTripTime=0.7 ms, state=CONNECTED}]
2026-04-15 22:45:33.246 [cluster-ClusterId{value='69dfa325a88562ec101c348a', description='null'}-localhost:27017] DEBUG org.mongodb.driver.cluster - Checking status of localhost:27017
2026-04-15 22:45:37.999 [HikariPool-1:housekeeper] DEBUG com.zaxxer.hikari.pool.HikariPool - HikariPool-1 - Pool stats (total=10/10, idle=10/10, active=0, waiting=0)
2026-04-15 22:45:37.999 [HikariPool-1:housekeeper] DEBUG com.zaxxer.hikari.pool.HikariPool - HikariPool-1 - Fill pool skipped, pool has sufficient level or currently being filled.
2026-04-15 22:45:43.246 [cluster-ClusterId{value='69dfa325a88562ec101c348a', description='null'}-localhost:27017] DEBUG org.mongodb.driver.cluster - Updating cluster description to  {type=STANDALONE, servers=[{address=localhost:27017, type=STANDALONE, roundTripTime=0.7 ms, state=CONNECTED}]
2026-04-15 22:45:43.246 [cluster-ClusterId{value='69dfa325a88562ec101c348a', description='null'}-localhost:27017] DEBUG org.mongodb.driver.cluster - Checking status of localhost:27017
2026-04-15 22:45:53.248 [cluster-ClusterId{value='69dfa325a88562ec101c348a', description='null'}-localhost:27017] DEBUG org.mongodb.driver.cluster - Updating cluster description to  {type=STANDALONE, servers=[{address=localhost:27017, type=STANDALONE, roundTripTime=0.7 ms, state=CONNECTED}]
2026-04-15 22:45:53.248 [cluster-ClusterId{value='69dfa325a88562ec101c348a', description='null'}-localhost:27017] DEBUG org.mongodb.driver.cluster - Checking status of localhost:27017
2026-04-15 22:46:03.250 [cluster-ClusterId{value='69dfa325a88562ec101c348a', description='null'}-localhost:27017] DEBUG org.mongodb.driver.cluster - Updating cluster description to  {type=STANDALONE, servers=[{address=localhost:27017, type=STANDALONE, roundTripTime=0.7 ms, state=CONNECTED}]
2026-04-15 22:46:03.250 [cluster-ClusterId{value='69dfa325a88562ec101c348a', description='null'}-localhost:27017] DEBUG org.mongodb.driver.cluster - Checking status of localhost:27017
2026-04-15 22:46:05.897 [HikariPool-1:housekeeper] DEBUG com.zaxxer.hikari.pool.HikariPool - HikariPool-1 - keepalive: connection com.mysql.cj.jdbc.ConnectionImpl@5a14c7aa is alive
2026-04-15 22:46:08.006 [HikariPool-1:housekeeper] DEBUG com.zaxxer.hikari.pool.HikariPool - HikariPool-1 - Pool stats (total=10/10, idle=10/10, active=0, waiting=0)
2026-04-15 22:46:08.006 [HikariPool-1:housekeeper] DEBUG com.zaxxer.hikari.pool.HikariPool - HikariPool-1 - Fill pool skipped, pool has sufficient level or currently being filled.
2026-04-15 22:46:13.251 [cluster-ClusterId{value='69dfa325a88562ec101c348a', description='null'}-localhost:27017] DEBUG org.mongodb.driver.cluster - Updating cluster description to  {type=STANDALONE, servers=[{address=localhost:27017, type=STANDALONE, roundTripTime=0.7 ms, state=CONNECTED}]
2026-04-15 22:46:13.251 [cluster-ClusterId{value='69dfa325a88562ec101c348a', description='null'}-localhost:27017] DEBUG org.mongodb.driver.cluster - Checking status of localhost:27017
2026-04-15 22:46:16.412 [HikariPool-1:housekeeper] DEBUG com.zaxxer.hikari.pool.HikariPool - HikariPool-1 - keepalive: connection com.mysql.cj.jdbc.ConnectionImpl@3bcdbbaa is alive
2026-04-15 22:46:23.251 [cluster-ClusterId{value='69dfa325a88562ec101c348a', description='null'}-localhost:27017] DEBUG org.mongodb.driver.cluster - Updating cluster description to  {type=STANDALONE, servers=[{address=localhost:27017, type=STANDALONE, roundTripTime=0.7 ms, state=CONNECTED}]
2026-04-15 22:46:23.251 [cluster-ClusterId{value='69dfa325a88562ec101c348a', description='null'}-localhost:27017] DEBUG org.mongodb.driver.cluster - Checking status of localhost:27017
2026-04-15 22:46:33.253 [cluster-ClusterId{value='69dfa325a88562ec101c348a', description='null'}-localhost:27017] DEBUG org.mongodb.driver.cluster - Updating cluster description to  {type=STANDALONE, servers=[{address=localhost:27017, type=STANDALONE, roundTripTime=0.7 ms, state=CONNECTED}]
2026-04-15 22:46:33.253 [cluster-ClusterId{value='69dfa325a88562ec101c348a', description='null'}-localhost:27017] DEBUG org.mongodb.driver.cluster - Checking status of localhost:27017
2026-04-15 22:46:33.516 [HikariPool-1:housekeeper] DEBUG com.zaxxer.hikari.pool.HikariPool - HikariPool-1 - keepalive: connection com.mysql.cj.jdbc.ConnectionImpl@7b43f3a2 is alive
2026-04-15 22:46:38.008 [HikariPool-1:housekeeper] DEBUG com.zaxxer.hikari.pool.HikariPool - HikariPool-1 - Pool stats (total=10/10, idle=10/10, active=0, waiting=0)
2026-04-15 22:46:38.008 [HikariPool-1:housekeeper] DEBUG com.zaxxer.hikari.pool.HikariPool - HikariPool-1 - Fill pool skipped, pool has sufficient level or currently being filled.
2026-04-15 22:46:42.680 [HikariPool-1:housekeeper] DEBUG com.zaxxer.hikari.pool.HikariPool - HikariPool-1 - keepalive: connection com.mysql.cj.jdbc.ConnectionImpl@6793b824 is alive
2026-04-15 22:46:43.253 [cluster-ClusterId{value='69dfa325a88562ec101c348a', description='null'}-localhost:27017] DEBUG org.mongodb.driver.cluster - Updating cluster description to  {type=STANDALONE, servers=[{address=localhost:27017, type=STANDALONE, roundTripTime=0.7 ms, state=CONNECTED}]
2026-04-15 22:46:43.253 [cluster-ClusterId{value='69dfa325a88562ec101c348a', description='null'}-localhost:27017] DEBUG org.mongodb.driver.cluster - Checking status of localhost:27017
2026-04-15 22:46:43.719 [HikariPool-1:housekeeper] DEBUG com.zaxxer.hikari.pool.HikariPool - HikariPool-1 - keepalive: connection com.mysql.cj.jdbc.ConnectionImpl@71819bc6 is alive
2026-04-15 22:46:44.256 [HikariPool-1:housekeeper] DEBUG com.zaxxer.hikari.pool.HikariPool - HikariPool-1 - keepalive: connection com.mysql.cj.jdbc.ConnectionImpl@3cf0e9b6 is alive
2026-04-15 22:46:53.254 [cluster-ClusterId{value='69dfa325a88562ec101c348a', description='null'}-localhost:27017] DEBUG org.mongodb.driver.cluster - Updating cluster description to  {type=STANDALONE, servers=[{address=localhost:27017, type=STANDALONE, roundTripTime=0.7 ms, state=CONNECTED}]
2026-04-15 22:46:53.254 [cluster-ClusterId{value='69dfa325a88562ec101c348a', description='null'}-localhost:27017] DEBUG org.mongodb.driver.cluster - Checking status of localhost:27017
2026-04-15 22:47:01.225 [HikariPool-1:housekeeper] DEBUG com.zaxxer.hikari.pool.HikariPool - HikariPool-1 - keepalive: connection com.mysql.cj.jdbc.ConnectionImpl@45a4efa4 is alive
2026-04-15 22:47:03.254 [cluster-ClusterId{value='69dfa325a88562ec101c348a', description='null'}-localhost:27017] DEBUG org.mongodb.driver.cluster - Updating cluster description to  {type=STANDALONE, servers=[{address=localhost:27017, type=STANDALONE, roundTripTime=0.7 ms, state=CONNECTED}]
2026-04-15 22:47:03.254 [cluster-ClusterId{value='69dfa325a88562ec101c348a', description='null'}-localhost:27017] DEBUG org.mongodb.driver.cluster - Checking status of localhost:27017
2026-04-15 22:47:08.014 [HikariPool-1:housekeeper] DEBUG com.zaxxer.hikari.pool.HikariPool - HikariPool-1 - Pool stats (total=10/10, idle=10/10, active=0, waiting=0)
2026-04-15 22:47:08.014 [HikariPool-1:housekeeper] DEBUG com.zaxxer.hikari.pool.HikariPool - HikariPool-1 - Fill pool skipped, pool has sufficient level or currently being filled.
2026-04-15 22:47:11.445 [HikariPool-1:housekeeper] DEBUG com.zaxxer.hikari.pool.HikariPool - HikariPool-1 - keepalive: connection com.mysql.cj.jdbc.ConnectionImpl@5f5011b2 is alive
2026-04-15 22:47:11.617 [HikariPool-1:housekeeper] DEBUG com.zaxxer.hikari.pool.HikariPool - HikariPool-1 - keepalive: connection com.mysql.cj.jdbc.ConnectionImpl@1057c3c4 is alive
2026-04-15 22:47:13.255 [cluster-ClusterId{value='69dfa325a88562ec101c348a', description='null'}-localhost:27017] DEBUG org.mongodb.driver.cluster - Updating cluster description to  {type=STANDALONE, servers=[{address=localhost:27017, type=STANDALONE, roundTripTime=0.7 ms, state=CONNECTED}]
2026-04-15 22:47:13.255 [cluster-ClusterId{value='69dfa325a88562ec101c348a', description='null'}-localhost:27017] DEBUG org.mongodb.driver.cluster - Checking status of localhost:27017
2026-04-15 22:47:23.255 [cluster-ClusterId{value='69dfa325a88562ec101c348a', description='null'}-localhost:27017] DEBUG org.mongodb.driver.cluster - Updating cluster description to  {type=STANDALONE, servers=[{address=localhost:27017, type=STANDALONE, roundTripTime=0.6 ms, state=CONNECTED}]
2026-04-15 22:47:23.255 [cluster-ClusterId{value='69dfa325a88562ec101c348a', description='null'}-localhost:27017] DEBUG org.mongodb.driver.cluster - Checking status of localhost:27017
2026-04-15 22:47:27.623 [HikariPool-1:housekeeper] DEBUG com.zaxxer.hikari.pool.HikariPool - HikariPool-1 - keepalive: connection com.mysql.cj.jdbc.ConnectionImpl@6b79ea1d is alive
2026-04-15 22:47:33.256 [cluster-ClusterId{value='69dfa325a88562ec101c348a', description='null'}-localhost:27017] DEBUG org.mongodb.driver.cluster - Updating cluster description to  {type=STANDALONE, servers=[{address=localhost:27017, type=STANDALONE, roundTripTime=0.7 ms, state=CONNECTED}]
2026-04-15 22:47:33.256 [cluster-ClusterId{value='69dfa325a88562ec101c348a', description='null'}-localhost:27017] DEBUG org.mongodb.driver.cluster - Checking status of localhost:27017
2026-04-15 22:47:38.020 [HikariPool-1:housekeeper] DEBUG com.zaxxer.hikari.pool.HikariPool - HikariPool-1 - Pool stats (total=10/10, idle=10/10, active=0, waiting=0)
2026-04-15 22:47:38.020 [HikariPool-1:housekeeper] DEBUG com.zaxxer.hikari.pool.HikariPool - HikariPool-1 - Fill pool skipped, pool has sufficient level or currently being filled.
2026-04-15 22:47:42.782 [HikariPool-1:housekeeper] DEBUG com.zaxxer.hikari.pool.HikariPool - HikariPool-1 - keepalive: connection com.mysql.cj.jdbc.ConnectionImpl@5a14c7aa is alive
2026-04-15 22:47:43.256 [cluster-ClusterId{value='69dfa325a88562ec101c348a', description='null'}-localhost:27017] DEBUG org.mongodb.driver.cluster - Updating cluster description to  {type=STANDALONE, servers=[{address=localhost:27017, type=STANDALONE, roundTripTime=0.6 ms, state=CONNECTED}]
2026-04-15 22:47:43.256 [cluster-ClusterId{value='69dfa325a88562ec101c348a', description='null'}-localhost:27017] DEBUG org.mongodb.driver.cluster - Checking status of localhost:27017
2026-04-15 22:47:53.256 [cluster-ClusterId{value='69dfa325a88562ec101c348a', description='null'}-localhost:27017] DEBUG org.mongodb.driver.cluster - Updating cluster description to  {type=STANDALONE, servers=[{address=localhost:27017, type=STANDALONE, roundTripTime=0.7 ms, state=CONNECTED}]
2026-04-15 22:47:53.256 [cluster-ClusterId{value='69dfa325a88562ec101c348a', description='null'}-localhost:27017] DEBUG org.mongodb.driver.cluster - Checking status of localhost:27017
2026-04-15 22:47:55.961 [HikariPool-1:housekeeper] DEBUG com.zaxxer.hikari.pool.HikariPool - HikariPool-1 - keepalive: connection com.mysql.cj.jdbc.ConnectionImpl@3bcdbbaa is alive
2026-04-15 22:48:03.258 [cluster-ClusterId{value='69dfa325a88562ec101c348a', description='null'}-localhost:27017] DEBUG org.mongodb.driver.cluster - Updating cluster description to  {type=STANDALONE, servers=[{address=localhost:27017, type=STANDALONE, roundTripTime=0.7 ms, state=CONNECTED}]
2026-04-15 22:48:03.258 [cluster-ClusterId{value='69dfa325a88562ec101c348a', description='null'}-localhost:27017] DEBUG org.mongodb.driver.cluster - Checking status of localhost:27017
2026-04-15 22:48:08.026 [HikariPool-1:housekeeper] DEBUG com.zaxxer.hikari.pool.HikariPool - HikariPool-1 - Pool stats (total=10/10, idle=10/10, active=0, waiting=0)
2026-04-15 22:48:08.026 [HikariPool-1:housekeeper] DEBUG com.zaxxer.hikari.pool.HikariPool - HikariPool-1 - Fill pool skipped, pool has sufficient level or currently being filled.
2026-04-15 22:48:13.258 [cluster-ClusterId{value='69dfa325a88562ec101c348a', description='null'}-localhost:27017] DEBUG org.mongodb.driver.cluster - Updating cluster description to  {type=STANDALONE, servers=[{address=localhost:27017, type=STANDALONE, roundTripTime=0.7 ms, state=CONNECTED}]
2026-04-15 22:48:13.259 [cluster-ClusterId{value='69dfa325a88562ec101c348a', description='null'}-localhost:27017] DEBUG org.mongodb.driver.cluster - Checking status of localhost:27017
2026-04-15 22:48:17.366 [HikariPool-1:housekeeper] DEBUG com.zaxxer.hikari.pool.HikariPool - HikariPool-1 - keepalive: connection com.mysql.cj.jdbc.ConnectionImpl@7b43f3a2 is alive
2026-04-15 22:48:23.260 [cluster-ClusterId{value='69dfa325a88562ec101c348a', description='null'}-localhost:27017] DEBUG org.mongodb.driver.cluster - Updating cluster description to  {type=STANDALONE, servers=[{address=localhost:27017, type=STANDALONE, roundTripTime=0.7 ms, state=CONNECTED}]
2026-04-15 22:48:23.260 [cluster-ClusterId{value='69dfa325a88562ec101c348a', description='null'}-localhost:27017] DEBUG org.mongodb.driver.cluster - Checking status of localhost:27017
2026-04-15 22:48:28.850 [HikariPool-1:housekeeper] DEBUG com.zaxxer.hikari.pool.HikariPool - HikariPool-1 - keepalive: connection com.mysql.cj.jdbc.ConnectionImpl@6793b824 is alive
2026-04-15 22:48:30.085 [HikariPool-1:housekeeper] DEBUG com.zaxxer.hikari.pool.HikariPool - HikariPool-1 - keepalive: connection com.mysql.cj.jdbc.ConnectionImpl@71819bc6 is alive
2026-04-15 22:48:30.710 [HikariPool-1:housekeeper] DEBUG com.zaxxer.hikari.pool.HikariPool - HikariPool-1 - keepalive: connection com.mysql.cj.jdbc.ConnectionImpl@3cf0e9b6 is alive
2026-04-15 22:48:33.261 [cluster-ClusterId{value='69dfa325a88562ec101c348a', description='null'}-localhost:27017] DEBUG org.mongodb.driver.cluster - Updating cluster description to  {type=STANDALONE, servers=[{address=localhost:27017, type=STANDALONE, roundTripTime=0.7 ms, state=CONNECTED}]
2026-04-15 22:48:33.261 [cluster-ClusterId{value='69dfa325a88562ec101c348a', description='null'}-localhost:27017] DEBUG org.mongodb.driver.cluster - Checking status of localhost:27017
2026-04-15 22:48:38.035 [HikariPool-1:housekeeper] DEBUG com.zaxxer.hikari.pool.HikariPool - HikariPool-1 - Pool stats (total=10/10, idle=10/10, active=0, waiting=0)
2026-04-15 22:48:38.035 [HikariPool-1:housekeeper] DEBUG com.zaxxer.hikari.pool.HikariPool - HikariPool-1 - Fill pool skipped, pool has sufficient level or currently being filled.
2026-04-15 22:48:43.262 [cluster-ClusterId{value='69dfa325a88562ec101c348a', description='null'}-localhost:27017] DEBUG org.mongodb.driver.cluster - Updating cluster description to  {type=STANDALONE, servers=[{address=localhost:27017, type=STANDALONE, roundTripTime=0.7 ms, state=CONNECTED}]
2026-04-15 22:48:43.262 [cluster-ClusterId{value='69dfa325a88562ec101c348a', description='null'}-localhost:27017] DEBUG org.mongodb.driver.cluster - Checking status of localhost:27017
2026-04-15 22:48:52.078 [HikariPool-1:housekeeper] DEBUG com.zaxxer.hikari.pool.HikariPool - HikariPool-1 - keepalive: connection com.mysql.cj.jdbc.ConnectionImpl@45a4efa4 is alive
2026-04-15 22:48:53.263 [cluster-ClusterId{value='69dfa325a88562ec101c348a', description='null'}-localhost:27017] DEBUG org.mongodb.driver.cluster - Updating cluster description to  {type=STANDALONE, servers=[{address=localhost:27017, type=STANDALONE, roundTripTime=0.7 ms, state=CONNECTED}]
2026-04-15 22:48:53.263 [cluster-ClusterId{value='69dfa325a88562ec101c348a', description='null'}-localhost:27017] DEBUG org.mongodb.driver.cluster - Checking status of localhost:27017
2026-04-15 22:49:03.264 [cluster-ClusterId{value='69dfa325a88562ec101c348a', description='null'}-localhost:27017] DEBUG org.mongodb.driver.cluster - Updating cluster description to  {type=STANDALONE, servers=[{address=localhost:27017, type=STANDALONE, roundTripTime=0.7 ms, state=CONNECTED}]
2026-04-15 22:49:03.264 [cluster-ClusterId{value='69dfa325a88562ec101c348a', description='null'}-localhost:27017] DEBUG org.mongodb.driver.cluster - Checking status of localhost:27017
2026-04-15 22:49:04.775 [HikariPool-1:housekeeper] DEBUG com.zaxxer.hikari.pool.HikariPool - HikariPool-1 - keepalive: connection com.mysql.cj.jdbc.ConnectionImpl@5f5011b2 is alive
2026-04-15 22:49:05.040 [HikariPool-1:housekeeper] DEBUG com.zaxxer.hikari.pool.HikariPool - HikariPool-1 - keepalive: connection com.mysql.cj.jdbc.ConnectionImpl@1057c3c4 is alive
2026-04-15 22:49:08.037 [HikariPool-1:housekeeper] DEBUG com.zaxxer.hikari.pool.HikariPool - HikariPool-1 - Pool stats (total=10/10, idle=10/10, active=0, waiting=0)
2026-04-15 22:49:08.037 [HikariPool-1:housekeeper] DEBUG com.zaxxer.hikari.pool.HikariPool - HikariPool-1 - Fill pool skipped, pool has sufficient level or currently being filled.
2026-04-15 22:49:13.267 [cluster-ClusterId{value='69dfa325a88562ec101c348a', description='null'}-localhost:27017] DEBUG org.mongodb.driver.cluster - Updating cluster description to  {type=STANDALONE, servers=[{address=localhost:27017, type=STANDALONE, roundTripTime=0.7 ms, state=CONNECTED}]
2026-04-15 22:49:13.267 [cluster-ClusterId{value='69dfa325a88562ec101c348a', description='null'}-localhost:27017] DEBUG org.mongodb.driver.cluster - Checking status of localhost:27017
2026-04-15 22:49:19.665 [HikariPool-1:housekeeper] DEBUG com.zaxxer.hikari.pool.HikariPool - HikariPool-1 - keepalive: connection com.mysql.cj.jdbc.ConnectionImpl@5a14c7aa is alive
2026-04-15 22:49:23.267 [cluster-ClusterId{value='69dfa325a88562ec101c348a', description='null'}-localhost:27017] DEBUG org.mongodb.driver.cluster - Updating cluster description to  {type=STANDALONE, servers=[{address=localhost:27017, type=STANDALONE, roundTripTime=0.7 ms, state=CONNECTED}]
2026-04-15 22:49:23.267 [cluster-ClusterId{value='69dfa325a88562ec101c348a', description='null'}-localhost:27017] DEBUG org.mongodb.driver.cluster - Checking status of localhost:27017
2026-04-15 22:49:24.945 [HikariPool-1:housekeeper] DEBUG com.zaxxer.hikari.pool.HikariPool - HikariPool-1 - keepalive: connection com.mysql.cj.jdbc.ConnectionImpl@6b79ea1d is alive
2026-04-15 22:49:33.268 [cluster-ClusterId{value='69dfa325a88562ec101c348a', description='null'}-localhost:27017] DEBUG org.mongodb.driver.cluster - Updating cluster description to  {type=STANDALONE, servers=[{address=localhost:27017, type=STANDALONE, roundTripTime=0.7 ms, state=CONNECTED}]
2026-04-15 22:49:33.268 [cluster-ClusterId{value='69dfa325a88562ec101c348a', description='null'}-localhost:27017] DEBUG org.mongodb.driver.cluster - Checking status of localhost:27017
2026-04-15 22:49:35.508 [HikariPool-1:housekeeper] DEBUG com.zaxxer.hikari.pool.HikariPool - HikariPool-1 - keepalive: connection com.mysql.cj.jdbc.ConnectionImpl@3bcdbbaa is alive
2026-04-15 22:49:38.041 [HikariPool-1:housekeeper] DEBUG com.zaxxer.hikari.pool.HikariPool - HikariPool-1 - Pool stats (total=10/10, idle=10/10, active=0, waiting=0)
2026-04-15 22:49:38.041 [HikariPool-1:housekeeper] DEBUG com.zaxxer.hikari.pool.HikariPool - HikariPool-1 - Fill pool skipped, pool has sufficient level or currently being filled.
2026-04-15 22:49:43.269 [cluster-ClusterId{value='69dfa325a88562ec101c348a', description='null'}-localhost:27017] DEBUG org.mongodb.driver.cluster - Updating cluster description to  {type=STANDALONE, servers=[{address=localhost:27017, type=STANDALONE, roundTripTime=0.7 ms, state=CONNECTED}]
2026-04-15 22:49:43.269 [cluster-ClusterId{value='69dfa325a88562ec101c348a', description='null'}-localhost:27017] DEBUG org.mongodb.driver.cluster - Checking status of localhost:27017
2026-04-15 22:49:53.270 [cluster-ClusterId{value='69dfa325a88562ec101c348a', description='null'}-localhost:27017] DEBUG org.mongodb.driver.cluster - Updating cluster description to  {type=STANDALONE, servers=[{address=localhost:27017, type=STANDALONE, roundTripTime=0.7 ms, state=CONNECTED}]
2026-04-15 22:49:53.270 [cluster-ClusterId{value='69dfa325a88562ec101c348a', description='null'}-localhost:27017] DEBUG org.mongodb.driver.cluster - Checking status of localhost:27017
2026-04-15 22:50:01.210 [HikariPool-1:housekeeper] DEBUG com.zaxxer.hikari.pool.HikariPool - HikariPool-1 - keepalive: connection com.mysql.cj.jdbc.ConnectionImpl@7b43f3a2 is alive
2026-04-15 22:50:03.271 [cluster-ClusterId{value='69dfa325a88562ec101c348a', description='null'}-localhost:27017] DEBUG org.mongodb.driver.cluster - Updating cluster description to  {type=STANDALONE, servers=[{address=localhost:27017, type=STANDALONE, roundTripTime=0.8 ms, state=CONNECTED}]
2026-04-15 22:50:03.271 [cluster-ClusterId{value='69dfa325a88562ec101c348a', description='null'}-localhost:27017] DEBUG org.mongodb.driver.cluster - Checking status of localhost:27017
2026-04-15 22:50:08.050 [HikariPool-1:housekeeper] DEBUG com.zaxxer.hikari.pool.HikariPool - HikariPool-1 - Pool stats (total=10/10, idle=10/10, active=0, waiting=0)
2026-04-15 22:50:08.050 [HikariPool-1:housekeeper] DEBUG com.zaxxer.hikari.pool.HikariPool - HikariPool-1 - Fill pool skipped, pool has sufficient level or currently being filled.
2026-04-15 22:50:12.120 [http-nio-8080-exec-8] DEBUG org.springframework.web.servlet.DispatcherServlet - GET "/user/date", parameters={}
2026-04-15 22:50:12.120 [http-nio-8080-exec-8] DEBUG o.s.w.s.m.m.a.RequestMappingHandlerMapping - Mapped to com.example.XSJ.Controller.User.User#GetUserMessageDate()
2026-04-15 22:50:12.121 [http-nio-8080-exec-8] DEBUG org.springframework.web.servlet.DispatcherServlet - Completed 401 UNAUTHORIZED
2026-04-15 22:50:13.273 [cluster-ClusterId{value='69dfa325a88562ec101c348a', description='null'}-localhost:27017] DEBUG org.mongodb.driver.cluster - Updating cluster description to  {type=STANDALONE, servers=[{address=localhost:27017, type=STANDALONE, roundTripTime=0.7 ms, state=CONNECTED}]
2026-04-15 22:50:13.273 [cluster-ClusterId{value='69dfa325a88562ec101c348a', description='null'}-localhost:27017] DEBUG org.mongodb.driver.cluster - Checking status of localhost:27017
2026-04-15 22:50:15.010 [HikariPool-1:housekeeper] DEBUG com.zaxxer.hikari.pool.HikariPool - HikariPool-1 - keepalive: connection com.mysql.cj.jdbc.ConnectionImpl@6793b824 is alive
2026-04-15 22:50:16.446 [HikariPool-1:housekeeper] DEBUG com.zaxxer.hikari.pool.HikariPool - HikariPool-1 - keepalive: connection com.mysql.cj.jdbc.ConnectionImpl@71819bc6 is alive
2026-04-15 22:50:17.176 [HikariPool-1:housekeeper] DEBUG com.zaxxer.hikari.pool.HikariPool - HikariPool-1 - keepalive: connection com.mysql.cj.jdbc.ConnectionImpl@3cf0e9b6 is alive
2026-04-15 22:50:23.273 [cluster-ClusterId{value='69dfa325a88562ec101c348a', description='null'}-localhost:27017] DEBUG org.mongodb.driver.cluster - Updating cluster description to  {type=STANDALONE, servers=[{address=localhost:27017, type=STANDALONE, roundTripTime=0.7 ms, state=CONNECTED}]
2026-04-15 22:50:23.273 [cluster-ClusterId{value='69dfa325a88562ec101c348a', description='null'}-localhost:27017] DEBUG org.mongodb.driver.cluster - Checking status of localhost:27017
2026-04-15 22:50:33.274 [cluster-ClusterId{value='69dfa325a88562ec101c348a', description='null'}-localhost:27017] DEBUG org.mongodb.driver.cluster - Updating cluster description to  {type=STANDALONE, servers=[{address=localhost:27017, type=STANDALONE, roundTripTime=0.7 ms, state=CONNECTED}]
2026-04-15 22:50:33.274 [cluster-ClusterId{value='69dfa325a88562ec101c348a', description='null'}-localhost:27017] DEBUG org.mongodb.driver.cluster - Checking status of localhost:27017
2026-04-15 22:50:38.058 [HikariPool-1:housekeeper] DEBUG com.zaxxer.hikari.pool.HikariPool - HikariPool-1 - Pool stats (total=10/10, idle=10/10, active=0, waiting=0)
2026-04-15 22:50:38.058 [HikariPool-1:housekeeper] DEBUG com.zaxxer.hikari.pool.HikariPool - HikariPool-1 - Fill pool skipped, pool has sufficient level or currently being filled.
2026-04-15 22:50:42.934 [HikariPool-1:housekeeper] DEBUG com.zaxxer.hikari.pool.HikariPool - HikariPool-1 - keepalive: connection com.mysql.cj.jdbc.ConnectionImpl@45a4efa4 is alive
2026-04-15 22:50:43.275 [cluster-ClusterId{value='69dfa325a88562ec101c348a', description='null'}-localhost:27017] DEBUG org.mongodb.driver.cluster - Updating cluster description to  {type=STANDALONE, servers=[{address=localhost:27017, type=STANDALONE, roundTripTime=0.7 ms, state=CONNECTED}]
2026-04-15 22:50:43.275 [cluster-ClusterId{value='69dfa325a88562ec101c348a', description='null'}-localhost:27017] DEBUG org.mongodb.driver.cluster - Checking status of localhost:27017
2026-04-15 22:50:53.276 [cluster-ClusterId{value='69dfa325a88562ec101c348a', description='null'}-localhost:27017] DEBUG org.mongodb.driver.cluster - Updating cluster description to  {type=STANDALONE, servers=[{address=localhost:27017, type=STANDALONE, roundTripTime=0.7 ms, state=CONNECTED}]
2026-04-15 22:50:53.276 [cluster-ClusterId{value='69dfa325a88562ec101c348a', description='null'}-localhost:27017] DEBUG org.mongodb.driver.cluster - Checking status of localhost:27017
2026-04-15 22:50:56.551 [HikariPool-1:housekeeper] DEBUG com.zaxxer.hikari.pool.HikariPool - HikariPool-1 - keepalive: connection com.mysql.cj.jdbc.ConnectionImpl@5a14c7aa is alive
2026-04-15 22:50:58.112 [HikariPool-1:housekeeper] DEBUG com.zaxxer.hikari.pool.HikariPool - HikariPool-1 - keepalive: connection com.mysql.cj.jdbc.ConnectionImpl@5f5011b2 is alive
2026-04-15 22:50:58.456 [HikariPool-1:housekeeper] DEBUG com.zaxxer.hikari.pool.HikariPool - HikariPool-1 - keepalive: connection com.mysql.cj.jdbc.ConnectionImpl@1057c3c4 is alive
2026-04-15 22:51:03.276 [cluster-ClusterId{value='69dfa325a88562ec101c348a', description='null'}-localhost:27017] DEBUG org.mongodb.driver.cluster - Updating cluster description to  {type=STANDALONE, servers=[{address=localhost:27017, type=STANDALONE, roundTripTime=0.7 ms, state=CONNECTED}]
2026-04-15 22:51:03.276 [cluster-ClusterId{value='69dfa325a88562ec101c348a', description='null'}-localhost:27017] DEBUG org.mongodb.driver.cluster - Checking status of localhost:27017
2026-04-15 22:51:08.073 [HikariPool-1:housekeeper] DEBUG com.zaxxer.hikari.pool.HikariPool - HikariPool-1 - Pool stats (total=10/10, idle=10/10, active=0, waiting=0)
2026-04-15 22:51:08.073 [HikariPool-1:housekeeper] DEBUG com.zaxxer.hikari.pool.HikariPool - HikariPool-1 - Fill pool skipped, pool has sufficient level or currently being filled.
2026-04-15 22:51:13.276 [cluster-ClusterId{value='69dfa325a88562ec101c348a', description='null'}-localhost:27017] DEBUG org.mongodb.driver.cluster - Updating cluster description to  {type=STANDALONE, servers=[{address=localhost:27017, type=STANDALONE, roundTripTime=0.7 ms, state=CONNECTED}]
2026-04-15 22:51:13.276 [cluster-ClusterId{value='69dfa325a88562ec101c348a', description='null'}-localhost:27017] DEBUG org.mongodb.driver.cluster - Checking status of localhost:27017
2026-04-15 22:51:15.053 [HikariPool-1:housekeeper] DEBUG com.zaxxer.hikari.pool.HikariPool - HikariPool-1 - keepalive: connection com.mysql.cj.jdbc.ConnectionImpl@3bcdbbaa is alive
2026-04-15 22:51:22.275 [HikariPool-1:housekeeper] DEBUG com.zaxxer.hikari.pool.HikariPool - HikariPool-1 - keepalive: connection com.mysql.cj.jdbc.ConnectionImpl@6b79ea1d is alive
2026-04-15 22:51:23.277 [cluster-ClusterId{value='69dfa325a88562ec101c348a', description='null'}-localhost:27017] DEBUG org.mongodb.driver.cluster - Updating cluster description to  {type=STANDALONE, servers=[{address=localhost:27017, type=STANDALONE, roundTripTime=0.6 ms, state=CONNECTED}]
2026-04-15 22:51:23.277 [cluster-ClusterId{value='69dfa325a88562ec101c348a', description='null'}-localhost:27017] DEBUG org.mongodb.driver.cluster - Checking status of localhost:27017
2026-04-15 22:51:33.278 [cluster-ClusterId{value='69dfa325a88562ec101c348a', description='null'}-localhost:27017] DEBUG org.mongodb.driver.cluster - Updating cluster description to  {type=STANDALONE, servers=[{address=localhost:27017, type=STANDALONE, roundTripTime=0.6 ms, state=CONNECTED}]
2026-04-15 22:51:33.278 [cluster-ClusterId{value='69dfa325a88562ec101c348a', description='null'}-localhost:27017] DEBUG org.mongodb.driver.cluster - Checking status of localhost:27017
2026-04-15 22:51:38.081 [HikariPool-1:housekeeper] DEBUG com.zaxxer.hikari.pool.HikariPool - HikariPool-1 - Pool stats (total=10/10, idle=10/10, active=0, waiting=0)
2026-04-15 22:51:38.081 [HikariPool-1:housekeeper] DEBUG com.zaxxer.hikari.pool.HikariPool - HikariPool-1 - Fill pool skipped, pool has sufficient level or currently being filled.
2026-04-15 22:51:43.278 [cluster-ClusterId{value='69dfa325a88562ec101c348a', description='null'}-localhost:27017] DEBUG org.mongodb.driver.cluster - Updating cluster description to  {type=STANDALONE, servers=[{address=localhost:27017, type=STANDALONE, roundTripTime=0.6 ms, state=CONNECTED}]
2026-04-15 22:51:43.278 [cluster-ClusterId{value='69dfa325a88562ec101c348a', description='null'}-localhost:27017] DEBUG org.mongodb.driver.cluster - Checking status of localhost:27017
2026-04-15 22:51:45.052 [HikariPool-1:housekeeper] DEBUG com.zaxxer.hikari.pool.HikariPool - HikariPool-1 - keepalive: connection com.mysql.cj.jdbc.ConnectionImpl@7b43f3a2 is alive
2026-04-15 22:51:53.279 [cluster-ClusterId{value='69dfa325a88562ec101c348a', description='null'}-localhost:27017] DEBUG org.mongodb.driver.cluster - Updating cluster description to  {type=STANDALONE, servers=[{address=localhost:27017, type=STANDALONE, roundTripTime=0.6 ms, state=CONNECTED}]
2026-04-15 22:51:53.279 [cluster-ClusterId{value='69dfa325a88562ec101c348a', description='null'}-localhost:27017] DEBUG org.mongodb.driver.cluster - Checking status of localhost:27017
2026-04-15 22:52:01.182 [HikariPool-1:housekeeper] DEBUG com.zaxxer.hikari.pool.HikariPool - HikariPool-1 - keepalive: connection com.mysql.cj.jdbc.ConnectionImpl@6793b824 is alive
2026-04-15 22:52:02.812 [HikariPool-1:housekeeper] DEBUG com.zaxxer.hikari.pool.HikariPool - HikariPool-1 - keepalive: connection com.mysql.cj.jdbc.ConnectionImpl@71819bc6 is alive
2026-04-15 22:52:03.280 [cluster-ClusterId{value='69dfa325a88562ec101c348a', description='null'}-localhost:27017] DEBUG org.mongodb.driver.cluster - Updating cluster description to  {type=STANDALONE, servers=[{address=localhost:27017, type=STANDALONE, roundTripTime=0.6 ms, state=CONNECTED}]
2026-04-15 22:52:03.280 [cluster-ClusterId{value='69dfa325a88562ec101c348a', description='null'}-localhost:27017] DEBUG org.mongodb.driver.cluster - Checking status of localhost:27017
2026-04-15 22:52:03.638 [HikariPool-1:housekeeper] DEBUG com.zaxxer.hikari.pool.HikariPool - HikariPool-1 - keepalive: connection com.mysql.cj.jdbc.ConnectionImpl@3cf0e9b6 is alive
2026-04-15 22:52:08.087 [HikariPool-1:housekeeper] DEBUG com.zaxxer.hikari.pool.HikariPool - HikariPool-1 - Pool stats (total=10/10, idle=10/10, active=0, waiting=0)
2026-04-15 22:52:08.087 [HikariPool-1:housekeeper] DEBUG com.zaxxer.hikari.pool.HikariPool - HikariPool-1 - Fill pool skipped, pool has sufficient level or currently being filled.
2026-04-15 22:52:13.282 [cluster-ClusterId{value='69dfa325a88562ec101c348a', description='null'}-localhost:27017] DEBUG org.mongodb.driver.cluster - Updating cluster description to  {type=STANDALONE, servers=[{address=localhost:27017, type=STANDALONE, roundTripTime=0.6 ms, state=CONNECTED}]
2026-04-15 22:52:13.282 [cluster-ClusterId{value='69dfa325a88562ec101c348a', description='null'}-localhost:27017] DEBUG org.mongodb.driver.cluster - Checking status of localhost:27017
2026-04-15 22:52:23.283 [cluster-ClusterId{value='69dfa325a88562ec101c348a', description='null'}-localhost:27017] DEBUG org.mongodb.driver.cluster - Updating cluster description to  {type=STANDALONE, servers=[{address=localhost:27017, type=STANDALONE, roundTripTime=0.6 ms, state=CONNECTED}]
2026-04-15 22:52:23.284 [cluster-ClusterId{value='69dfa325a88562ec101c348a', description='null'}-localhost:27017] DEBUG org.mongodb.driver.cluster - Checking status of localhost:27017
2026-04-15 22:52:33.284 [cluster-ClusterId{value='69dfa325a88562ec101c348a', description='null'}-localhost:27017] DEBUG org.mongodb.driver.cluster - Updating cluster description to  {type=STANDALONE, servers=[{address=localhost:27017, type=STANDALONE, roundTripTime=0.6 ms, state=CONNECTED}]
2026-04-15 22:52:33.284 [cluster-ClusterId{value='69dfa325a88562ec101c348a', description='null'}-localhost:27017] DEBUG org.mongodb.driver.cluster - Checking status of localhost:27017
2026-04-15 22:52:33.432 [HikariPool-1:housekeeper] DEBUG com.zaxxer.hikari.pool.HikariPool - HikariPool-1 - keepalive: connection com.mysql.cj.jdbc.ConnectionImpl@5a14c7aa is alive
2026-04-15 22:52:33.797 [HikariPool-1:housekeeper] DEBUG com.zaxxer.hikari.pool.HikariPool - HikariPool-1 - keepalive: connection com.mysql.cj.jdbc.ConnectionImpl@45a4efa4 is alive
2026-04-15 22:52:38.099 [HikariPool-1:housekeeper] DEBUG com.zaxxer.hikari.pool.HikariPool - HikariPool-1 - Pool stats (total=10/10, idle=10/10, active=0, waiting=0)
2026-04-15 22:52:38.099 [HikariPool-1:housekeeper] DEBUG com.zaxxer.hikari.pool.HikariPool - HikariPool-1 - Fill pool skipped, pool has sufficient level or currently being filled.
2026-04-15 22:52:43.285 [cluster-ClusterId{value='69dfa325a88562ec101c348a', description='null'}-localhost:27017] DEBUG org.mongodb.driver.cluster - Updating cluster description to  {type=STANDALONE, servers=[{address=localhost:27017, type=STANDALONE, roundTripTime=0.6 ms, state=CONNECTED}]
2026-04-15 22:52:43.285 [cluster-ClusterId{value='69dfa325a88562ec101c348a', description='null'}-localhost:27017] DEBUG org.mongodb.driver.cluster - Checking status of localhost:27017
2026-04-15 22:52:51.445 [HikariPool-1:housekeeper] DEBUG com.zaxxer.hikari.pool.HikariPool - HikariPool-1 - keepalive: connection com.mysql.cj.jdbc.ConnectionImpl@5f5011b2 is alive
2026-04-15 22:52:51.882 [HikariPool-1:housekeeper] DEBUG com.zaxxer.hikari.pool.HikariPool - HikariPool-1 - keepalive: connection com.mysql.cj.jdbc.ConnectionImpl@1057c3c4 is alive
2026-04-15 22:52:53.286 [cluster-ClusterId{value='69dfa325a88562ec101c348a', description='null'}-localhost:27017] DEBUG org.mongodb.driver.cluster - Updating cluster description to  {type=STANDALONE, servers=[{address=localhost:27017, type=STANDALONE, roundTripTime=0.6 ms, state=CONNECTED}]
2026-04-15 22:52:53.287 [cluster-ClusterId{value='69dfa325a88562ec101c348a', description='null'}-localhost:27017] DEBUG org.mongodb.driver.cluster - Checking status of localhost:27017
2026-04-15 22:52:54.610 [HikariPool-1:housekeeper] DEBUG com.zaxxer.hikari.pool.HikariPool - HikariPool-1 - keepalive: connection com.mysql.cj.jdbc.ConnectionImpl@3bcdbbaa is alive
2026-04-15 22:53:03.288 [cluster-ClusterId{value='69dfa325a88562ec101c348a', description='null'}-localhost:27017] DEBUG org.mongodb.driver.cluster - Updating cluster description to  {type=STANDALONE, servers=[{address=localhost:27017, type=STANDALONE, roundTripTime=0.6 ms, state=CONNECTED}]
2026-04-15 22:53:03.288 [cluster-ClusterId{value='69dfa325a88562ec101c348a', description='null'}-localhost:27017] DEBUG org.mongodb.driver.cluster - Checking status of localhost:27017
2026-04-15 22:53:08.110 [HikariPool-1:housekeeper] DEBUG com.zaxxer.hikari.pool.HikariPool - HikariPool-1 - Pool stats (total=10/10, idle=10/10, active=0, waiting=0)
2026-04-15 22:53:08.110 [HikariPool-1:housekeeper] DEBUG com.zaxxer.hikari.pool.HikariPool - HikariPool-1 - Fill pool skipped, pool has sufficient level or currently being filled.
2026-04-15 22:53:13.287 [cluster-ClusterId{value='69dfa325a88562ec101c348a', description='null'}-localhost:27017] DEBUG org.mongodb.driver.cluster - Updating cluster description to  {type=STANDALONE, servers=[{address=localhost:27017, type=STANDALONE, roundTripTime=0.6 ms, state=CONNECTED}]
2026-04-15 22:53:13.287 [cluster-ClusterId{value='69dfa325a88562ec101c348a', description='null'}-localhost:27017] DEBUG org.mongodb.driver.cluster - Checking status of localhost:27017
2026-04-15 22:53:19.607 [HikariPool-1:housekeeper] DEBUG com.zaxxer.hikari.pool.HikariPool - HikariPool-1 - keepalive: connection com.mysql.cj.jdbc.ConnectionImpl@6b79ea1d is alive
2026-04-15 22:53:23.288 [cluster-ClusterId{value='69dfa325a88562ec101c348a', description='null'}-localhost:27017] DEBUG org.mongodb.driver.cluster - Updating cluster description to  {type=STANDALONE, servers=[{address=localhost:27017, type=STANDALONE, roundTripTime=0.6 ms, state=CONNECTED}]
2026-04-15 22:53:23.288 [cluster-ClusterId{value='69dfa325a88562ec101c348a', description='null'}-localhost:27017] DEBUG org.mongodb.driver.cluster - Checking status of localhost:27017
2026-04-15 22:53:28.899 [HikariPool-1:housekeeper] DEBUG com.zaxxer.hikari.pool.HikariPool - HikariPool-1 - keepalive: connection com.mysql.cj.jdbc.ConnectionImpl@7b43f3a2 is alive
2026-04-15 22:53:33.289 [cluster-ClusterId{value='69dfa325a88562ec101c348a', description='null'}-localhost:27017] DEBUG org.mongodb.driver.cluster - Updating cluster description to  {type=STANDALONE, servers=[{address=localhost:27017, type=STANDALONE, roundTripTime=0.6 ms, state=CONNECTED}]
2026-04-15 22:53:33.289 [cluster-ClusterId{value='69dfa325a88562ec101c348a', description='null'}-localhost:27017] DEBUG org.mongodb.driver.cluster - Checking status of localhost:27017
2026-04-15 22:53:38.116 [HikariPool-1:housekeeper] DEBUG com.zaxxer.hikari.pool.HikariPool - HikariPool-1 - Pool stats (total=10/10, idle=10/10, active=0, waiting=0)
2026-04-15 22:53:38.116 [HikariPool-1:housekeeper] DEBUG com.zaxxer.hikari.pool.HikariPool - HikariPool-1 - Fill pool skipped, pool has sufficient level or currently being filled.
2026-04-15 22:53:43.289 [cluster-ClusterId{value='69dfa325a88562ec101c348a', description='null'}-localhost:27017] DEBUG org.mongodb.driver.cluster - Updating cluster description to  {type=STANDALONE, servers=[{address=localhost:27017, type=STANDALONE, roundTripTime=0.6 ms, state=CONNECTED}]
2026-04-15 22:53:43.289 [cluster-ClusterId{value='69dfa325a88562ec101c348a', description='null'}-localhost:27017] DEBUG org.mongodb.driver.cluster - Checking status of localhost:27017
2026-04-15 22:53:47.349 [HikariPool-1:housekeeper] DEBUG com.zaxxer.hikari.pool.HikariPool - HikariPool-1 - keepalive: connection com.mysql.cj.jdbc.ConnectionImpl@6793b824 is alive
2026-04-15 22:53:49.180 [HikariPool-1:housekeeper] DEBUG com.zaxxer.hikari.pool.HikariPool - HikariPool-1 - keepalive: connection com.mysql.cj.jdbc.ConnectionImpl@71819bc6 is alive
2026-04-15 22:53:50.091 [HikariPool-1:housekeeper] DEBUG com.zaxxer.hikari.pool.HikariPool - HikariPool-1 - keepalive: connection com.mysql.cj.jdbc.ConnectionImpl@3cf0e9b6 is alive
2026-04-15 22:53:53.289 [cluster-ClusterId{value='69dfa325a88562ec101c348a', description='null'}-localhost:27017] DEBUG org.mongodb.driver.cluster - Updating cluster description to  {type=STANDALONE, servers=[{address=localhost:27017, type=STANDALONE, roundTripTime=0.6 ms, state=CONNECTED}]
2026-04-15 22:53:53.289 [cluster-ClusterId{value='69dfa325a88562ec101c348a', description='null'}-localhost:27017] DEBUG org.mongodb.driver.cluster - Checking status of localhost:27017
2026-04-15 22:54:03.290 [cluster-ClusterId{value='69dfa325a88562ec101c348a', description='null'}-localhost:27017] DEBUG org.mongodb.driver.cluster - Updating cluster description to  {type=STANDALONE, servers=[{address=localhost:27017, type=STANDALONE, roundTripTime=0.6 ms, state=CONNECTED}]
2026-04-15 22:54:03.290 [cluster-ClusterId{value='69dfa325a88562ec101c348a', description='null'}-localhost:27017] DEBUG org.mongodb.driver.cluster - Checking status of localhost:27017
2026-04-15 22:54:08.127 [HikariPool-1:housekeeper] DEBUG com.zaxxer.hikari.pool.HikariPool - HikariPool-1 - Pool stats (total=10/10, idle=10/10, active=0, waiting=0)
2026-04-15 22:54:08.127 [HikariPool-1:housekeeper] DEBUG com.zaxxer.hikari.pool.HikariPool - HikariPool-1 - Fill pool skipped, pool has sufficient level or currently being filled.
2026-04-15 22:54:10.308 [HikariPool-1:housekeeper] DEBUG com.zaxxer.hikari.pool.HikariPool - HikariPool-1 - keepalive: connection com.mysql.cj.jdbc.ConnectionImpl@5a14c7aa is alive
2026-04-15 22:54:13.291 [cluster-ClusterId{value='69dfa325a88562ec101c348a', description='null'}-localhost:27017] DEBUG org.mongodb.driver.cluster - Updating cluster description to  {type=STANDALONE, servers=[{address=localhost:27017, type=STANDALONE, roundTripTime=0.6 ms, state=CONNECTED}]
2026-04-15 22:54:13.291 [cluster-ClusterId{value='69dfa325a88562ec101c348a', description='null'}-localhost:27017] DEBUG org.mongodb.driver.cluster - Checking status of localhost:27017
2026-04-15 22:54:23.292 [cluster-ClusterId{value='69dfa325a88562ec101c348a', description='null'}-localhost:27017] DEBUG org.mongodb.driver.cluster - Updating cluster description to  {type=STANDALONE, servers=[{address=localhost:27017, type=STANDALONE, roundTripTime=0.6 ms, state=CONNECTED}]
2026-04-15 22:54:23.292 [cluster-ClusterId{value='69dfa325a88562ec101c348a', description='null'}-localhost:27017] DEBUG org.mongodb.driver.cluster - Checking status of localhost:27017
2026-04-15 22:54:24.651 [HikariPool-1:housekeeper] DEBUG com.zaxxer.hikari.pool.HikariPool - HikariPool-1 - keepalive: connection com.mysql.cj.jdbc.ConnectionImpl@45a4efa4 is alive
2026-04-15 22:54:33.292 [cluster-ClusterId{value='69dfa325a88562ec101c348a', description='null'}-localhost:27017] DEBUG org.mongodb.driver.cluster - Updating cluster description to  {type=STANDALONE, servers=[{address=localhost:27017, type=STANDALONE, roundTripTime=0.6 ms, state=CONNECTED}]
2026-04-15 22:54:33.292 [cluster-ClusterId{value='69dfa325a88562ec101c348a', description='null'}-localhost:27017] DEBUG org.mongodb.driver.cluster - Checking status of localhost:27017
2026-04-15 22:54:34.152 [HikariPool-1:housekeeper] DEBUG com.zaxxer.hikari.pool.HikariPool - HikariPool-1 - keepalive: connection com.mysql.cj.jdbc.ConnectionImpl@3bcdbbaa is alive
2026-04-15 22:54:38.128 [HikariPool-1:housekeeper] DEBUG com.zaxxer.hikari.pool.HikariPool - HikariPool-1 - Pool stats (total=10/10, idle=10/10, active=0, waiting=0)
2026-04-15 22:54:38.128 [HikariPool-1:housekeeper] DEBUG com.zaxxer.hikari.pool.HikariPool - HikariPool-1 - Fill pool skipped, pool has sufficient level or currently being filled.
2026-04-15 22:54:43.292 [cluster-ClusterId{value='69dfa325a88562ec101c348a', description='null'}-localhost:27017] DEBUG org.mongodb.driver.cluster - Updating cluster description to  {type=STANDALONE, servers=[{address=localhost:27017, type=STANDALONE, roundTripTime=0.6 ms, state=CONNECTED}]
2026-04-15 22:54:43.292 [cluster-ClusterId{value='69dfa325a88562ec101c348a', description='null'}-localhost:27017] DEBUG org.mongodb.driver.cluster - Checking status of localhost:27017
2026-04-15 22:54:44.787 [HikariPool-1:housekeeper] DEBUG com.zaxxer.hikari.pool.HikariPool - HikariPool-1 - keepalive: connection com.mysql.cj.jdbc.ConnectionImpl@5f5011b2 is alive
2026-04-15 22:54:45.305 [HikariPool-1:housekeeper] DEBUG com.zaxxer.hikari.pool.HikariPool - HikariPool-1 - keepalive: connection com.mysql.cj.jdbc.ConnectionImpl@1057c3c4 is alive
2026-04-15 22:54:53.293 [cluster-ClusterId{value='69dfa325a88562ec101c348a', description='null'}-localhost:27017] DEBUG org.mongodb.driver.cluster - Updating cluster description to  {type=STANDALONE, servers=[{address=localhost:27017, type=STANDALONE, roundTripTime=0.6 ms, state=CONNECTED}]
2026-04-15 22:54:53.293 [cluster-ClusterId{value='69dfa325a88562ec101c348a', description='null'}-localhost:27017] DEBUG org.mongodb.driver.cluster - Checking status of localhost:27017
2026-04-15 22:55:03.293 [cluster-ClusterId{value='69dfa325a88562ec101c348a', description='null'}-localhost:27017] DEBUG org.mongodb.driver.cluster - Updating cluster description to  {type=STANDALONE, servers=[{address=localhost:27017, type=STANDALONE, roundTripTime=0.6 ms, state=CONNECTED}]
2026-04-15 22:55:03.293 [cluster-ClusterId{value='69dfa325a88562ec101c348a', description='null'}-localhost:27017] DEBUG org.mongodb.driver.cluster - Checking status of localhost:27017
2026-04-15 22:55:08.139 [HikariPool-1:housekeeper] DEBUG com.zaxxer.hikari.pool.HikariPool - HikariPool-1 - Pool stats (total=10/10, idle=10/10, active=0, waiting=0)
2026-04-15 22:55:08.139 [HikariPool-1:housekeeper] DEBUG com.zaxxer.hikari.pool.HikariPool - HikariPool-1 - Fill pool skipped, pool has sufficient level or currently being filled.
2026-04-15 22:55:12.131 [http-nio-8080-exec-9] DEBUG org.springframework.web.servlet.DispatcherServlet - GET "/user/date", parameters={}
2026-04-15 22:55:12.131 [http-nio-8080-exec-9] DEBUG o.s.w.s.m.m.a.RequestMappingHandlerMapping - Mapped to com.example.XSJ.Controller.User.User#GetUserMessageDate()
2026-04-15 22:55:12.132 [http-nio-8080-exec-9] DEBUG org.springframework.web.servlet.DispatcherServlet - Completed 401 UNAUTHORIZED
2026-04-15 22:55:12.742 [HikariPool-1:housekeeper] DEBUG com.zaxxer.hikari.pool.HikariPool - HikariPool-1 - keepalive: connection com.mysql.cj.jdbc.ConnectionImpl@7b43f3a2 is alive
2026-04-15 22:55:13.295 [cluster-ClusterId{value='69dfa325a88562ec101c348a', description='null'}-localhost:27017] DEBUG org.mongodb.driver.cluster - Updating cluster description to  {type=STANDALONE, servers=[{address=localhost:27017, type=STANDALONE, roundTripTime=0.6 ms, state=CONNECTED}]
2026-04-15 22:55:13.295 [cluster-ClusterId{value='69dfa325a88562ec101c348a', description='null'}-localhost:27017] DEBUG org.mongodb.driver.cluster - Checking status of localhost:27017
2026-04-15 22:55:16.932 [HikariPool-1:housekeeper] DEBUG com.zaxxer.hikari.pool.HikariPool - HikariPool-1 - keepalive: connection com.mysql.cj.jdbc.ConnectionImpl@6b79ea1d is alive
2026-04-15 22:55:23.296 [cluster-ClusterId{value='69dfa325a88562ec101c348a', description='null'}-localhost:27017] DEBUG org.mongodb.driver.cluster - Updating cluster description to  {type=STANDALONE, servers=[{address=localhost:27017, type=STANDALONE, roundTripTime=0.6 ms, state=CONNECTED}]
2026-04-15 22:55:23.296 [cluster-ClusterId{value='69dfa325a88562ec101c348a', description='null'}-localhost:27017] DEBUG org.mongodb.driver.cluster - Checking status of localhost:27017
2026-04-15 22:55:33.296 [cluster-ClusterId{value='69dfa325a88562ec101c348a', description='null'}-localhost:27017] DEBUG org.mongodb.driver.cluster - Updating cluster description to  {type=STANDALONE, servers=[{address=localhost:27017, type=STANDALONE, roundTripTime=0.6 ms, state=CONNECTED}]
2026-04-15 22:55:33.296 [cluster-ClusterId{value='69dfa325a88562ec101c348a', description='null'}-localhost:27017] DEBUG org.mongodb.driver.cluster - Checking status of localhost:27017
2026-04-15 22:55:33.519 [HikariPool-1:housekeeper] DEBUG com.zaxxer.hikari.pool.HikariPool - HikariPool-1 - keepalive: connection com.mysql.cj.jdbc.ConnectionImpl@6793b824 is alive
2026-04-15 22:55:35.544 [HikariPool-1:housekeeper] DEBUG com.zaxxer.hikari.pool.HikariPool - HikariPool-1 - keepalive: connection com.mysql.cj.jdbc.ConnectionImpl@71819bc6 is alive
2026-04-15 22:55:36.549 [HikariPool-1:housekeeper] DEBUG com.zaxxer.hikari.pool.HikariPool - HikariPool-1 - keepalive: connection com.mysql.cj.jdbc.ConnectionImpl@3cf0e9b6 is alive
2026-04-15 22:55:38.141 [HikariPool-1:housekeeper] DEBUG com.zaxxer.hikari.pool.HikariPool - HikariPool-1 - Pool stats (total=10/10, idle=10/10, active=0, waiting=0)
2026-04-15 22:55:38.141 [HikariPool-1:housekeeper] DEBUG com.zaxxer.hikari.pool.HikariPool - HikariPool-1 - Fill pool skipped, pool has sufficient level or currently being filled.
2026-04-15 22:55:43.296 [cluster-ClusterId{value='69dfa325a88562ec101c348a', description='null'}-localhost:27017] DEBUG org.mongodb.driver.cluster - Updating cluster description to  {type=STANDALONE, servers=[{address=localhost:27017, type=STANDALONE, roundTripTime=0.6 ms, state=CONNECTED}]
2026-04-15 22:55:43.296 [cluster-ClusterId{value='69dfa325a88562ec101c348a', description='null'}-localhost:27017] DEBUG org.mongodb.driver.cluster - Checking status of localhost:27017
2026-04-15 22:55:47.182 [HikariPool-1:housekeeper] DEBUG com.zaxxer.hikari.pool.HikariPool - HikariPool-1 - keepalive: connection com.mysql.cj.jdbc.ConnectionImpl@5a14c7aa is alive
2026-04-15 22:55:53.298 [cluster-ClusterId{value='69dfa325a88562ec101c348a', description='null'}-localhost:27017] DEBUG org.mongodb.driver.cluster - Updating cluster description to  {type=STANDALONE, servers=[{address=localhost:27017, type=STANDALONE, roundTripTime=0.6 ms, state=CONNECTED}]
2026-04-15 22:55:53.298 [cluster-ClusterId{value='69dfa325a88562ec101c348a', description='null'}-localhost:27017] DEBUG org.mongodb.driver.cluster - Checking status of localhost:27017
2026-04-15 22:56:03.298 [cluster-ClusterId{value='69dfa325a88562ec101c348a', description='null'}-localhost:27017] DEBUG org.mongodb.driver.cluster - Updating cluster description to  {type=STANDALONE, servers=[{address=localhost:27017, type=STANDALONE, roundTripTime=0.6 ms, state=CONNECTED}]
2026-04-15 22:56:03.298 [cluster-ClusterId{value='69dfa325a88562ec101c348a', description='null'}-localhost:27017] DEBUG org.mongodb.driver.cluster - Checking status of localhost:27017
2026-04-15 22:56:08.147 [HikariPool-1:housekeeper] DEBUG com.zaxxer.hikari.pool.HikariPool - HikariPool-1 - Pool stats (total=10/10, idle=10/10, active=0, waiting=0)
2026-04-15 22:56:08.147 [HikariPool-1:housekeeper] DEBUG com.zaxxer.hikari.pool.HikariPool - HikariPool-1 - Fill pool skipped, pool has sufficient level or currently being filled.
2026-04-15 22:56:13.300 [cluster-ClusterId{value='69dfa325a88562ec101c348a', description='null'}-localhost:27017] DEBUG org.mongodb.driver.cluster - Updating cluster description to  {type=STANDALONE, servers=[{address=localhost:27017, type=STANDALONE, roundTripTime=0.6 ms, state=CONNECTED}]
2026-04-15 22:56:13.300 [cluster-ClusterId{value='69dfa325a88562ec101c348a', description='null'}-localhost:27017] DEBUG org.mongodb.driver.cluster - Checking status of localhost:27017
2026-04-15 22:56:13.710 [HikariPool-1:housekeeper] DEBUG com.zaxxer.hikari.pool.HikariPool - HikariPool-1 - keepalive: connection com.mysql.cj.jdbc.ConnectionImpl@3bcdbbaa is alive
2026-04-15 22:56:15.502 [HikariPool-1:housekeeper] DEBUG com.zaxxer.hikari.pool.HikariPool - HikariPool-1 - keepalive: connection com.mysql.cj.jdbc.ConnectionImpl@45a4efa4 is alive
2026-04-15 22:56:23.301 [cluster-ClusterId{value='69dfa325a88562ec101c348a', description='null'}-localhost:27017] DEBUG org.mongodb.driver.cluster - Updating cluster description to  {type=STANDALONE, servers=[{address=localhost:27017, type=STANDALONE, roundTripTime=0.6 ms, state=CONNECTED}]
2026-04-15 22:56:23.301 [cluster-ClusterId{value='69dfa325a88562ec101c348a', description='null'}-localhost:27017] DEBUG org.mongodb.driver.cluster - Checking status of localhost:27017
2026-04-15 22:56:33.302 [cluster-ClusterId{value='69dfa325a88562ec101c348a', description='null'}-localhost:27017] DEBUG org.mongodb.driver.cluster - Updating cluster description to  {type=STANDALONE, servers=[{address=localhost:27017, type=STANDALONE, roundTripTime=0.6 ms, state=CONNECTED}]
2026-04-15 22:56:33.302 [cluster-ClusterId{value='69dfa325a88562ec101c348a', description='null'}-localhost:27017] DEBUG org.mongodb.driver.cluster - Checking status of localhost:27017
2026-04-15 22:56:38.124 [HikariPool-1:housekeeper] DEBUG com.zaxxer.hikari.pool.HikariPool - HikariPool-1 - keepalive: connection com.mysql.cj.jdbc.ConnectionImpl@5f5011b2 is alive
2026-04-15 22:56:38.155 [HikariPool-1:housekeeper] DEBUG com.zaxxer.hikari.pool.HikariPool - HikariPool-1 - Pool stats (total=10/10, idle=10/10, active=0, waiting=0)
2026-04-15 22:56:38.155 [HikariPool-1:housekeeper] DEBUG com.zaxxer.hikari.pool.HikariPool - HikariPool-1 - Fill pool skipped, pool has sufficient level or currently being filled.
2026-04-15 22:56:38.725 [HikariPool-1:housekeeper] DEBUG com.zaxxer.hikari.pool.HikariPool - HikariPool-1 - keepalive: connection com.mysql.cj.jdbc.ConnectionImpl@1057c3c4 is alive
2026-04-15 22:56:43.302 [cluster-ClusterId{value='69dfa325a88562ec101c348a', description='null'}-localhost:27017] DEBUG org.mongodb.driver.cluster - Updating cluster description to  {type=STANDALONE, servers=[{address=localhost:27017, type=STANDALONE, roundTripTime=0.6 ms, state=CONNECTED}]
2026-04-15 22:56:43.302 [cluster-ClusterId{value='69dfa325a88562ec101c348a', description='null'}-localhost:27017] DEBUG org.mongodb.driver.cluster - Checking status of localhost:27017
2026-04-15 22:56:53.302 [cluster-ClusterId{value='69dfa325a88562ec101c348a', description='null'}-localhost:27017] DEBUG org.mongodb.driver.cluster - Updating cluster description to  {type=STANDALONE, servers=[{address=localhost:27017, type=STANDALONE, roundTripTime=0.6 ms, state=CONNECTED}]
2026-04-15 22:56:53.302 [cluster-ClusterId{value='69dfa325a88562ec101c348a', description='null'}-localhost:27017] DEBUG org.mongodb.driver.cluster - Checking status of localhost:27017
2026-04-15 22:56:56.591 [HikariPool-1:housekeeper] DEBUG com.zaxxer.hikari.pool.HikariPool - HikariPool-1 - keepalive: connection com.mysql.cj.jdbc.ConnectionImpl@7b43f3a2 is alive
2026-04-15 22:57:03.302 [cluster-ClusterId{value='69dfa325a88562ec101c348a', description='null'}-localhost:27017] DEBUG org.mongodb.driver.cluster - Updating cluster description to  {type=STANDALONE, servers=[{address=localhost:27017, type=STANDALONE, roundTripTime=0.6 ms, state=CONNECTED}]
2026-04-15 22:57:03.302 [cluster-ClusterId{value='69dfa325a88562ec101c348a', description='null'}-localhost:27017] DEBUG org.mongodb.driver.cluster - Checking status of localhost:27017
2026-04-15 22:57:08.169 [HikariPool-1:housekeeper] DEBUG com.zaxxer.hikari.pool.HikariPool - HikariPool-1 - Pool stats (total=10/10, idle=10/10, active=0, waiting=0)
2026-04-15 22:57:08.169 [HikariPool-1:housekeeper] DEBUG com.zaxxer.hikari.pool.HikariPool - HikariPool-1 - Fill pool skipped, pool has sufficient level or currently being filled.
2026-04-15 22:57:13.302 [cluster-ClusterId{value='69dfa325a88562ec101c348a', description='null'}-localhost:27017] DEBUG org.mongodb.driver.cluster - Updating cluster description to  {type=STANDALONE, servers=[{address=localhost:27017, type=STANDALONE, roundTripTime=0.6 ms, state=CONNECTED}]
2026-04-15 22:57:13.302 [cluster-ClusterId{value='69dfa325a88562ec101c348a', description='null'}-localhost:27017] DEBUG org.mongodb.driver.cluster - Checking status of localhost:27017
2026-04-15 22:57:14.265 [HikariPool-1:housekeeper] DEBUG com.zaxxer.hikari.pool.HikariPool - HikariPool-1 - keepalive: connection com.mysql.cj.jdbc.ConnectionImpl@6b79ea1d is alive
2026-04-15 22:57:19.684 [HikariPool-1:housekeeper] DEBUG com.zaxxer.hikari.pool.HikariPool - HikariPool-1 - keepalive: connection com.mysql.cj.jdbc.ConnectionImpl@6793b824 is alive
2026-04-15 22:57:21.907 [HikariPool-1:housekeeper] DEBUG com.zaxxer.hikari.pool.HikariPool - HikariPool-1 - keepalive: connection com.mysql.cj.jdbc.ConnectionImpl@71819bc6 is alive
2026-04-15 22:57:23.004 [HikariPool-1:housekeeper] DEBUG com.zaxxer.hikari.pool.HikariPool - HikariPool-1 - keepalive: connection com.mysql.cj.jdbc.ConnectionImpl@3cf0e9b6 is alive
2026-04-15 22:57:23.303 [cluster-ClusterId{value='69dfa325a88562ec101c348a', description='null'}-localhost:27017] DEBUG org.mongodb.driver.cluster - Updating cluster description to  {type=STANDALONE, servers=[{address=localhost:27017, type=STANDALONE, roundTripTime=0.6 ms, state=CONNECTED}]
2026-04-15 22:57:23.304 [cluster-ClusterId{value='69dfa325a88562ec101c348a', description='null'}-localhost:27017] DEBUG org.mongodb.driver.cluster - Checking status of localhost:27017
2026-04-15 22:57:24.065 [HikariPool-1:housekeeper] DEBUG com.zaxxer.hikari.pool.HikariPool - HikariPool-1 - keepalive: connection com.mysql.cj.jdbc.ConnectionImpl@5a14c7aa is alive
2026-04-15 22:57:33.303 [cluster-ClusterId{value='69dfa325a88562ec101c348a', description='null'}-localhost:27017] DEBUG org.mongodb.driver.cluster - Updating cluster description to  {type=STANDALONE, servers=[{address=localhost:27017, type=STANDALONE, roundTripTime=0.7 ms, state=CONNECTED}]
2026-04-15 22:57:33.303 [cluster-ClusterId{value='69dfa325a88562ec101c348a', description='null'}-localhost:27017] DEBUG org.mongodb.driver.cluster - Checking status of localhost:27017
2026-04-15 22:57:38.175 [HikariPool-1:housekeeper] DEBUG com.zaxxer.hikari.pool.HikariPool - HikariPool-1 - Pool stats (total=10/10, idle=10/10, active=0, waiting=0)
2026-04-15 22:57:38.175 [HikariPool-1:housekeeper] DEBUG com.zaxxer.hikari.pool.HikariPool - HikariPool-1 - Fill pool skipped, pool has sufficient level or currently being filled.
2026-04-15 22:57:43.304 [cluster-ClusterId{value='69dfa325a88562ec101c348a', description='null'}-localhost:27017] DEBUG org.mongodb.driver.cluster - Updating cluster description to  {type=STANDALONE, servers=[{address=localhost:27017, type=STANDALONE, roundTripTime=0.7 ms, state=CONNECTED}]
2026-04-15 22:57:43.305 [cluster-ClusterId{value='69dfa325a88562ec101c348a', description='null'}-localhost:27017] DEBUG org.mongodb.driver.cluster - Checking status of localhost:27017
2026-04-15 22:57:53.264 [HikariPool-1:housekeeper] DEBUG com.zaxxer.hikari.pool.HikariPool - HikariPool-1 - keepalive: connection com.mysql.cj.jdbc.ConnectionImpl@3bcdbbaa is alive
2026-04-15 22:57:53.304 [cluster-ClusterId{value='69dfa325a88562ec101c348a', description='null'}-localhost:27017] DEBUG org.mongodb.driver.cluster - Updating cluster description to  {type=STANDALONE, servers=[{address=localhost:27017, type=STANDALONE, roundTripTime=0.7 ms, state=CONNECTED}]
2026-04-15 22:57:53.304 [cluster-ClusterId{value='69dfa325a88562ec101c348a', description='null'}-localhost:27017] DEBUG org.mongodb.driver.cluster - Checking status of localhost:27017
2026-04-15 22:58:03.306 [cluster-ClusterId{value='69dfa325a88562ec101c348a', description='null'}-localhost:27017] DEBUG org.mongodb.driver.cluster - Updating cluster description to  {type=STANDALONE, servers=[{address=localhost:27017, type=STANDALONE, roundTripTime=0.6 ms, state=CONNECTED}]
2026-04-15 22:58:03.306 [cluster-ClusterId{value='69dfa325a88562ec101c348a', description='null'}-localhost:27017] DEBUG org.mongodb.driver.cluster - Checking status of localhost:27017
2026-04-15 22:58:06.353 [HikariPool-1:housekeeper] DEBUG com.zaxxer.hikari.pool.HikariPool - HikariPool-1 - keepalive: connection com.mysql.cj.jdbc.ConnectionImpl@45a4efa4 is alive
2026-04-15 22:58:08.178 [HikariPool-1:housekeeper] DEBUG com.zaxxer.hikari.pool.HikariPool - HikariPool-1 - Pool stats (total=10/10, idle=10/10, active=0, waiting=0)
2026-04-15 22:58:08.178 [HikariPool-1:housekeeper] DEBUG com.zaxxer.hikari.pool.HikariPool - HikariPool-1 - Fill pool skipped, pool has sufficient level or currently being filled.
2026-04-15 22:58:13.306 [cluster-ClusterId{value='69dfa325a88562ec101c348a', description='null'}-localhost:27017] DEBUG org.mongodb.driver.cluster - Updating cluster description to  {type=STANDALONE, servers=[{address=localhost:27017, type=STANDALONE, roundTripTime=0.7 ms, state=CONNECTED}]
2026-04-15 22:58:13.306 [cluster-ClusterId{value='69dfa325a88562ec101c348a', description='null'}-localhost:27017] DEBUG org.mongodb.driver.cluster - Checking status of localhost:27017
2026-04-15 22:58:23.307 [cluster-ClusterId{value='69dfa325a88562ec101c348a', description='null'}-localhost:27017] DEBUG org.mongodb.driver.cluster - Updating cluster description to  {type=STANDALONE, servers=[{address=localhost:27017, type=STANDALONE, roundTripTime=0.7 ms, state=CONNECTED}]
2026-04-15 22:58:23.307 [cluster-ClusterId{value='69dfa325a88562ec101c348a', description='null'}-localhost:27017] DEBUG org.mongodb.driver.cluster - Checking status of localhost:27017
2026-04-15 22:58:31.468 [HikariPool-1:housekeeper] DEBUG com.zaxxer.hikari.pool.HikariPool - HikariPool-1 - keepalive: connection com.mysql.cj.jdbc.ConnectionImpl@5f5011b2 is alive
2026-04-15 22:58:32.137 [HikariPool-1:housekeeper] DEBUG com.zaxxer.hikari.pool.HikariPool - HikariPool-1 - keepalive: connection com.mysql.cj.jdbc.ConnectionImpl@1057c3c4 is alive
2026-04-15 22:58:33.310 [cluster-ClusterId{value='69dfa325a88562ec101c348a', description='null'}-localhost:27017] DEBUG org.mongodb.driver.cluster - Updating cluster description to  {type=STANDALONE, servers=[{address=localhost:27017, type=STANDALONE, roundTripTime=0.7 ms, state=CONNECTED}]
2026-04-15 22:58:33.311 [cluster-ClusterId{value='69dfa325a88562ec101c348a', description='null'}-localhost:27017] DEBUG org.mongodb.driver.cluster - Checking status of localhost:27017
2026-04-15 22:58:38.182 [HikariPool-1:housekeeper] DEBUG com.zaxxer.hikari.pool.HikariPool - HikariPool-1 - Pool stats (total=10/10, idle=10/10, active=0, waiting=0)
2026-04-15 22:58:38.182 [HikariPool-1:housekeeper] DEBUG com.zaxxer.hikari.pool.HikariPool - HikariPool-1 - Fill pool skipped, pool has sufficient level or currently being filled.
2026-04-15 22:58:40.440 [HikariPool-1:housekeeper] DEBUG com.zaxxer.hikari.pool.HikariPool - HikariPool-1 - keepalive: connection com.mysql.cj.jdbc.ConnectionImpl@7b43f3a2 is alive
2026-04-15 22:58:43.311 [cluster-ClusterId{value='69dfa325a88562ec101c348a', description='null'}-localhost:27017] DEBUG org.mongodb.driver.cluster - Updating cluster description to  {type=STANDALONE, servers=[{address=localhost:27017, type=STANDALONE, roundTripTime=0.7 ms, state=CONNECTED}]
2026-04-15 22:58:43.311 [cluster-ClusterId{value='69dfa325a88562ec101c348a', description='null'}-localhost:27017] DEBUG org.mongodb.driver.cluster - Checking status of localhost:27017
2026-04-15 22:58:53.312 [cluster-ClusterId{value='69dfa325a88562ec101c348a', description='null'}-localhost:27017] DEBUG org.mongodb.driver.cluster - Updating cluster description to  {type=STANDALONE, servers=[{address=localhost:27017, type=STANDALONE, roundTripTime=0.7 ms, state=CONNECTED}]
2026-04-15 22:58:53.312 [cluster-ClusterId{value='69dfa325a88562ec101c348a', description='null'}-localhost:27017] DEBUG org.mongodb.driver.cluster - Checking status of localhost:27017
2026-04-15 22:59:00.950 [HikariPool-1:housekeeper] DEBUG com.zaxxer.hikari.pool.HikariPool - HikariPool-1 - keepalive: connection com.mysql.cj.jdbc.ConnectionImpl@5a14c7aa is alive
2026-04-15 22:59:03.313 [cluster-ClusterId{value='69dfa325a88562ec101c348a', description='null'}-localhost:27017] DEBUG org.mongodb.driver.cluster - Updating cluster description to  {type=STANDALONE, servers=[{address=localhost:27017, type=STANDALONE, roundTripTime=0.6 ms, state=CONNECTED}]
2026-04-15 22:59:03.313 [cluster-ClusterId{value='69dfa325a88562ec101c348a', description='null'}-localhost:27017] DEBUG org.mongodb.driver.cluster - Checking status of localhost:27017
2026-04-15 22:59:05.843 [HikariPool-1:housekeeper] DEBUG com.zaxxer.hikari.pool.HikariPool - HikariPool-1 - keepalive: connection com.mysql.cj.jdbc.ConnectionImpl@6793b824 is alive
2026-04-15 22:59:08.187 [HikariPool-1:housekeeper] DEBUG com.zaxxer.hikari.pool.HikariPool - HikariPool-1 - Pool stats (total=10/10, idle=10/10, active=0, waiting=0)
2026-04-15 22:59:08.187 [HikariPool-1:housekeeper] DEBUG com.zaxxer.hikari.pool.HikariPool - HikariPool-1 - Fill pool skipped, pool has sufficient level or currently being filled.
2026-04-15 22:59:08.266 [HikariPool-1:housekeeper] DEBUG com.zaxxer.hikari.pool.HikariPool - HikariPool-1 - keepalive: connection com.mysql.cj.jdbc.ConnectionImpl@71819bc6 is alive
2026-04-15 22:59:09.465 [HikariPool-1:housekeeper] DEBUG com.zaxxer.hikari.pool.HikariPool - HikariPool-1 - keepalive: connection com.mysql.cj.jdbc.ConnectionImpl@3cf0e9b6 is alive
2026-04-15 22:59:11.593 [HikariPool-1:housekeeper] DEBUG com.zaxxer.hikari.pool.HikariPool - HikariPool-1 - keepalive: connection com.mysql.cj.jdbc.ConnectionImpl@6b79ea1d is alive
2026-04-15 22:59:13.313 [cluster-ClusterId{value='69dfa325a88562ec101c348a', description='null'}-localhost:27017] DEBUG org.mongodb.driver.cluster - Updating cluster description to  {type=STANDALONE, servers=[{address=localhost:27017, type=STANDALONE, roundTripTime=0.6 ms, state=CONNECTED}]
2026-04-15 22:59:13.313 [cluster-ClusterId{value='69dfa325a88562ec101c348a', description='null'}-localhost:27017] DEBUG org.mongodb.driver.cluster - Checking status of localhost:27017
2026-04-15 22:59:23.314 [cluster-ClusterId{value='69dfa325a88562ec101c348a', description='null'}-localhost:27017] DEBUG org.mongodb.driver.cluster - Updating cluster description to  {type=STANDALONE, servers=[{address=localhost:27017, type=STANDALONE, roundTripTime=0.6 ms, state=CONNECTED}]
2026-04-15 22:59:23.314 [cluster-ClusterId{value='69dfa325a88562ec101c348a', description='null'}-localhost:27017] DEBUG org.mongodb.driver.cluster - Checking status of localhost:27017
2026-04-15 22:59:32.814 [HikariPool-1:housekeeper] DEBUG com.zaxxer.hikari.pool.HikariPool - HikariPool-1 - keepalive: connection com.mysql.cj.jdbc.ConnectionImpl@3bcdbbaa is alive
2026-04-15 22:59:33.315 [cluster-ClusterId{value='69dfa325a88562ec101c348a', description='null'}-localhost:27017] DEBUG org.mongodb.driver.cluster - Updating cluster description to  {type=STANDALONE, servers=[{address=localhost:27017, type=STANDALONE, roundTripTime=0.6 ms, state=CONNECTED}]
2026-04-15 22:59:33.315 [cluster-ClusterId{value='69dfa325a88562ec101c348a', description='null'}-localhost:27017] DEBUG org.mongodb.driver.cluster - Checking status of localhost:27017
2026-04-15 22:59:38.192 [HikariPool-1:housekeeper] DEBUG com.zaxxer.hikari.pool.HikariPool - HikariPool-1 - Pool stats (total=10/10, idle=10/10, active=0, waiting=0)
2026-04-15 22:59:38.192 [HikariPool-1:housekeeper] DEBUG com.zaxxer.hikari.pool.HikariPool - HikariPool-1 - Fill pool skipped, pool has sufficient level or currently being filled.
2026-04-15 22:59:43.315 [cluster-ClusterId{value='69dfa325a88562ec101c348a', description='null'}-localhost:27017] DEBUG org.mongodb.driver.cluster - Updating cluster description to  {type=STANDALONE, servers=[{address=localhost:27017, type=STANDALONE, roundTripTime=0.6 ms, state=CONNECTED}]
2026-04-15 22:59:43.315 [cluster-ClusterId{value='69dfa325a88562ec101c348a', description='null'}-localhost:27017] DEBUG org.mongodb.driver.cluster - Checking status of localhost:27017
2026-04-15 22:59:53.315 [cluster-ClusterId{value='69dfa325a88562ec101c348a', description='null'}-localhost:27017] DEBUG org.mongodb.driver.cluster - Updating cluster description to  {type=STANDALONE, servers=[{address=localhost:27017, type=STANDALONE, roundTripTime=0.6 ms, state=CONNECTED}]
2026-04-15 22:59:53.315 [cluster-ClusterId{value='69dfa325a88562ec101c348a', description='null'}-localhost:27017] DEBUG org.mongodb.driver.cluster - Checking status of localhost:27017
2026-04-15 22:59:57.206 [HikariPool-1:housekeeper] DEBUG com.zaxxer.hikari.pool.HikariPool - HikariPool-1 - keepalive: connection com.mysql.cj.jdbc.ConnectionImpl@45a4efa4 is alive
2026-04-15 23:00:03.316 [cluster-ClusterId{value='69dfa325a88562ec101c348a', description='null'}-localhost:27017] DEBUG org.mongodb.driver.cluster - Updating cluster description to  {type=STANDALONE, servers=[{address=localhost:27017, type=STANDALONE, roundTripTime=0.6 ms, state=CONNECTED}]
2026-04-15 23:00:03.316 [cluster-ClusterId{value='69dfa325a88562ec101c348a', description='null'}-localhost:27017] DEBUG org.mongodb.driver.cluster - Checking status of localhost:27017
2026-04-15 23:00:08.203 [HikariPool-1:housekeeper] DEBUG com.zaxxer.hikari.pool.HikariPool - HikariPool-1 - Pool stats (total=10/10, idle=10/10, active=0, waiting=0)
2026-04-15 23:00:08.203 [HikariPool-1:housekeeper] DEBUG com.zaxxer.hikari.pool.HikariPool - HikariPool-1 - Fill pool skipped, pool has sufficient level or currently being filled.
2026-04-15 23:00:12.129 [http-nio-8080-exec-10] DEBUG org.springframework.web.servlet.DispatcherServlet - GET "/user/date", parameters={}
2026-04-15 23:00:12.129 [http-nio-8080-exec-10] DEBUG o.s.w.s.m.m.a.RequestMappingHandlerMapping - Mapped to com.example.XSJ.Controller.User.User#GetUserMessageDate()
2026-04-15 23:00:12.130 [http-nio-8080-exec-10] DEBUG org.springframework.web.servlet.DispatcherServlet - Completed 401 UNAUTHORIZED
2026-04-15 23:00:13.316 [cluster-ClusterId{value='69dfa325a88562ec101c348a', description='null'}-localhost:27017] DEBUG org.mongodb.driver.cluster - Updating cluster description to  {type=STANDALONE, servers=[{address=localhost:27017, type=STANDALONE, roundTripTime=0.6 ms, state=CONNECTED}]
2026-04-15 23:00:13.316 [cluster-ClusterId{value='69dfa325a88562ec101c348a', description='null'}-localhost:27017] DEBUG org.mongodb.driver.cluster - Checking status of localhost:27017
2026-04-15 23:00:23.316 [cluster-ClusterId{value='69dfa325a88562ec101c348a', description='null'}-localhost:27017] DEBUG org.mongodb.driver.cluster - Updating cluster description to  {type=STANDALONE, servers=[{address=localhost:27017, type=STANDALONE, roundTripTime=0.7 ms, state=CONNECTED}]
2026-04-15 23:00:23.316 [cluster-ClusterId{value='69dfa325a88562ec101c348a', description='null'}-localhost:27017] DEBUG org.mongodb.driver.cluster - Checking status of localhost:27017
2026-04-15 23:00:24.284 [HikariPool-1:housekeeper] DEBUG com.zaxxer.hikari.pool.HikariPool - HikariPool-1 - keepalive: connection com.mysql.cj.jdbc.ConnectionImpl@7b43f3a2 is alive
2026-04-15 23:00:24.806 [HikariPool-1:housekeeper] DEBUG com.zaxxer.hikari.pool.HikariPool - HikariPool-1 - keepalive: connection com.mysql.cj.jdbc.ConnectionImpl@5f5011b2 is alive
2026-04-15 23:00:25.550 [HikariPool-1:housekeeper] DEBUG com.zaxxer.hikari.pool.HikariPool - HikariPool-1 - keepalive: connection com.mysql.cj.jdbc.ConnectionImpl@1057c3c4 is alive
2026-04-15 23:00:33.317 [cluster-ClusterId{value='69dfa325a88562ec101c348a', description='null'}-localhost:27017] DEBUG org.mongodb.driver.cluster - Updating cluster description to  {type=STANDALONE, servers=[{address=localhost:27017, type=STANDALONE, roundTripTime=0.7 ms, state=CONNECTED}]
2026-04-15 23:00:33.317 [cluster-ClusterId{value='69dfa325a88562ec101c348a', description='null'}-localhost:27017] DEBUG org.mongodb.driver.cluster - Checking status of localhost:27017
2026-04-15 23:00:37.834 [HikariPool-1:housekeeper] DEBUG com.zaxxer.hikari.pool.HikariPool - HikariPool-1 - keepalive: connection com.mysql.cj.jdbc.ConnectionImpl@5a14c7aa is alive
2026-04-15 23:00:38.212 [HikariPool-1:housekeeper] DEBUG com.zaxxer.hikari.pool.HikariPool - HikariPool-1 - Pool stats (total=10/10, idle=10/10, active=0, waiting=0)
2026-04-15 23:00:38.212 [HikariPool-1:housekeeper] DEBUG com.zaxxer.hikari.pool.HikariPool - HikariPool-1 - Fill pool skipped, pool has sufficient level or currently being filled.
2026-04-15 23:00:43.317 [cluster-ClusterId{value='69dfa325a88562ec101c348a', description='null'}-localhost:27017] DEBUG org.mongodb.driver.cluster - Updating cluster description to  {type=STANDALONE, servers=[{address=localhost:27017, type=STANDALONE, roundTripTime=0.7 ms, state=CONNECTED}]
2026-04-15 23:00:43.317 [cluster-ClusterId{value='69dfa325a88562ec101c348a', description='null'}-localhost:27017] DEBUG org.mongodb.driver.cluster - Checking status of localhost:27017
2026-04-15 23:00:52.003 [HikariPool-1:housekeeper] DEBUG com.zaxxer.hikari.pool.HikariPool - HikariPool-1 - keepalive: connection com.mysql.cj.jdbc.ConnectionImpl@6793b824 is alive
2026-04-15 23:00:53.318 [cluster-ClusterId{value='69dfa325a88562ec101c348a', description='null'}-localhost:27017] DEBUG org.mongodb.driver.cluster - Updating cluster description to  {type=STANDALONE, servers=[{address=localhost:27017, type=STANDALONE, roundTripTime=0.7 ms, state=CONNECTED}]
2026-04-15 23:00:53.318 [cluster-ClusterId{value='69dfa325a88562ec101c348a', description='null'}-localhost:27017] DEBUG org.mongodb.driver.cluster - Checking status of localhost:27017
2026-04-15 23:00:54.634 [HikariPool-1:housekeeper] DEBUG com.zaxxer.hikari.pool.HikariPool - HikariPool-1 - keepalive: connection com.mysql.cj.jdbc.ConnectionImpl@71819bc6 is alive
2026-04-15 23:00:55.927 [HikariPool-1:housekeeper] DEBUG com.zaxxer.hikari.pool.HikariPool - HikariPool-1 - keepalive: connection com.mysql.cj.jdbc.ConnectionImpl@3cf0e9b6 is alive
2026-04-15 23:01:03.319 [cluster-ClusterId{value='69dfa325a88562ec101c348a', description='null'}-localhost:27017] DEBUG org.mongodb.driver.cluster - Updating cluster description to  {type=STANDALONE, servers=[{address=localhost:27017, type=STANDALONE, roundTripTime=0.7 ms, state=CONNECTED}]
2026-04-15 23:01:03.319 [cluster-ClusterId{value='69dfa325a88562ec101c348a', description='null'}-localhost:27017] DEBUG org.mongodb.driver.cluster - Checking status of localhost:27017
2026-04-15 23:01:08.218 [HikariPool-1:housekeeper] DEBUG com.zaxxer.hikari.pool.HikariPool - HikariPool-1 - Pool stats (total=10/10, idle=10/10, active=0, waiting=0)
2026-04-15 23:01:08.218 [HikariPool-1:housekeeper] DEBUG com.zaxxer.hikari.pool.HikariPool - HikariPool-1 - Fill pool skipped, pool has sufficient level or currently being filled.
2026-04-15 23:01:08.926 [HikariPool-1:housekeeper] DEBUG com.zaxxer.hikari.pool.HikariPool - HikariPool-1 - keepalive: connection com.mysql.cj.jdbc.ConnectionImpl@6b79ea1d is alive
2026-04-15 23:01:12.359 [HikariPool-1:housekeeper] DEBUG com.zaxxer.hikari.pool.HikariPool - HikariPool-1 - keepalive: connection com.mysql.cj.jdbc.ConnectionImpl@3bcdbbaa is alive
2026-04-15 23:01:13.320 [cluster-ClusterId{value='69dfa325a88562ec101c348a', description='null'}-localhost:27017] DEBUG org.mongodb.driver.cluster - Updating cluster description to  {type=STANDALONE, servers=[{address=localhost:27017, type=STANDALONE, roundTripTime=0.7 ms, state=CONNECTED}]
2026-04-15 23:01:13.320 [cluster-ClusterId{value='69dfa325a88562ec101c348a', description='null'}-localhost:27017] DEBUG org.mongodb.driver.cluster - Checking status of localhost:27017
2026-04-15 23:01:23.321 [cluster-ClusterId{value='69dfa325a88562ec101c348a', description='null'}-localhost:27017] DEBUG org.mongodb.driver.cluster - Updating cluster description to  {type=STANDALONE, servers=[{address=localhost:27017, type=STANDALONE, roundTripTime=0.7 ms, state=CONNECTED}]
2026-04-15 23:01:23.321 [cluster-ClusterId{value='69dfa325a88562ec101c348a', description='null'}-localhost:27017] DEBUG org.mongodb.driver.cluster - Checking status of localhost:27017
2026-04-15 23:01:33.321 [cluster-ClusterId{value='69dfa325a88562ec101c348a', description='null'}-localhost:27017] DEBUG org.mongodb.driver.cluster - Updating cluster description to  {type=STANDALONE, servers=[{address=localhost:27017, type=STANDALONE, roundTripTime=0.6 ms, state=CONNECTED}]
2026-04-15 23:01:33.322 [cluster-ClusterId{value='69dfa325a88562ec101c348a', description='null'}-localhost:27017] DEBUG org.mongodb.driver.cluster - Checking status of localhost:27017
2026-04-15 23:01:38.227 [HikariPool-1:housekeeper] DEBUG com.zaxxer.hikari.pool.HikariPool - HikariPool-1 - Pool stats (total=10/10, idle=10/10, active=0, waiting=0)
2026-04-15 23:01:38.227 [HikariPool-1:housekeeper] DEBUG com.zaxxer.hikari.pool.HikariPool - HikariPool-1 - Fill pool skipped, pool has sufficient level or currently being filled.
2026-04-15 23:01:43.321 [cluster-ClusterId{value='69dfa325a88562ec101c348a', description='null'}-localhost:27017] DEBUG org.mongodb.driver.cluster - Updating cluster description to  {type=STANDALONE, servers=[{address=localhost:27017, type=STANDALONE, roundTripTime=0.6 ms, state=CONNECTED}]
2026-04-15 23:01:43.321 [cluster-ClusterId{value='69dfa325a88562ec101c348a', description='null'}-localhost:27017] DEBUG org.mongodb.driver.cluster - Checking status of localhost:27017
2026-04-15 23:01:48.063 [HikariPool-1:housekeeper] DEBUG com.zaxxer.hikari.pool.HikariPool - HikariPool-1 - keepalive: connection com.mysql.cj.jdbc.ConnectionImpl@45a4efa4 is alive
2026-04-15 23:01:53.322 [cluster-ClusterId{value='69dfa325a88562ec101c348a', description='null'}-localhost:27017] DEBUG org.mongodb.driver.cluster - Updating cluster description to  {type=STANDALONE, servers=[{address=localhost:27017, type=STANDALONE, roundTripTime=0.6 ms, state=CONNECTED}]
2026-04-15 23:01:53.322 [cluster-ClusterId{value='69dfa325a88562ec101c348a', description='null'}-localhost:27017] DEBUG org.mongodb.driver.cluster - Checking status of localhost:27017
2026-04-15 23:02:03.322 [cluster-ClusterId{value='69dfa325a88562ec101c348a', description='null'}-localhost:27017] DEBUG org.mongodb.driver.cluster - Updating cluster description to  {type=STANDALONE, servers=[{address=localhost:27017, type=STANDALONE, roundTripTime=0.6 ms, state=CONNECTED}]
2026-04-15 23:02:03.322 [cluster-ClusterId{value='69dfa325a88562ec101c348a', description='null'}-localhost:27017] DEBUG org.mongodb.driver.cluster - Checking status of localhost:27017
2026-04-15 23:02:08.127 [HikariPool-1:housekeeper] DEBUG com.zaxxer.hikari.pool.HikariPool - HikariPool-1 - keepalive: connection com.mysql.cj.jdbc.ConnectionImpl@7b43f3a2 is alive
2026-04-15 23:02:08.238 [HikariPool-1:housekeeper] DEBUG com.zaxxer.hikari.pool.HikariPool - HikariPool-1 - Pool stats (total=10/10, idle=10/10, active=0, waiting=0)
2026-04-15 23:02:08.238 [HikariPool-1:housekeeper] DEBUG com.zaxxer.hikari.pool.HikariPool - HikariPool-1 - Fill pool skipped, pool has sufficient level or currently being filled.
2026-04-15 23:02:13.322 [cluster-ClusterId{value='69dfa325a88562ec101c348a', description='null'}-localhost:27017] DEBUG org.mongodb.driver.cluster - Updating cluster description to  {type=STANDALONE, servers=[{address=localhost:27017, type=STANDALONE, roundTripTime=0.6 ms, state=CONNECTED}]
2026-04-15 23:02:13.322 [cluster-ClusterId{value='69dfa325a88562ec101c348a', description='null'}-localhost:27017] DEBUG org.mongodb.driver.cluster - Checking status of localhost:27017
2026-04-15 23:02:14.716 [HikariPool-1:housekeeper] DEBUG com.zaxxer.hikari.pool.HikariPool - HikariPool-1 - keepalive: connection com.mysql.cj.jdbc.ConnectionImpl@5a14c7aa is alive
2026-04-15 23:02:18.150 [HikariPool-1:housekeeper] DEBUG com.zaxxer.hikari.pool.HikariPool - HikariPool-1 - keepalive: connection com.mysql.cj.jdbc.ConnectionImpl@5f5011b2 is alive
2026-04-15 23:02:18.970 [HikariPool-1:housekeeper] DEBUG com.zaxxer.hikari.pool.HikariPool - HikariPool-1 - keepalive: connection com.mysql.cj.jdbc.ConnectionImpl@1057c3c4 is alive
2026-04-15 23:02:22.658 [HikariPool-1:connection-closer] DEBUG com.zaxxer.hikari.pool.PoolBase - HikariPool-1 - Closing connection com.mysql.cj.jdbc.ConnectionImpl@5a14c7aa: (connection has passed maxLifetime)
2026-04-15 23:02:22.666 [HikariPool-1:connection-adder] DEBUG com.zaxxer.hikari.pool.PoolBase - HikariPool-1 - Attempting to create/setup new connection (cd590f9d-67f8-4645-92e6-397ef294fcce)
2026-04-15 23:02:22.716 [HikariPool-1:connection-adder] DEBUG com.zaxxer.hikari.pool.PoolBase - HikariPool-1 - Established new connection (cd590f9d-67f8-4645-92e6-397ef294fcce)
2026-04-15 23:02:22.716 [HikariPool-1:connection-adder] DEBUG com.zaxxer.hikari.pool.HikariPool - HikariPool-1 - Added connection com.mysql.cj.jdbc.ConnectionImpl@35e71038
2026-04-15 23:02:23.323 [cluster-ClusterId{value='69dfa325a88562ec101c348a', description='null'}-localhost:27017] DEBUG org.mongodb.driver.cluster - Updating cluster description to  {type=STANDALONE, servers=[{address=localhost:27017, type=STANDALONE, roundTripTime=0.6 ms, state=CONNECTED}]
2026-04-15 23:02:23.323 [cluster-ClusterId{value='69dfa325a88562ec101c348a', description='null'}-localhost:27017] DEBUG org.mongodb.driver.cluster - Checking status of localhost:27017
2026-04-15 23:02:33.323 [cluster-ClusterId{value='69dfa325a88562ec101c348a', description='null'}-localhost:27017] DEBUG org.mongodb.driver.cluster - Updating cluster description to  {type=STANDALONE, servers=[{address=localhost:27017, type=STANDALONE, roundTripTime=0.6 ms, state=CONNECTED}]
2026-04-15 23:02:33.323 [cluster-ClusterId{value='69dfa325a88562ec101c348a', description='null'}-localhost:27017] DEBUG org.mongodb.driver.cluster - Checking status of localhost:27017
2026-04-15 23:02:38.173 [HikariPool-1:housekeeper] DEBUG com.zaxxer.hikari.pool.HikariPool - HikariPool-1 - keepalive: connection com.mysql.cj.jdbc.ConnectionImpl@6793b824 is alive
2026-04-15 23:02:38.252 [HikariPool-1:housekeeper] DEBUG com.zaxxer.hikari.pool.HikariPool - HikariPool-1 - Pool stats (total=10/10, idle=10/10, active=0, waiting=0)
2026-04-15 23:02:38.252 [HikariPool-1:housekeeper] DEBUG com.zaxxer.hikari.pool.HikariPool - HikariPool-1 - Fill pool skipped, pool has sufficient level or currently being filled.
2026-04-15 23:02:40.993 [HikariPool-1:housekeeper] DEBUG com.zaxxer.hikari.pool.HikariPool - HikariPool-1 - keepalive: connection com.mysql.cj.jdbc.ConnectionImpl@71819bc6 is alive
2026-04-15 23:02:42.393 [HikariPool-1:housekeeper] DEBUG com.zaxxer.hikari.pool.HikariPool - HikariPool-1 - keepalive: connection com.mysql.cj.jdbc.ConnectionImpl@3cf0e9b6 is alive
2026-04-15 23:02:43.324 [cluster-ClusterId{value='69dfa325a88562ec101c348a', description='null'}-localhost:27017] DEBUG org.mongodb.driver.cluster - Updating cluster description to  {type=STANDALONE, servers=[{address=localhost:27017, type=STANDALONE, roundTripTime=0.6 ms, state=CONNECTED}]
2026-04-15 23:02:43.324 [cluster-ClusterId{value='69dfa325a88562ec101c348a', description='null'}-localhost:27017] DEBUG org.mongodb.driver.cluster - Checking status of localhost:27017
2026-04-15 23:02:51.904 [HikariPool-1:housekeeper] DEBUG com.zaxxer.hikari.pool.HikariPool - HikariPool-1 - keepalive: connection com.mysql.cj.jdbc.ConnectionImpl@3bcdbbaa is alive
2026-04-15 23:02:53.325 [cluster-ClusterId{value='69dfa325a88562ec101c348a', description='null'}-localhost:27017] DEBUG org.mongodb.driver.cluster - Updating cluster description to  {type=STANDALONE, servers=[{address=localhost:27017, type=STANDALONE, roundTripTime=0.6 ms, state=CONNECTED}]
2026-04-15 23:02:53.325 [cluster-ClusterId{value='69dfa325a88562ec101c348a', description='null'}-localhost:27017] DEBUG org.mongodb.driver.cluster - Checking status of localhost:27017
2026-04-15 23:03:03.326 [cluster-ClusterId{value='69dfa325a88562ec101c348a', description='null'}-localhost:27017] DEBUG org.mongodb.driver.cluster - Updating cluster description to  {type=STANDALONE, servers=[{address=localhost:27017, type=STANDALONE, roundTripTime=0.5 ms, state=CONNECTED}]
2026-04-15 23:03:03.326 [cluster-ClusterId{value='69dfa325a88562ec101c348a', description='null'}-localhost:27017] DEBUG org.mongodb.driver.cluster - Checking status of localhost:27017
2026-04-15 23:03:06.248 [HikariPool-1:housekeeper] DEBUG com.zaxxer.hikari.pool.HikariPool - HikariPool-1 - keepalive: connection com.mysql.cj.jdbc.ConnectionImpl@6b79ea1d is alive
2026-04-15 23:03:08.265 [HikariPool-1:housekeeper] DEBUG com.zaxxer.hikari.pool.HikariPool - HikariPool-1 - Pool stats (total=10/10, idle=10/10, active=0, waiting=0)
2026-04-15 23:03:08.265 [HikariPool-1:housekeeper] DEBUG com.zaxxer.hikari.pool.HikariPool - HikariPool-1 - Fill pool skipped, pool has sufficient level or currently being filled.
2026-04-15 23:03:13.327 [cluster-ClusterId{value='69dfa325a88562ec101c348a', description='null'}-localhost:27017] DEBUG org.mongodb.driver.cluster - Updating cluster description to  {type=STANDALONE, servers=[{address=localhost:27017, type=STANDALONE, roundTripTime=0.6 ms, state=CONNECTED}]
2026-04-15 23:03:13.327 [cluster-ClusterId{value='69dfa325a88562ec101c348a', description='null'}-localhost:27017] DEBUG org.mongodb.driver.cluster - Checking status of localhost:27017
2026-04-15 23:03:15.871 [HikariPool-1:connection-closer] DEBUG com.zaxxer.hikari.pool.PoolBase - HikariPool-1 - Closing connection com.mysql.cj.jdbc.ConnectionImpl@45a4efa4: (connection has passed maxLifetime)
2026-04-15 23:03:15.874 [HikariPool-1:connection-adder] DEBUG com.zaxxer.hikari.pool.PoolBase - HikariPool-1 - Attempting to create/setup new connection (38642d32-7d5b-4013-b9d8-a2ba01597785)
2026-04-15 23:03:15.883 [HikariPool-1:connection-adder] DEBUG com.zaxxer.hikari.pool.PoolBase - HikariPool-1 - Established new connection (38642d32-7d5b-4013-b9d8-a2ba01597785)
2026-04-15 23:03:15.883 [HikariPool-1:connection-adder] DEBUG com.zaxxer.hikari.pool.HikariPool - HikariPool-1 - Added connection com.mysql.cj.jdbc.ConnectionImpl@35f7bd26
2026-04-15 23:03:21.651 [HikariPool-1:connection-closer] DEBUG com.zaxxer.hikari.pool.PoolBase - HikariPool-1 - Closing connection com.mysql.cj.jdbc.ConnectionImpl@7b43f3a2: (connection has passed maxLifetime)
2026-04-15 23:03:21.652 [HikariPool-1:connection-adder] DEBUG com.zaxxer.hikari.pool.PoolBase - HikariPool-1 - Attempting to create/setup new connection (cd664cc3-a83e-46a5-be93-86f60b4befee)
2026-04-15 23:03:21.667 [HikariPool-1:connection-adder] DEBUG com.zaxxer.hikari.pool.PoolBase - HikariPool-1 - Established new connection (cd664cc3-a83e-46a5-be93-86f60b4befee)
2026-04-15 23:03:21.667 [HikariPool-1:connection-adder] DEBUG com.zaxxer.hikari.pool.HikariPool - HikariPool-1 - Added connection com.mysql.cj.jdbc.ConnectionImpl@59ca27bd
2026-04-15 23:03:23.329 [cluster-ClusterId{value='69dfa325a88562ec101c348a', description='null'}-localhost:27017] DEBUG org.mongodb.driver.cluster - Updating cluster description to  {type=STANDALONE, servers=[{address=localhost:27017, type=STANDALONE, roundTripTime=0.6 ms, state=CONNECTED}]
2026-04-15 23:03:23.329 [cluster-ClusterId{value='69dfa325a88562ec101c348a', description='null'}-localhost:27017] DEBUG org.mongodb.driver.cluster - Checking status of localhost:27017
2026-04-15 23:03:33.329 [cluster-ClusterId{value='69dfa325a88562ec101c348a', description='null'}-localhost:27017] DEBUG org.mongodb.driver.cluster - Updating cluster description to  {type=STANDALONE, servers=[{address=localhost:27017, type=STANDALONE, roundTripTime=0.6 ms, state=CONNECTED}]
2026-04-15 23:03:33.329 [cluster-ClusterId{value='69dfa325a88562ec101c348a', description='null'}-localhost:27017] DEBUG org.mongodb.driver.cluster - Checking status of localhost:27017
2026-04-15 23:03:38.267 [HikariPool-1:housekeeper] DEBUG com.zaxxer.hikari.pool.HikariPool - HikariPool-1 - Pool stats (total=10/10, idle=10/10, active=0, waiting=0)
2026-04-15 23:03:38.267 [HikariPool-1:housekeeper] DEBUG com.zaxxer.hikari.pool.HikariPool - HikariPool-1 - Fill pool skipped, pool has sufficient level or currently being filled.
2026-04-15 23:03:43.330 [cluster-ClusterId{value='69dfa325a88562ec101c348a', description='null'}-localhost:27017] DEBUG org.mongodb.driver.cluster - Updating cluster description to  {type=STANDALONE, servers=[{address=localhost:27017, type=STANDALONE, roundTripTime=0.6 ms, state=CONNECTED}]
2026-04-15 23:03:43.330 [cluster-ClusterId{value='69dfa325a88562ec101c348a', description='null'}-localhost:27017] DEBUG org.mongodb.driver.cluster - Checking status of localhost:27017
2026-04-15 23:03:53.331 [cluster-ClusterId{value='69dfa325a88562ec101c348a', description='null'}-localhost:27017] DEBUG org.mongodb.driver.cluster - Updating cluster description to  {type=STANDALONE, servers=[{address=localhost:27017, type=STANDALONE, roundTripTime=0.6 ms, state=CONNECTED}]
2026-04-15 23:03:53.331 [cluster-ClusterId{value='69dfa325a88562ec101c348a', description='null'}-localhost:27017] DEBUG org.mongodb.driver.cluster - Checking status of localhost:27017
2026-04-15 23:04:03.331 [cluster-ClusterId{value='69dfa325a88562ec101c348a', description='null'}-localhost:27017] DEBUG org.mongodb.driver.cluster - Updating cluster description to  {type=STANDALONE, servers=[{address=localhost:27017, type=STANDALONE, roundTripTime=0.6 ms, state=CONNECTED}]
2026-04-15 23:04:03.331 [cluster-ClusterId{value='69dfa325a88562ec101c348a', description='null'}-localhost:27017] DEBUG org.mongodb.driver.cluster - Checking status of localhost:27017
2026-04-15 23:04:04.463 [HikariPool-1:connection-closer] DEBUG com.zaxxer.hikari.pool.PoolBase - HikariPool-1 - Closing connection com.mysql.cj.jdbc.ConnectionImpl@71819bc6: (connection has passed maxLifetime)
2026-04-15 23:04:04.465 [HikariPool-1:connection-adder] DEBUG com.zaxxer.hikari.pool.PoolBase - HikariPool-1 - Attempting to create/setup new connection (b0d342d5-2235-4b54-a88b-51951f54a833)
2026-04-15 23:04:04.474 [HikariPool-1:connection-adder] DEBUG com.zaxxer.hikari.pool.PoolBase - HikariPool-1 - Established new connection (b0d342d5-2235-4b54-a88b-51951f54a833)
2026-04-15 23:04:04.474 [HikariPool-1:connection-adder] DEBUG com.zaxxer.hikari.pool.HikariPool - HikariPool-1 - Added connection com.mysql.cj.jdbc.ConnectionImpl@7edfde22
2026-04-15 23:04:04.685 [HikariPool-1:connection-closer] DEBUG com.zaxxer.hikari.pool.PoolBase - HikariPool-1 - Closing connection com.mysql.cj.jdbc.ConnectionImpl@3bcdbbaa: (connection has passed maxLifetime)
2026-04-15 23:04:04.686 [HikariPool-1:connection-adder] DEBUG com.zaxxer.hikari.pool.PoolBase - HikariPool-1 - Attempting to create/setup new connection (cce6f017-ad48-4fc2-adee-beff18a5c7ec)
2026-04-15 23:04:04.696 [HikariPool-1:connection-adder] DEBUG com.zaxxer.hikari.pool.PoolBase - HikariPool-1 - Established new connection (cce6f017-ad48-4fc2-adee-beff18a5c7ec)
2026-04-15 23:04:04.696 [HikariPool-1:connection-adder] DEBUG com.zaxxer.hikari.pool.HikariPool - HikariPool-1 - Added connection com.mysql.cj.jdbc.ConnectionImpl@17ff16b4
2026-04-15 23:04:08.280 [HikariPool-1:housekeeper] DEBUG com.zaxxer.hikari.pool.HikariPool - HikariPool-1 - Pool stats (total=10/10, idle=10/10, active=0, waiting=0)
2026-04-15 23:04:08.280 [HikariPool-1:housekeeper] DEBUG com.zaxxer.hikari.pool.HikariPool - HikariPool-1 - Fill pool skipped, pool has sufficient level or currently being filled.
2026-04-15 23:04:09.259 [HikariPool-1:housekeeper] DEBUG com.zaxxer.hikari.pool.HikariPool - HikariPool-1 - keepalive: connection com.mysql.cj.jdbc.ConnectionImpl@35e71038 is alive
2026-04-15 23:04:11.493 [HikariPool-1:housekeeper] DEBUG com.zaxxer.hikari.pool.HikariPool - HikariPool-1 - keepalive: connection com.mysql.cj.jdbc.ConnectionImpl@5f5011b2 is alive
2026-04-15 23:04:12.394 [HikariPool-1:housekeeper] DEBUG com.zaxxer.hikari.pool.HikariPool - HikariPool-1 - keepalive: connection com.mysql.cj.jdbc.ConnectionImpl@1057c3c4 is alive
2026-04-15 23:04:13.332 [cluster-ClusterId{value='69dfa325a88562ec101c348a', description='null'}-localhost:27017] DEBUG org.mongodb.driver.cluster - Updating cluster description to  {type=STANDALONE, servers=[{address=localhost:27017, type=STANDALONE, roundTripTime=0.5 ms, state=CONNECTED}]
2026-04-15 23:04:13.332 [cluster-ClusterId{value='69dfa325a88562ec101c348a', description='null'}-localhost:27017] DEBUG org.mongodb.driver.cluster - Checking status of localhost:27017
2026-04-15 23:04:23.332 [cluster-ClusterId{value='69dfa325a88562ec101c348a', description='null'}-localhost:27017] DEBUG org.mongodb.driver.cluster - Updating cluster description to  {type=STANDALONE, servers=[{address=localhost:27017, type=STANDALONE, roundTripTime=0.5 ms, state=CONNECTED}]
2026-04-15 23:04:23.332 [cluster-ClusterId{value='69dfa325a88562ec101c348a', description='null'}-localhost:27017] DEBUG org.mongodb.driver.cluster - Checking status of localhost:27017
2026-04-15 23:04:24.337 [HikariPool-1:housekeeper] DEBUG com.zaxxer.hikari.pool.HikariPool - HikariPool-1 - keepalive: connection com.mysql.cj.jdbc.ConnectionImpl@6793b824 is alive
2026-04-15 23:04:28.858 [HikariPool-1:housekeeper] DEBUG com.zaxxer.hikari.pool.HikariPool - HikariPool-1 - keepalive: connection com.mysql.cj.jdbc.ConnectionImpl@3cf0e9b6 is alive
2026-04-15 23:04:33.333 [cluster-ClusterId{value='69dfa325a88562ec101c348a', description='null'}-localhost:27017] DEBUG org.mongodb.driver.cluster - Updating cluster description to  {type=STANDALONE, servers=[{address=localhost:27017, type=STANDALONE, roundTripTime=0.5 ms, state=CONNECTED}]
2026-04-15 23:04:33.333 [cluster-ClusterId{value='69dfa325a88562ec101c348a', description='null'}-localhost:27017] DEBUG org.mongodb.driver.cluster - Checking status of localhost:27017
2026-04-15 23:04:38.285 [HikariPool-1:housekeeper] DEBUG com.zaxxer.hikari.pool.HikariPool - HikariPool-1 - Pool stats (total=10/10, idle=10/10, active=0, waiting=0)
2026-04-15 23:04:38.285 [HikariPool-1:housekeeper] DEBUG com.zaxxer.hikari.pool.HikariPool - HikariPool-1 - Fill pool skipped, pool has sufficient level or currently being filled.
2026-04-15 23:04:43.333 [cluster-ClusterId{value='69dfa325a88562ec101c348a', description='null'}-localhost:27017] DEBUG org.mongodb.driver.cluster - Updating cluster description to  {type=STANDALONE, servers=[{address=localhost:27017, type=STANDALONE, roundTripTime=0.5 ms, state=CONNECTED}]
2026-04-15 23:04:43.333 [cluster-ClusterId{value='69dfa325a88562ec101c348a', description='null'}-localhost:27017] DEBUG org.mongodb.driver.cluster - Checking status of localhost:27017
2026-04-15 23:04:53.334 [cluster-ClusterId{value='69dfa325a88562ec101c348a', description='null'}-localhost:27017] DEBUG org.mongodb.driver.cluster - Updating cluster description to  {type=STANDALONE, servers=[{address=localhost:27017, type=STANDALONE, roundTripTime=0.5 ms, state=CONNECTED}]
2026-04-15 23:04:53.334 [cluster-ClusterId{value='69dfa325a88562ec101c348a', description='null'}-localhost:27017] DEBUG org.mongodb.driver.cluster - Checking status of localhost:27017
2026-04-15 23:04:55.425 [HikariPool-1:housekeeper] DEBUG com.zaxxer.hikari.pool.HikariPool - HikariPool-1 - keepalive: connection com.mysql.cj.jdbc.ConnectionImpl@35f7bd26 is alive
2026-04-15 23:05:03.334 [cluster-ClusterId{value='69dfa325a88562ec101c348a', description='null'}-localhost:27017] DEBUG org.mongodb.driver.cluster - Updating cluster description to  {type=STANDALONE, servers=[{address=localhost:27017, type=STANDALONE, roundTripTime=0.7 ms, state=CONNECTED}]
2026-04-15 23:05:03.334 [cluster-ClusterId{value='69dfa325a88562ec101c348a', description='null'}-localhost:27017] DEBUG org.mongodb.driver.cluster - Checking status of localhost:27017
2026-04-15 23:05:03.571 [HikariPool-1:housekeeper] DEBUG com.zaxxer.hikari.pool.HikariPool - HikariPool-1 - keepalive: connection com.mysql.cj.jdbc.ConnectionImpl@6b79ea1d is alive
2026-04-15 23:05:07.355 [HikariPool-1:housekeeper] DEBUG com.zaxxer.hikari.pool.HikariPool - HikariPool-1 - keepalive: connection com.mysql.cj.jdbc.ConnectionImpl@59ca27bd is alive
2026-04-15 23:05:08.301 [HikariPool-1:housekeeper] DEBUG com.zaxxer.hikari.pool.HikariPool - HikariPool-1 - Pool stats (total=10/10, idle=10/10, active=0, waiting=0)
2026-04-15 23:05:08.301 [HikariPool-1:housekeeper] DEBUG com.zaxxer.hikari.pool.HikariPool - HikariPool-1 - Fill pool skipped, pool has sufficient level or currently being filled.
2026-04-15 23:05:12.132 [http-nio-8080-exec-1] DEBUG org.springframework.web.servlet.DispatcherServlet - GET "/user/date", parameters={}
2026-04-15 23:05:12.132 [http-nio-8080-exec-1] DEBUG o.s.w.s.m.m.a.RequestMappingHandlerMapping - Mapped to com.example.XSJ.Controller.User.User#GetUserMessageDate()
2026-04-15 23:05:12.133 [http-nio-8080-exec-1] DEBUG org.springframework.web.servlet.DispatcherServlet - Completed 401 UNAUTHORIZED
2026-04-15 23:05:13.334 [cluster-ClusterId{value='69dfa325a88562ec101c348a', description='null'}-localhost:27017] DEBUG org.mongodb.driver.cluster - Updating cluster description to  {type=STANDALONE, servers=[{address=localhost:27017, type=STANDALONE, roundTripTime=0.6 ms, state=CONNECTED}]
2026-04-15 23:05:13.334 [cluster-ClusterId{value='69dfa325a88562ec101c348a', description='null'}-localhost:27017] DEBUG org.mongodb.driver.cluster - Checking status of localhost:27017
2026-04-15 23:05:23.335 [cluster-ClusterId{value='69dfa325a88562ec101c348a', description='null'}-localhost:27017] DEBUG org.mongodb.driver.cluster - Updating cluster description to  {type=STANDALONE, servers=[{address=localhost:27017, type=STANDALONE, roundTripTime=0.6 ms, state=CONNECTED}]
2026-04-15 23:05:23.335 [cluster-ClusterId{value='69dfa325a88562ec101c348a', description='null'}-localhost:27017] DEBUG org.mongodb.driver.cluster - Checking status of localhost:27017
2026-04-15 23:05:33.335 [cluster-ClusterId{value='69dfa325a88562ec101c348a', description='null'}-localhost:27017] DEBUG org.mongodb.driver.cluster - Updating cluster description to  {type=STANDALONE, servers=[{address=localhost:27017, type=STANDALONE, roundTripTime=0.6 ms, state=CONNECTED}]
2026-04-15 23:05:33.335 [cluster-ClusterId{value='69dfa325a88562ec101c348a', description='null'}-localhost:27017] DEBUG org.mongodb.driver.cluster - Checking status of localhost:27017
2026-04-15 23:05:38.302 [HikariPool-1:housekeeper] DEBUG com.zaxxer.hikari.pool.HikariPool - HikariPool-1 - Pool stats (total=10/10, idle=10/10, active=0, waiting=0)
2026-04-15 23:05:38.302 [HikariPool-1:housekeeper] DEBUG com.zaxxer.hikari.pool.HikariPool - HikariPool-1 - Fill pool skipped, pool has sufficient level or currently being filled.
2026-04-15 23:05:43.336 [cluster-ClusterId{value='69dfa325a88562ec101c348a', description='null'}-localhost:27017] DEBUG org.mongodb.driver.cluster - Updating cluster description to  {type=STANDALONE, servers=[{address=localhost:27017, type=STANDALONE, roundTripTime=0.6 ms, state=CONNECTED}]
2026-04-15 23:05:43.336 [cluster-ClusterId{value='69dfa325a88562ec101c348a', description='null'}-localhost:27017] DEBUG org.mongodb.driver.cluster - Checking status of localhost:27017
2026-04-15 23:05:53.336 [cluster-ClusterId{value='69dfa325a88562ec101c348a', description='null'}-localhost:27017] DEBUG org.mongodb.driver.cluster - Updating cluster description to  {type=STANDALONE, servers=[{address=localhost:27017, type=STANDALONE, roundTripTime=0.6 ms, state=CONNECTED}]
2026-04-15 23:05:53.336 [cluster-ClusterId{value='69dfa325a88562ec101c348a', description='null'}-localhost:27017] DEBUG org.mongodb.driver.cluster - Checking status of localhost:27017
2026-04-15 23:05:55.802 [HikariPool-1:housekeeper] DEBUG com.zaxxer.hikari.pool.HikariPool - HikariPool-1 - keepalive: connection com.mysql.cj.jdbc.ConnectionImpl@35e71038 is alive
2026-04-15 23:05:58.398 [HikariPool-1:housekeeper] DEBUG com.zaxxer.hikari.pool.HikariPool - HikariPool-1 - keepalive: connection com.mysql.cj.jdbc.ConnectionImpl@7edfde22 is alive
2026-04-15 23:05:59.045 [HikariPool-1:housekeeper] DEBUG com.zaxxer.hikari.pool.HikariPool - HikariPool-1 - keepalive: connection com.mysql.cj.jdbc.ConnectionImpl@17ff16b4 is alive
2026-04-15 23:06:03.337 [cluster-ClusterId{value='69dfa325a88562ec101c348a', description='null'}-localhost:27017] DEBUG org.mongodb.driver.cluster - Updating cluster description to  {type=STANDALONE, servers=[{address=localhost:27017, type=STANDALONE, roundTripTime=0.6 ms, state=CONNECTED}]
2026-04-15 23:06:03.337 [cluster-ClusterId{value='69dfa325a88562ec101c348a', description='null'}-localhost:27017] DEBUG org.mongodb.driver.cluster - Checking status of localhost:27017
2026-04-15 23:06:04.827 [HikariPool-1:housekeeper] DEBUG com.zaxxer.hikari.pool.HikariPool - HikariPool-1 - keepalive: connection com.mysql.cj.jdbc.ConnectionImpl@5f5011b2 is alive
2026-04-15 23:06:05.813 [HikariPool-1:housekeeper] DEBUG com.zaxxer.hikari.pool.HikariPool - HikariPool-1 - keepalive: connection com.mysql.cj.jdbc.ConnectionImpl@1057c3c4 is alive
2026-04-15 23:06:08.309 [HikariPool-1:housekeeper] DEBUG com.zaxxer.hikari.pool.HikariPool - HikariPool-1 - Pool stats (total=10/10, idle=10/10, active=0, waiting=0)
2026-04-15 23:06:08.309 [HikariPool-1:housekeeper] DEBUG com.zaxxer.hikari.pool.HikariPool - HikariPool-1 - Fill pool skipped, pool has sufficient level or currently being filled.
2026-04-15 23:06:10.504 [HikariPool-1:housekeeper] DEBUG com.zaxxer.hikari.pool.HikariPool - HikariPool-1 - keepalive: connection com.mysql.cj.jdbc.ConnectionImpl@6793b824 is alive
2026-04-15 23:06:13.338 [cluster-ClusterId{value='69dfa325a88562ec101c348a', description='null'}-localhost:27017] DEBUG org.mongodb.driver.cluster - Updating cluster description to  {type=STANDALONE, servers=[{address=localhost:27017, type=STANDALONE, roundTripTime=0.6 ms, state=CONNECTED}]
2026-04-15 23:06:13.338 [cluster-ClusterId{value='69dfa325a88562ec101c348a', description='null'}-localhost:27017] DEBUG org.mongodb.driver.cluster - Checking status of localhost:27017
2026-04-15 23:06:15.313 [HikariPool-1:housekeeper] DEBUG com.zaxxer.hikari.pool.HikariPool - HikariPool-1 - keepalive: connection com.mysql.cj.jdbc.ConnectionImpl@3cf0e9b6 is alive
2026-04-15 23:06:23.338 [cluster-ClusterId{value='69dfa325a88562ec101c348a', description='null'}-localhost:27017] DEBUG org.mongodb.driver.cluster - Updating cluster description to  {type=STANDALONE, servers=[{address=localhost:27017, type=STANDALONE, roundTripTime=0.6 ms, state=CONNECTED}]
2026-04-15 23:06:23.338 [cluster-ClusterId{value='69dfa325a88562ec101c348a', description='null'}-localhost:27017] DEBUG org.mongodb.driver.cluster - Checking status of localhost:27017
2026-04-15 23:06:33.339 [cluster-ClusterId{value='69dfa325a88562ec101c348a', description='null'}-localhost:27017] DEBUG org.mongodb.driver.cluster - Updating cluster description to  {type=STANDALONE, servers=[{address=localhost:27017, type=STANDALONE, roundTripTime=0.6 ms, state=CONNECTED}]
2026-04-15 23:06:33.339 [cluster-ClusterId{value='69dfa325a88562ec101c348a', description='null'}-localhost:27017] DEBUG org.mongodb.driver.cluster - Checking status of localhost:27017
2026-04-15 23:06:34.969 [HikariPool-1:housekeeper] DEBUG com.zaxxer.hikari.pool.HikariPool - HikariPool-1 - keepalive: connection com.mysql.cj.jdbc.ConnectionImpl@35f7bd26 is alive
2026-04-15 23:06:38.314 [HikariPool-1:housekeeper] DEBUG com.zaxxer.hikari.pool.HikariPool - HikariPool-1 - Pool stats (total=10/10, idle=10/10, active=0, waiting=0)
2026-04-15 23:06:38.314 [HikariPool-1:housekeeper] DEBUG com.zaxxer.hikari.pool.HikariPool - HikariPool-1 - Fill pool skipped, pool has sufficient level or currently being filled.
2026-04-15 23:06:43.340 [cluster-ClusterId{value='69dfa325a88562ec101c348a', description='null'}-localhost:27017] DEBUG org.mongodb.driver.cluster - Updating cluster description to  {type=STANDALONE, servers=[{address=localhost:27017, type=STANDALONE, roundTripTime=0.6 ms, state=CONNECTED}]
2026-04-15 23:06:43.340 [cluster-ClusterId{value='69dfa325a88562ec101c348a', description='null'}-localhost:27017] DEBUG org.mongodb.driver.cluster - Checking status of localhost:27017
2026-04-15 23:06:53.047 [HikariPool-1:housekeeper] DEBUG com.zaxxer.hikari.pool.HikariPool - HikariPool-1 - keepalive: connection com.mysql.cj.jdbc.ConnectionImpl@59ca27bd is alive
2026-04-15 23:06:53.340 [cluster-ClusterId{value='69dfa325a88562ec101c348a', description='null'}-localhost:27017] DEBUG org.mongodb.driver.cluster - Updating cluster description to  {type=STANDALONE, servers=[{address=localhost:27017, type=STANDALONE, roundTripTime=0.6 ms, state=CONNECTED}]
2026-04-15 23:06:53.340 [cluster-ClusterId{value='69dfa325a88562ec101c348a', description='null'}-localhost:27017] DEBUG org.mongodb.driver.cluster - Checking status of localhost:27017
2026-04-15 23:07:00.898 [HikariPool-1:housekeeper] DEBUG com.zaxxer.hikari.pool.HikariPool - HikariPool-1 - keepalive: connection com.mysql.cj.jdbc.ConnectionImpl@6b79ea1d is alive
2026-04-15 23:07:03.340 [cluster-ClusterId{value='69dfa325a88562ec101c348a', description='null'}-localhost:27017] DEBUG org.mongodb.driver.cluster - Updating cluster description to  {type=STANDALONE, servers=[{address=localhost:27017, type=STANDALONE, roundTripTime=0.6 ms, state=CONNECTED}]
2026-04-15 23:07:03.340 [cluster-ClusterId{value='69dfa325a88562ec101c348a', description='null'}-localhost:27017] DEBUG org.mongodb.driver.cluster - Checking status of localhost:27017
2026-04-15 23:07:08.328 [HikariPool-1:housekeeper] DEBUG com.zaxxer.hikari.pool.HikariPool - HikariPool-1 - Pool stats (total=10/10, idle=10/10, active=0, waiting=0)
2026-04-15 23:07:08.328 [HikariPool-1:housekeeper] DEBUG com.zaxxer.hikari.pool.HikariPool - HikariPool-1 - Fill pool skipped, pool has sufficient level or currently being filled.
2026-04-15 23:07:13.340 [cluster-ClusterId{value='69dfa325a88562ec101c348a', description='null'}-localhost:27017] DEBUG org.mongodb.driver.cluster - Updating cluster description to  {type=STANDALONE, servers=[{address=localhost:27017, type=STANDALONE, roundTripTime=0.9 ms, state=CONNECTED}]
2026-04-15 23:07:13.340 [cluster-ClusterId{value='69dfa325a88562ec101c348a', description='null'}-localhost:27017] DEBUG org.mongodb.driver.cluster - Checking status of localhost:27017
2026-04-15 23:07:19.669 [HikariPool-1:connection-closer] DEBUG com.zaxxer.hikari.pool.PoolBase - HikariPool-1 - Closing connection com.mysql.cj.jdbc.ConnectionImpl@6b79ea1d: (connection has passed maxLifetime)
2026-04-15 23:07:19.670 [HikariPool-1:connection-adder] DEBUG com.zaxxer.hikari.pool.PoolBase - HikariPool-1 - Attempting to create/setup new connection (1483ee01-c64e-42ad-94ee-f0992d834886)
2026-04-15 23:07:19.684 [HikariPool-1:connection-adder] DEBUG com.zaxxer.hikari.pool.PoolBase - HikariPool-1 - Established new connection (1483ee01-c64e-42ad-94ee-f0992d834886)
2026-04-15 23:07:19.684 [HikariPool-1:connection-adder] DEBUG com.zaxxer.hikari.pool.HikariPool - HikariPool-1 - Added connection com.mysql.cj.jdbc.ConnectionImpl@54a16ea5
2026-04-15 23:07:23.341 [cluster-ClusterId{value='69dfa325a88562ec101c348a', description='null'}-localhost:27017] DEBUG org.mongodb.driver.cluster - Updating cluster description to  {type=STANDALONE, servers=[{address=localhost:27017, type=STANDALONE, roundTripTime=0.8 ms, state=CONNECTED}]
2026-04-15 23:07:23.341 [cluster-ClusterId{value='69dfa325a88562ec101c348a', description='null'}-localhost:27017] DEBUG org.mongodb.driver.cluster - Checking status of localhost:27017
2026-04-15 23:07:33.343 [cluster-ClusterId{value='69dfa325a88562ec101c348a', description='null'}-localhost:27017] DEBUG org.mongodb.driver.cluster - Updating cluster description to  {type=STANDALONE, servers=[{address=localhost:27017, type=STANDALONE, roundTripTime=0.8 ms, state=CONNECTED}]
2026-04-15 23:07:33.343 [cluster-ClusterId{value='69dfa325a88562ec101c348a', description='null'}-localhost:27017] DEBUG org.mongodb.driver.cluster - Checking status of localhost:27017
2026-04-15 23:07:38.332 [HikariPool-1:housekeeper] DEBUG com.zaxxer.hikari.pool.HikariPool - HikariPool-1 - Pool stats (total=10/10, idle=10/10, active=0, waiting=0)
2026-04-15 23:07:38.332 [HikariPool-1:housekeeper] DEBUG com.zaxxer.hikari.pool.HikariPool - HikariPool-1 - Fill pool skipped, pool has sufficient level or currently being filled.
2026-04-15 23:07:42.355 [HikariPool-1:housekeeper] DEBUG com.zaxxer.hikari.pool.HikariPool - HikariPool-1 - keepalive: connection com.mysql.cj.jdbc.ConnectionImpl@35e71038 is alive
2026-04-15 23:07:43.344 [cluster-ClusterId{value='69dfa325a88562ec101c348a', description='null'}-localhost:27017] DEBUG org.mongodb.driver.cluster - Updating cluster description to  {type=STANDALONE, servers=[{address=localhost:27017, type=STANDALONE, roundTripTime=0.8 ms, state=CONNECTED}]
2026-04-15 23:07:43.344 [cluster-ClusterId{value='69dfa325a88562ec101c348a', description='null'}-localhost:27017] DEBUG org.mongodb.driver.cluster - Checking status of localhost:27017
2026-04-15 23:07:45.087 [HikariPool-1:connection-closer] DEBUG com.zaxxer.hikari.pool.PoolBase - HikariPool-1 - Closing connection com.mysql.cj.jdbc.ConnectionImpl@3cf0e9b6: (connection has passed maxLifetime)
2026-04-15 23:07:45.088 [HikariPool-1:connection-adder] DEBUG com.zaxxer.hikari.pool.PoolBase - HikariPool-1 - Attempting to create/setup new connection (607f64d6-3386-49ac-ba93-a27c6cac9407)
2026-04-15 23:07:45.103 [HikariPool-1:connection-adder] DEBUG com.zaxxer.hikari.pool.PoolBase - HikariPool-1 - Established new connection (607f64d6-3386-49ac-ba93-a27c6cac9407)
2026-04-15 23:07:45.103 [HikariPool-1:connection-adder] DEBUG com.zaxxer.hikari.pool.HikariPool - HikariPool-1 - Added connection com.mysql.cj.jdbc.ConnectionImpl@721abb56
2026-04-15 23:07:47.839 [HikariPool-1:connection-closer] DEBUG com.zaxxer.hikari.pool.PoolBase - HikariPool-1 - Closing connection com.mysql.cj.jdbc.ConnectionImpl@5f5011b2: (connection has passed maxLifetime)
2026-04-15 23:07:47.839 [HikariPool-1:connection-adder] DEBUG com.zaxxer.hikari.pool.PoolBase - HikariPool-1 - Attempting to create/setup new connection (f55db0ac-dbc2-4258-88ec-39fb25b3e20b)
2026-04-15 23:07:47.856 [HikariPool-1:connection-adder] DEBUG com.zaxxer.hikari.pool.PoolBase - HikariPool-1 - Established new connection (f55db0ac-dbc2-4258-88ec-39fb25b3e20b)
2026-04-15 23:07:47.856 [HikariPool-1:connection-adder] DEBUG com.zaxxer.hikari.pool.HikariPool - HikariPool-1 - Added connection com.mysql.cj.jdbc.ConnectionImpl@5bee45c9
2026-04-15 23:07:52.312 [HikariPool-1:housekeeper] DEBUG com.zaxxer.hikari.pool.HikariPool - HikariPool-1 - keepalive: connection com.mysql.cj.jdbc.ConnectionImpl@7edfde22 is alive
2026-04-15 23:07:53.345 [cluster-ClusterId{value='69dfa325a88562ec101c348a', description='null'}-localhost:27017] DEBUG org.mongodb.driver.cluster - Updating cluster description to  {type=STANDALONE, servers=[{address=localhost:27017, type=STANDALONE, roundTripTime=0.7 ms, state=CONNECTED}]
2026-04-15 23:07:53.345 [cluster-ClusterId{value='69dfa325a88562ec101c348a', description='null'}-localhost:27017] DEBUG org.mongodb.driver.cluster - Checking status of localhost:27017
2026-04-15 23:07:53.392 [HikariPool-1:housekeeper] DEBUG com.zaxxer.hikari.pool.HikariPool - HikariPool-1 - keepalive: connection com.mysql.cj.jdbc.ConnectionImpl@17ff16b4 is alive
2026-04-15 23:07:56.674 [HikariPool-1:housekeeper] DEBUG com.zaxxer.hikari.pool.HikariPool - HikariPool-1 - keepalive: connection com.mysql.cj.jdbc.ConnectionImpl@6793b824 is alive
2026-04-15 23:07:59.232 [HikariPool-1:housekeeper] DEBUG com.zaxxer.hikari.pool.HikariPool - HikariPool-1 - keepalive: connection com.mysql.cj.jdbc.ConnectionImpl@1057c3c4 is alive
2026-04-15 23:08:03.346 [cluster-ClusterId{value='69dfa325a88562ec101c348a', description='null'}-localhost:27017] DEBUG org.mongodb.driver.cluster - Updating cluster description to  {type=STANDALONE, servers=[{address=localhost:27017, type=STANDALONE, roundTripTime=0.7 ms, state=CONNECTED}]
2026-04-15 23:08:03.346 [cluster-ClusterId{value='69dfa325a88562ec101c348a', description='null'}-localhost:27017] DEBUG org.mongodb.driver.cluster - Checking status of localhost:27017
2026-04-15 23:08:08.340 [HikariPool-1:housekeeper] DEBUG com.zaxxer.hikari.pool.HikariPool - HikariPool-1 - Pool stats (total=10/10, idle=10/10, active=0, waiting=0)
2026-04-15 23:08:08.340 [HikariPool-1:housekeeper] DEBUG com.zaxxer.hikari.pool.HikariPool - HikariPool-1 - Fill pool skipped, pool has sufficient level or currently being filled.
2026-04-15 23:08:13.348 [cluster-ClusterId{value='69dfa325a88562ec101c348a', description='null'}-localhost:27017] DEBUG org.mongodb.driver.cluster - Updating cluster description to  {type=STANDALONE, servers=[{address=localhost:27017, type=STANDALONE, roundTripTime=0.7 ms, state=CONNECTED}]
2026-04-15 23:08:13.348 [cluster-ClusterId{value='69dfa325a88562ec101c348a', description='null'}-localhost:27017] DEBUG org.mongodb.driver.cluster - Checking status of localhost:27017
2026-04-15 23:08:14.356 [HikariPool-1:connection-closer] DEBUG com.zaxxer.hikari.pool.PoolBase - HikariPool-1 - Closing connection com.mysql.cj.jdbc.ConnectionImpl@6793b824: (connection has passed maxLifetime)
2026-04-15 23:08:14.357 [HikariPool-1:connection-adder] DEBUG com.zaxxer.hikari.pool.PoolBase - HikariPool-1 - Attempting to create/setup new connection (acab23ab-009d-434e-b81a-000573ba1f9f)
2026-04-15 23:08:14.367 [HikariPool-1:connection-adder] DEBUG com.zaxxer.hikari.pool.PoolBase - HikariPool-1 - Established new connection (acab23ab-009d-434e-b81a-000573ba1f9f)
2026-04-15 23:08:14.367 [HikariPool-1:connection-adder] DEBUG com.zaxxer.hikari.pool.HikariPool - HikariPool-1 - Added connection com.mysql.cj.jdbc.ConnectionImpl@3ef5af63
2026-04-15 23:08:14.512 [HikariPool-1:housekeeper] DEBUG com.zaxxer.hikari.pool.HikariPool - HikariPool-1 - keepalive: connection com.mysql.cj.jdbc.ConnectionImpl@35f7bd26 is alive
2026-04-15 23:08:23.349 [cluster-ClusterId{value='69dfa325a88562ec101c348a', description='null'}-localhost:27017] DEBUG org.mongodb.driver.cluster - Updating cluster description to  {type=STANDALONE, servers=[{address=localhost:27017, type=STANDALONE, roundTripTime=0.6 ms, state=CONNECTED}]
2026-04-15 23:08:23.349 [cluster-ClusterId{value='69dfa325a88562ec101c348a', description='null'}-localhost:27017] DEBUG org.mongodb.driver.cluster - Checking status of localhost:27017
2026-04-15 23:08:33.350 [cluster-ClusterId{value='69dfa325a88562ec101c348a', description='null'}-localhost:27017] DEBUG org.mongodb.driver.cluster - Updating cluster description to  {type=STANDALONE, servers=[{address=localhost:27017, type=STANDALONE, roundTripTime=0.6 ms, state=CONNECTED}]
2026-04-15 23:08:33.351 [cluster-ClusterId{value='69dfa325a88562ec101c348a', description='null'}-localhost:27017] DEBUG org.mongodb.driver.cluster - Checking status of localhost:27017
2026-04-15 23:08:35.446 [HikariPool-1:connection-closer] DEBUG com.zaxxer.hikari.pool.PoolBase - HikariPool-1 - Closing connection com.mysql.cj.jdbc.ConnectionImpl@1057c3c4: (connection has passed maxLifetime)
2026-04-15 23:08:35.447 [HikariPool-1:connection-adder] DEBUG com.zaxxer.hikari.pool.PoolBase - HikariPool-1 - Attempting to create/setup new connection (b8c8561f-5edf-45ab-b18f-a1452f7cc233)
2026-04-15 23:08:35.455 [HikariPool-1:connection-adder] DEBUG com.zaxxer.hikari.pool.PoolBase - HikariPool-1 - Established new connection (b8c8561f-5edf-45ab-b18f-a1452f7cc233)
2026-04-15 23:08:35.455 [HikariPool-1:connection-adder] DEBUG com.zaxxer.hikari.pool.HikariPool - HikariPool-1 - Added connection com.mysql.cj.jdbc.ConnectionImpl@360777de
2026-04-15 23:08:37.503 [SpringApplicationShutdownHook] DEBUG o.s.boot.availability.ApplicationAvailabilityBean - Application availability state ReadinessState changed from ACCEPTING_TRAFFIC to REFUSING_TRAFFIC
2026-04-15 23:08:37.505 [SpringApplicationShutdownHook] DEBUG o.s.b.w.s.c.AnnotationConfigServletWebServerApplicationContext - Closing org.springframework.boot.web.servlet.context.AnnotationConfigServletWebServerApplicationContext@294bdeb4, started on Wed Apr 15 22:39:30 GMT+08:00 2026
2026-04-15 23:08:37.507 [SpringApplicationShutdownHook] DEBUG o.s.context.support.DefaultLifecycleProcessor - Stopping beans in phase 2147482623
2026-04-15 23:08:37.702 [SpringApplicationShutdownHook] DEBUG o.s.context.support.DefaultLifecycleProcessor - Stopping beans in phase 2147481599
2026-04-15 23:08:37.703 [tomcat-shutdown] DEBUG o.s.context.support.DefaultLifecycleProcessor - Bean 'webServerGracefulShutdown' completed its stop procedure
2026-04-15 23:08:37.707 [SpringApplicationShutdownHook] DEBUG o.s.context.support.DefaultLifecycleProcessor - Bean 'webServerStartStop' completed its stop procedure
2026-04-15 23:08:37.707 [SpringApplicationShutdownHook] DEBUG o.s.context.support.DefaultLifecycleProcessor - Stopping beans in phase 1073741823
2026-04-15 23:08:37.707 [SpringApplicationShutdownHook] DEBUG o.s.context.support.DefaultLifecycleProcessor - Bean 'applicationTaskExecutor' completed its stop procedure
2026-04-15 23:08:37.707 [SpringApplicationShutdownHook] DEBUG o.s.context.support.DefaultLifecycleProcessor - Bean 'taskScheduler' completed its stop procedure
2026-04-15 23:08:37.707 [SpringApplicationShutdownHook] DEBUG o.s.context.support.DefaultLifecycleProcessor - Stopping beans in phase 1
2026-04-15 23:08:37.707 [SpringApplicationShutdownHook] DEBUG o.s.context.support.DefaultLifecycleProcessor - Bean 'clientHttpConnector' completed its stop procedure
2026-04-15 23:08:37.707 [SpringApplicationShutdownHook] DEBUG o.s.context.support.DefaultLifecycleProcessor - Stopping beans in phase 0
2026-04-15 23:08:38.345 [HikariPool-1:housekeeper] DEBUG com.zaxxer.hikari.pool.HikariPool - HikariPool-1 - Pool stats (total=10/10, idle=10/10, active=0, waiting=0)
2026-04-15 23:08:38.345 [HikariPool-1:housekeeper] DEBUG com.zaxxer.hikari.pool.HikariPool - HikariPool-1 - Fill pool skipped, pool has sufficient level or currently being filled.
2026-04-15 23:08:38.733 [HikariPool-1:housekeeper] DEBUG com.zaxxer.hikari.pool.HikariPool - HikariPool-1 - keepalive: connection com.mysql.cj.jdbc.ConnectionImpl@59ca27bd is alive
2026-04-15 23:08:39.821 [SpringApplicationShutdownHook] DEBUG o.s.context.support.DefaultLifecycleProcessor - Bean 'reactorResourceFactory' completed its stop procedure
2026-04-15 23:08:39.821 [SpringApplicationShutdownHook] DEBUG o.s.context.support.DefaultLifecycleProcessor - Stopping beans in phase -2147483647
2026-04-15 23:08:39.821 [SpringApplicationShutdownHook] DEBUG o.s.context.support.DefaultLifecycleProcessor - Bean 'springBootLoggingLifecycle' completed its stop procedure
2026-04-15 23:08:39.823 [SpringApplicationShutdownHook] DEBUG o.s.scheduling.concurrent.ThreadPoolTaskScheduler - Shutting down ExecutorService 'taskScheduler'
2026-04-15 23:08:39.824 [SpringApplicationShutdownHook] DEBUG o.s.boot.actuate.endpoint.jmx.JmxEndpointExporter - Unregister endpoint with ObjectName 'org.springframework.boot:type=Endpoint,name=Nacosconfig' from the JMX domain
2026-04-15 23:08:39.825 [SpringApplicationShutdownHook] DEBUG o.s.boot.actuate.endpoint.jmx.JmxEndpointExporter - Unregister endpoint with ObjectName 'org.springframework.boot:type=Endpoint,name=Beans' from the JMX domain
2026-04-15 23:08:39.825 [SpringApplicationShutdownHook] DEBUG o.s.boot.actuate.endpoint.jmx.JmxEndpointExporter - Unregister endpoint with ObjectName 'org.springframework.boot:type=Endpoint,name=Caches' from the JMX domain
2026-04-15 23:08:39.825 [SpringApplicationShutdownHook] DEBUG o.s.boot.actuate.endpoint.jmx.JmxEndpointExporter - Unregister endpoint with ObjectName 'org.springframework.boot:type=Endpoint,name=Health' from the JMX domain
2026-04-15 23:08:39.825 [SpringApplicationShutdownHook] DEBUG o.s.boot.actuate.endpoint.jmx.JmxEndpointExporter - Unregister endpoint with ObjectName 'org.springframework.boot:type=Endpoint,name=Info' from the JMX domain
2026-04-15 23:08:39.825 [SpringApplicationShutdownHook] DEBUG o.s.boot.actuate.endpoint.jmx.JmxEndpointExporter - Unregister endpoint with ObjectName 'org.springframework.boot:type=Endpoint,name=Conditions' from the JMX domain
2026-04-15 23:08:39.825 [SpringApplicationShutdownHook] DEBUG o.s.boot.actuate.endpoint.jmx.JmxEndpointExporter - Unregister endpoint with ObjectName 'org.springframework.boot:type=Endpoint,name=Configprops' from the JMX domain
2026-04-15 23:08:39.825 [SpringApplicationShutdownHook] DEBUG o.s.boot.actuate.endpoint.jmx.JmxEndpointExporter - Unregister endpoint with ObjectName 'org.springframework.boot:type=Endpoint,name=Env' from the JMX domain
2026-04-15 23:08:39.825 [SpringApplicationShutdownHook] DEBUG o.s.boot.actuate.endpoint.jmx.JmxEndpointExporter - Unregister endpoint with ObjectName 'org.springframework.boot:type=Endpoint,name=Loggers' from the JMX domain
2026-04-15 23:08:39.825 [SpringApplicationShutdownHook] DEBUG o.s.boot.actuate.endpoint.jmx.JmxEndpointExporter - Unregister endpoint with ObjectName 'org.springframework.boot:type=Endpoint,name=Threaddump' from the JMX domain
2026-04-15 23:08:39.825 [SpringApplicationShutdownHook] DEBUG o.s.boot.actuate.endpoint.jmx.JmxEndpointExporter - Unregister endpoint with ObjectName 'org.springframework.boot:type=Endpoint,name=Metrics' from the JMX domain
2026-04-15 23:08:39.825 [SpringApplicationShutdownHook] DEBUG o.s.boot.actuate.endpoint.jmx.JmxEndpointExporter - Unregister endpoint with ObjectName 'org.springframework.boot:type=Endpoint,name=Sbom' from the JMX domain
2026-04-15 23:08:39.825 [SpringApplicationShutdownHook] DEBUG o.s.boot.actuate.endpoint.jmx.JmxEndpointExporter - Unregister endpoint with ObjectName 'org.springframework.boot:type=Endpoint,name=Scheduledtasks' from the JMX domain
2026-04-15 23:08:39.825 [SpringApplicationShutdownHook] DEBUG o.s.boot.actuate.endpoint.jmx.JmxEndpointExporter - Unregister endpoint with ObjectName 'org.springframework.boot:type=Endpoint,name=Mappings' from the JMX domain
2026-04-15 23:08:39.826 [SpringApplicationShutdownHook] DEBUG o.s.jmx.export.annotation.AnnotationMBeanExporter - Unregistering JMX-exposed beans on shutdown
2026-04-15 23:08:39.826 [SpringApplicationShutdownHook] DEBUG o.s.jmx.export.annotation.AnnotationMBeanExporter - Unregistering JMX-exposed beans
2026-04-15 23:08:39.828 [SpringApplicationShutdownHook] DEBUG org.mongodb.driver.cluster - Server selection started for operation with ID 1. Selector: ReadPreferenceServerSelector{readPreference=ReadPreference{name=primaryPreferred, hedgeOptions=null}}, topology description: {type=STANDALONE, servers=[{address=localhost:27017, type=STANDALONE, roundTripTime=0.6 ms, state=CONNECTED}]
2026-04-15 23:08:39.828 [SpringApplicationShutdownHook] DEBUG org.mongodb.driver.cluster - Server selection succeeded for operation with ID 1. Selected server: localhost:27017. Selector: ReadPreferenceServerSelector{readPreference=ReadPreference{name=primaryPreferred, hedgeOptions=null}}, topology description: {type=STANDALONE, servers=[{address=localhost:27017, type=STANDALONE, roundTripTime=0.6 ms, state=CONNECTED}]
2026-04-15 23:08:39.828 [SpringApplicationShutdownHook] DEBUG org.mongodb.driver.connection - Checkout started for connection to localhost:27017
2026-04-15 23:08:39.828 [SpringApplicationShutdownHook] DEBUG org.mongodb.driver.connection - Connection checked out: address=localhost:27017, driver-generated ID=3, duration=0 ms
2026-04-15 23:08:39.829 [SpringApplicationShutdownHook] DEBUG org.mongodb.driver.protocol.command - Command "endSessions" started on database "admin" using a connection with driver-generated ID 3 and server-generated ID 107 to localhost:27017. The request ID is 180 and the operation ID is 1. Command: {"endSessions": [{"id": {"$binary": {"base64": "1oi2C8nZSZC/4zsW0bEWdg==", "subType": "04"}}}], "$db": "admin", "$readPreference": {"mode": "primaryPreferred"}}
2026-04-15 23:08:39.832 [SpringApplicationShutdownHook] DEBUG org.mongodb.driver.protocol.command - Command "endSessions" succeeded on database "admin" in 3.292 ms using a connection with driver-generated ID 3 and server-generated ID 107 to localhost:27017. The request ID is 180 and the operation ID is 1. Command reply: {"ok": 1.0}
2026-04-15 23:08:39.832 [SpringApplicationShutdownHook] DEBUG org.mongodb.driver.connection - Connection checked in: address=localhost:27017, driver-generated ID=3
2026-04-15 23:08:39.834 [SpringApplicationShutdownHook] DEBUG org.mongodb.driver.connection - Connection closed: address=localhost:27017, driver-generated ID=3. Reason: Connection pool was closed.
2026-04-15 23:08:39.835 [SpringApplicationShutdownHook] DEBUG org.mongodb.driver.connection - Connection pool closed for localhost:27017
2026-04-15 23:08:39.837 [SpringApplicationShutdownHook] DEBUG com.zaxxer.hikari.pool.HikariPool - HikariPool-1 - Before shutdown stats (total=10/10, idle=10/10, active=0, waiting=0)
2026-04-15 23:08:39.837 [HikariPool-1:connection-closer] DEBUG com.zaxxer.hikari.pool.PoolBase - HikariPool-1 - Closing connection com.mysql.cj.jdbc.ConnectionImpl@35e71038: (connection evicted)
2026-04-15 23:08:39.838 [HikariPool-1:connection-closer] DEBUG com.zaxxer.hikari.pool.PoolBase - HikariPool-1 - Closing connection com.mysql.cj.jdbc.ConnectionImpl@35f7bd26: (connection evicted)
2026-04-15 23:08:39.838 [HikariPool-1:connection-closer] DEBUG com.zaxxer.hikari.pool.PoolBase - HikariPool-1 - Closing connection com.mysql.cj.jdbc.ConnectionImpl@59ca27bd: (connection evicted)
2026-04-15 23:08:39.839 [HikariPool-1:connection-closer] DEBUG com.zaxxer.hikari.pool.PoolBase - HikariPool-1 - Closing connection com.mysql.cj.jdbc.ConnectionImpl@7edfde22: (connection evicted)
2026-04-15 23:08:39.839 [HikariPool-1:connection-closer] DEBUG com.zaxxer.hikari.pool.PoolBase - HikariPool-1 - Closing connection com.mysql.cj.jdbc.ConnectionImpl@17ff16b4: (connection evicted)
2026-04-15 23:08:39.839 [HikariPool-1:connection-closer] DEBUG com.zaxxer.hikari.pool.PoolBase - HikariPool-1 - Closing connection com.mysql.cj.jdbc.ConnectionImpl@54a16ea5: (connection evicted)
2026-04-15 23:08:39.839 [HikariPool-1:connection-closer] DEBUG com.zaxxer.hikari.pool.PoolBase - HikariPool-1 - Closing connection com.mysql.cj.jdbc.ConnectionImpl@721abb56: (connection evicted)
2026-04-15 23:08:39.839 [HikariPool-1:connection-closer] DEBUG com.zaxxer.hikari.pool.PoolBase - HikariPool-1 - Closing connection com.mysql.cj.jdbc.ConnectionImpl@5bee45c9: (connection evicted)
2026-04-15 23:08:39.840 [HikariPool-1:connection-closer] DEBUG com.zaxxer.hikari.pool.PoolBase - HikariPool-1 - Closing connection com.mysql.cj.jdbc.ConnectionImpl@3ef5af63: (connection evicted)
2026-04-15 23:08:39.840 [HikariPool-1:connection-closer] DEBUG com.zaxxer.hikari.pool.PoolBase - HikariPool-1 - Closing connection com.mysql.cj.jdbc.ConnectionImpl@360777de: (connection evicted)
2026-04-15 23:08:39.840 [SpringApplicationShutdownHook] DEBUG com.zaxxer.hikari.pool.HikariPool - HikariPool-1 - After  shutdown stats (total=0/10, idle=0/10, active=0, waiting=0)
2026-04-15 23:08:39.840 [SpringApplicationShutdownHook] DEBUG o.s.scheduling.concurrent.ThreadPoolTaskExecutor - Shutting down ExecutorService 'applicationTaskExecutor'
2026-04-15 23:08:39.842 [SpringApplicationShutdownHook] DEBUG o.s.beans.factory.support.DisposableBeanAdapter - Custom destroy method 'close' on bean with name 'simpleMeterRegistry' completed
